date,elevation,temperature_2m_max,temperature_2m_min,temperature_2m_mean,apparent_temperature_max,apparent_temperature_min,apparent_temperature_mean,daylight_duration,sunshine_duration,precipitation_sum,rain_sum,precipitation_hours,wind_speed_10m_max,wind_gusts_10m_max,wind_direction_10m_dominant,shortwave_radiation_sum,et0_fao_evapotranspiration,cumulative_temperature_2m_mean,cumulative_apparent_temperature_mean,cumulative_daylight_duration,cumulative_sunshine_duration,cumulative_precipitation_sum,cumulative_rain_sum,cumulative_precipitation_hours,cumulative_shortwave_radiation_sum,cumulative_et0_fao_evapotranspiration,day
2025-01-01 16:00:00+00:00,499.0,28.362,17.462,22.59117,28.900826,18.28733,23.205057,41026.85,38348.293,0.0,0.0,0.0,13.493999,34.2,25.498438,20.8,4.4748445,22.59117,23.205057,41026.85,38348.293,0.0,0.0,0.0,20.8,4.4748445,1
2025-01-02 16:00:00+00:00,499.0,28.012,17.962,22.647417,28.566795,18.210033,22.951746,41038.504,38361.766,0.0,0.0,0.0,14.98331,39.96,22.887203,20.15,4.469334,45.238586,46.156803,82065.36,76710.06,0.0,0.0,0.0,40.949997,8.944179,2
2025-01-03 16:00:00+00:00,499.0,28.262,18.612,23.091166,29.283184,19.293327,23.740805,41051.016,38376.188,0.0,0.0,0.0,14.083778,38.88,34.496582,20.4,4.445365,68.32975,69.897606,123116.375,115086.25,0.0,0.0,0.0,61.35,13.389544,3
2025-01-04 16:00:00+00:00,499.0,27.062,18.762,22.549498,26.788017,18.82168,22.55044,41064.375,38391.547,0.0,0.0,0.0,16.299694,42.12,29.814995,20.02,4.505291,90.87925,92.448044,164180.75,153477.8,0.0,0.0,0.0,81.369995,17.894835,4
2025-01-05 16:00:00+00:00,499.0,27.612,17.562,22.266167,27.794216,17.106277,21.980253,41078.566,38407.836,0.0,0.0,0.0,13.239486,37.079998,32.299816,20.79,4.5908875,113.14542,114.4283,205259.31,191885.62,0.0,0.0,0.0,102.159996,22.485722,5
2025-01-06 16:00:00+00:00,499.0,28.662,17.462,22.534918,29.640106,17.645155,22.919863,41093.586,38425.14,0.0,0.0,0.0,10.6261,30.599998,34.960163,20.74,4.4333344,135.68033,137.34816,246352.9,230310.77,0.0,0.0,0.0,122.899994,26.919056,6
2025-01-07 16:00:00+00:00,499.0,29.512,18.912,23.622416,30.837387,19.377235,24.546152,41109.582,38443.855,0.0,0.0,0.0,10.316686,28.44,56.536293,20.43,4.4219112,159.30275,161.89432,287462.5,268754.62,0.0,0.0,0.0,143.32999,31.340967,7
2025-01-08 16:00:00+00:00,499.0,29.012,19.212,23.578669,29.927856,19.970457,24.530142,41126.617,38463.74,0.0,0.0,0.0,14.019216,37.079998,55.633736,18.64,4.2437534,182.88142,186.42445,328589.12,307218.38,0.0,0.0,0.0,161.96999,35.58472,8
2025-01-09 16:00:00+00:00,499.0,26.762,19.162,22.82033,27.011084,20.009697,23.167671,41144.645,38484.74,0.0,0.0,0.0,19.087639,48.96,38.886784,19.84,4.385276,205.70175,209.59213,369733.78,345703.12,0.0,0.0,0.0,181.80998,39.969997,9
2025-01-10 16:00:00+00:00,499.0,24.912,18.512,21.64325,24.301754,18.304914,21.263618,41163.633,38506.812,0.0,0.0,0.0,21.313093,55.079998,46.538437,18.94,4.233324,227.345,230.85574,410897.4,384209.94,0.0,0.0,0.0,200.74998,44.203323,10
2025-01-11 16:00:00+00:00,499.0,23.862,16.662,20.232832,22.910547,14.739286,18.708998,41183.547,38529.926,0.0,0.0,0.0,20.05203,50.399998,34.96063,19.36,4.5252476,247.57784,249.56474,452080.94,422739.88,0.0,0.0,0.0,220.10999,48.72857,11
2025-01-12 16:00:00+00:00,499.0,25.412,15.662,20.036999,24.72754,13.673759,18.60919,41204.35,38554.02,0.0,0.0,0.0,14.275713,39.239998,24.314999,21.25,4.762481,267.61484,268.17392,493285.28,461293.9,0.0,0.0,0.0,241.35999,53.49105,12
2025-01-13 16:00:00+00:00,499.0,26.462,15.312,20.482832,26.215408,14.226713,19.742138,41226.004,38579.05,0.0,0.0,0.0,13.577776,34.2,18.217184,20.15,4.4205065,288.09766,287.91605,534511.3,499872.97,0.0,0.0,0.0,261.50998,57.911556,13
2025-01-14 16:00:00+00:00,499.0,27.662,15.8619995,21.672417,27.755558,14.966612,21.290545,41248.473,38604.97,0.0,0.0,0.0,16.981165,43.56,17.220469,21.45,4.779845,309.77008,309.2066,575759.8,538477.94,0.0,0.0,0.0,282.96,62.691402,14
2025-01-15 16:00:00+00:00,499.0,26.962,20.462,23.189085,27.581448,20.838745,23.626516,41271.715,38631.742,0.0,0.0,0.0,18.42166,47.519997,36.87755,17.95,4.175503,332.95917,332.83313,617031.5,577109.7,0.0,0.0,0.0,300.91,66.866905,15
2025-01-16 16:00:00+00:00,499.0,27.012,19.212,22.828667,27.772503,19.527174,23.147032,41295.7,38659.32,0.0,0.0,0.0,17.437717,45.36,39.66623,20.94,4.595872,355.78784,355.98016,658327.2,615769.0,0.0,0.0,0.0,321.85,71.462776,16
2025-01-17 16:00:00+00:00,499.0,28.762,17.462,22.7245,29.596954,17.519827,23.05691,41320.39,38687.65,0.0,0.0,0.0,11.989946,33.48,25.88784,21.69,4.706808,378.51233,379.03708,699647.56,654456.6,0.0,0.0,0.0,343.54,76.169586,17
2025-01-18 16:00:00+00:00,499.0,28.962,17.012,22.495337,29.504128,17.101942,22.65615,41345.75,38716.695,0.0,0.0,0.0,11.207801,32.399998,23.59884,21.81,4.7170863,401.00766,401.69324,740993.3,693173.3,0.0,0.0,0.0,365.35,80.88667,18
2025-01-19 16:00:00+00:00,499.0,29.762,17.312,22.780746,30.989223,17.230167,23.398531,41371.75,38746.4,0.0,0.0,0.0,9.178235,25.199999,25.65321,21.34,4.548009,423.7884,425.09177,782365.06,731919.7,0.0,0.0,0.0,386.69,85.434685,19
2025-01-20 16:00:00+00:00,499.0,29.762,17.912,23.064081,30.808556,18.259346,23.898598,41398.344,38776.734,0.0,0.0,0.0,9.473541,26.64,54.948765,22.06,4.6768656,446.85248,448.99036,823763.4,770696.44,0.0,0.0,0.0,408.75,90.11155,20
2025-01-21 16:00:00+00:00,499.0,30.062,18.112,23.178667,30.712162,18.801,23.713112,41425.508,38807.656,0.0,0.0,0.0,10.644379,28.44,72.78615,21.86,4.6954427,470.03116,472.70346,865188.9,809504.1,0.0,0.0,0.0,430.61,94.80699,21
2025-01-22 16:00:00+00:00,499.0,29.412,16.562,22.662,29.011478,16.909458,22.85898,41453.203,35483.36,0.0,0.0,0.0,8.641874,23.039999,70.09143,18.03,4.042975,492.69315,495.56244,906642.06,844987.5,0.0,0.0,0.0,448.63998,98.84997,22
2025-01-23 16:00:00+00:00,499.0,32.062,18.362,24.372416,34.08134,18.97506,25.66165,41481.39,38871.066,0.0,0.0,0.0,10.134496,23.759998,108.5004,20.88,4.5796504,517.06555,521.22406,948123.44,883858.56,0.0,0.0,0.0,469.52,103.42962,23
2025-01-24 16:00:00+00:00,499.0,32.362,18.962,25.089083,34.649097,20.639286,27.150915,41510.047,38903.484,0.0,0.0,0.0,10.706595,24.119999,115.70982,20.21,4.45422,542.15466,548.375,989633.5,922762.06,0.0,0.0,0.0,489.72998,107.883835,24
2025-01-25 16:00:00+00:00,499.0,32.062,19.812,25.328667,33.756042,22.515213,27.425964,41539.13,38936.316,0.0,0.0,0.0,13.363711,31.319998,88.736305,21.32,4.8486414,567.48334,575.80096,1031172.6,961698.4,0.0,0.0,0.0,511.05,112.732475,25
2025-01-26 16:00:00+00:00,499.0,24.162,20.112,22.01825,25.378088,21.650106,23.547274,41568.62,32398.99,0.7,0.7,3.0,14.4,40.32,40.250553,11.71,2.510148,589.5016,599.34827,1072741.2,994097.4,0.7,0.7,3.0,522.76,115.24262,26
2025-01-27 16:00:00+00:00,499.0,26.262,19.612,22.026583,26.423038,19.624777,22.276419,41598.77,38007.246,0.2,0.2,2.0,15.077082,39.6,36.494453,17.48,3.8948932,611.5282,621.6247,1114340.0,1032104.6,0.9,0.9,5.0,540.24,119.13751,27
2025-01-28 16:00:00+00:00,499.0,26.712,18.212,22.041168,27.187176,18.702694,22.314463,41629.707,38987.36,0.0,0.0,0.0,16.663372,42.12,47.762886,21.71,4.5374007,633.56934,643.93915,1155969.8,1071092.0,0.9,0.9,5.0,561.95,123.67491,28
2025-01-29 16:00:00+00:00,499.0,27.912,16.812,21.903666,29.128105,17.350277,22.481743,41661.375,38995.59,0.0,0.0,0.0,11.440978,32.039997,46.144337,22.45,4.627404,655.473,666.4209,1197631.1,1110087.6,0.9,0.9,5.0,584.4,128.30232,29
2025-01-30 16:00:00+00:00,499.0,30.112,16.512001,22.830751,31.452217,16.77103,23.611275,41693.74,39005.01,0.0,0.0,0.0,8.049845,20.519999,69.51609,22.62,4.7529154,678.3038,690.03217,1239324.9,1149092.6,0.9,0.9,5.0,607.02,133.05524,30
2025-01-31 16:00:00+00:00,499.0,31.412,17.312,24.00783,32.871162,18.977661,25.40119,41726.758,39015.562,0.0,0.0,0.0,10.717182,24.84,95.81885,22.19,4.901836,702.3116,715.43335,1281051.6,1188108.2,0.9,0.9,5.0,629.21,137.95708,31
2025-02-01 16:00:00+00:00,499.0,32.462,18.612,25.064081,34.470627,20.500458,26.87234,41760.38,39027.21,0.0,0.0,0.0,8.865799,21.599998,246.5409,22.23,4.8368645,727.3757,742.30566,1322812.0,1227135.5,0.9,0.9,5.0,651.44,142.79395,32
2025-02-02 16:00:00+00:00,499.0,32.412003,18.712,25.197418,34.24355,20.737394,27.154686,41794.562,39039.926,0.0,0.0,0.0,11.5115595,29.88,71.42251,22.68,5.05395,752.5731,769.4603,1364606.5,1266175.4,0.9,0.9,5.0,674.12,147.8479,33
2025-02-03 16:00:00+00:00,499.0,30.412,20.862,24.722414,31.762592,23.328396,27.014578,41829.273,39053.664,0.0,0.0,0.0,13.681183,36.36,112.79652,18.03,4.0804276,777.29553,796.4749,1406435.8,1305229.0,0.9,0.9,5.0,692.15,151.92833,34
2025-02-04 16:00:00+00:00,499.0,29.612,19.962,24.297417,31.924904,22.876999,27.044283,41864.46,39068.395,0.0,0.0,0.0,9.600937,25.56,95.10563,18.33,3.9441926,801.59296,823.5192,1448300.2,1344297.4,0.9,0.9,5.0,710.48004,155.87253,35
2025-02-05 16:00:00+00:00,499.0,28.912,20.862,24.459915,30.627678,23.829958,27.182566,41900.098,39084.066,0.2,0.2,2.0,7.9932976,21.96,131.11194,16.08,3.4853017,826.05286,850.7018,1490200.4,1383381.5,1.1,1.1,7.0,726.56006,159.35783,36
2025-02-06 16:00:00+00:00,499.0,30.212,19.912,24.770332,31.046593,23.140814,26.811605,41936.125,39100.652,0.0,0.0,0.0,11.9140415,30.239998,97.61241,19.93,4.4849377,850.8232,877.51337,1532136.5,1422482.1,1.1,1.1,7.0,746.49005,163.84277,37
2025-02-07 16:00:00+00:00,499.0,28.262,20.712,23.843246,28.920609,22.89995,25.53068,41972.523,39118.13,0.0,0.0,0.0,15.034041,39.6,70.40175,16.89,3.7314959,874.66644,903.04407,1574109.0,1461600.2,1.1,1.1,7.0,763.38007,167.57426,38
2025-02-08 16:00:00+00:00,499.0,27.362,18.862,22.818253,28.506065,20.28603,23.743635,42009.24,39136.44,0.0,0.0,0.0,17.325874,46.44,48.88397,23.07,4.726678,897.4847,926.7877,1616118.2,1500736.8,1.1,1.1,7.0,786.4501,172.30095,39
2025-02-09 16:00:00+00:00,499.0,29.162,17.612,23.072416,30.484318,18.528881,23.816027,42046.24,39155.562,0.0,0.0,0.0,11.545284,31.319998,36.73769,23.45,5.0168667,920.55707,950.60376,1658164.5,1539892.2,1.1,1.1,7.0,809.9001,177.31781,40
2025-02-10 16:00:00+00:00,499.0,31.012,18.362,23.989084,32.19101,19.103878,24.913017,42083.484,39175.457,0.0,0.0,0.0,9.227524,26.28,45.0935,23.48,5.1070776,944.54614,975.5168,1700248.0,1579067.8,1.1,1.1,7.0,833.38007,182.42488,41
2025-02-11 16:00:00+00:00,499.0,32.112,17.512,24.843248,33.395435,18.38401,25.701971,42120.938,39196.09,0.0,0.0,0.0,10.2742,25.56,94.82073,23.28,5.2663827,969.3894,1001.21875,1742369.0,1618263.9,1.1,1.1,7.0,856.6601,187.69127,42
2025-02-12 16:00:00+00:00,499.0,33.062,18.962,25.718252,34.26582,21.021273,27.133554,42158.562,39217.434,0.0,0.0,0.0,11.672275,26.64,131.34224,22.94,5.2937255,995.10767,1028.3523,1784527.5,1657481.2,1.1,1.1,7.0,879.6001,192.985,43
2025-02-13 16:00:00+00:00,499.0,32.512,19.612,25.847418,34.388443,21.571342,27.796776,42196.32,38991.855,0.0,0.0,0.0,9.47012,23.4,207.93698,19.36,4.325816,1020.9551,1056.149,1826723.9,1696473.1,1.1,1.1,7.0,898.9601,197.31082,44
2025-02-14 16:00:00+00:00,499.0,32.862,20.162,26.141169,35.418854,21.257633,27.828423,42234.184,39262.105,0.0,0.0,0.0,8.891343,23.759998,245.81505,22.76,5.062282,1047.0962,1083.9774,1868958.0,1735735.2,1.1,1.1,7.0,921.7201,202.37311,45
2025-02-15 16:00:00+00:00,499.0,33.062,19.512,25.830751,34.5307,19.653055,26.716452,42272.113,39285.375,0.0,0.0,0.0,12.007498,27.72,191.66876,23.84,5.5107574,1072.927,1110.6938,1911230.1,1775020.6,1.1,1.1,7.0,945.5601,207.88387,46
2025-02-16 16:00:00+00:00,499.0,32.262,19.762,25.43492,34.63489,21.338144,27.389608,42310.395,38492.242,0.0,0.0,0.0,11.734564,28.8,147.47514,19.92,4.5928154,1098.3619,1138.0835,1953540.5,1813512.9,1.1,1.1,7.0,965.4801,212.47668,47
2025-02-17 16:00:00+00:00,499.0,29.662,21.312,24.626577,32.609497,24.407452,27.87115,42349.168,39334.945,1.0,1.0,4.0,10.765445,27.72,176.2644,16.36,3.4565096,1122.9885,1165.9546,1995889.6,1852847.9,2.1,2.1,11.0,981.8401,215.9332,48
2025-02-18 16:00:00+00:00,499.0,28.312,20.612,23.83075,31.651066,24.061985,27.474356,42388.387,39361.43,3.8999999,3.8999999,7.0,9.605998,24.48,120.72908,15.19,3.135552,1146.8193,1193.429,2038278.0,1892209.2,6.0,6.0,18.0,997.0301,219.06876,49
2025-02-19 16:00:00+00:00,499.0,29.412,20.712,24.530748,32.28689,24.224543,27.924185,42428.023,39388.95,0.3,0.3,2.0,12.961249,35.28,83.76561,20.38,4.2683377,1171.3501,1221.3531,2080706.0,1931598.2,6.3,6.3,20.0,1017.4101,223.3371,50
2025-02-20 16:00:00+00:00,499.0,28.812,21.412,24.493248,32.37359,24.976803,28.172205,42468.035,38492.594,0.70000005,0.70000005,6.0,9.354806,29.16,129.66438,17.04,3.5852046,1195.8434,1249.5254,2123174.0,1970090.9,7.0,7.0,26.0,1034.4501,226.9223,51
2025-02-21 16:00:00+00:00,499.0,29.262,21.162,24.58075,31.104664,24.86171,27.936415,42508.387,39446.832,0.4,0.4,3.0,13.288341,36.719997,77.380745,17.83,3.8154929,1220.4241,1277.4618,2165682.5,2009537.8,7.4,7.4,29.0,1052.28,230.7378,52
2025-02-22 16:00:00+00:00,499.0,28.812,21.262,24.359917,32.158398,24.714588,27.906906,42549.043,39073.67,4.5,4.5,10.0,14.345898,48.96,52.520496,17.91,3.679491,1244.7839,1305.3687,2208231.5,2048611.4,11.9,11.9,39.0,1070.1901,234.41728,53
2025-02-23 16:00:00+00:00,499.0,24.362,20.612,22.376581,27.741508,23.52471,25.488031,42589.973,7086.7207,16.9,16.9,21.0,12.074766,50.039997,58.655247,7.73,1.5567211,1267.1605,1330.8567,2250821.5,2055698.1,28.8,28.8,60.0,1077.92,235.974,54
2025-02-24 16:00:00+00:00,499.0,22.562,19.362,20.803665,25.125315,21.393562,23.322607,42631.137,1472.3726,18.300001,18.300001,19.0,10.883676,32.399998,24.824545,7.68,1.4706059,1287.9642,1354.1793,2293452.8,2057170.5,47.1,47.1,79.0,1085.6001,237.44461,55
2025-02-25 16:00:00+00:00,499.0,27.212,18.912,22.632833,30.339123,19.871181,24.739357,42672.496,39572.004,0.0,0.0,0.0,14.544401,38.519997,26.826296,23.17,4.410247,1310.597,1378.9187,2336125.2,2096742.5,47.1,47.1,79.0,1108.7701,241.85486,56
2025-02-26 16:00:00+00:00,499.0,28.962,20.212,24.207834,32.72651,22.624746,27.368593,42714.027,39600.0,0.2,0.2,2.0,9.505977,30.239998,37.52718,21.3,4.331484,1334.8049,1406.2874,2378839.2,2136342.5,47.3,47.3,81.0,1130.0702,246.18634,57
2025-02-27 16:00:00+00:00,499.0,30.412,21.262,25.251581,34.901527,24.61193,28.98163,42755.69,39600.0,0.3,0.3,2.0,9.087772,27.72,108.94986,21.82,4.51288,1360.0565,1435.269,2421595.0,2175942.5,47.6,47.6,83.0,1151.8901,250.69922,58
2025-02-28 16:00:00+00:00,499.0,31.312,21.312,25.009916,37.195396,25.017672,29.350876,42797.45,39600.0,0.8000001,0.8000001,3.0,5.5829024,22.68,231.37209,20.67,4.266367,1385.0664,1464.6199,2464392.5,2215542.5,48.399998,48.399998,86.0,1172.5602,254.96559,59
2025-03-01 16:00:00+00:00,499.0,31.612,21.862,25.789083,37.009754,25.651604,30.18717,42839.28,39600.0,0.0,0.0,0.0,8.049845,21.96,227.22603,21.97,4.6697364,1410.8555,1494.807,2507231.8,2255142.5,48.399998,48.399998,86.0,1194.5302,259.6353,60
2025-03-02 16:00:00+00:00,499.0,30.862,23.062,26.06825,35.54745,27.374775,30.47672,42881.145,39600.0,0.1,0.1,1.0,6.2145634,20.519999,228.42613,20.35,4.3064094,1436.9237,1525.2837,2550113.0,2294742.5,48.499996,48.499996,87.0,1214.8801,263.9417,61
2025-03-03 16:00:00+00:00,499.0,31.512,21.662,26.091166,36.497547,25.50103,30.40462,42923.01,39600.0,0.1,0.1,1.0,7.9077177,19.8,205.51384,22.03,4.681396,1463.0149,1555.6884,2593036.0,2334342.5,48.599995,48.599995,88.0,1236.9102,268.6231,62
2025-03-04 16:00:00+00:00,499.0,32.862,21.462,26.345335,37.443718,25.00963,30.22149,42964.844,39600.0,0.2,0.2,2.0,8.738811,23.039999,211.54663,22.81,4.903234,1489.3602,1585.9098,2636000.8,2373942.5,48.799995,48.799995,90.0,1259.7202,273.52634,63
2025-03-05 16:00:00+00:00,499.0,32.162003,21.862,26.670334,35.368114,25.618473,30.118505,43006.617,39600.0,0.0,0.0,0.0,10.337078,29.16,161.39659,21.25,4.7952676,1516.0305,1616.0283,2679007.2,2413542.5,48.799995,48.799995,90.0,1280.9702,278.3216,64
2025-03-06 16:00:00+00:00,499.0,30.812,22.162,25.801584,34.265167,26.314371,29.507986,43048.293,39600.0,0.70000005,0.70000005,4.0,12.992459,31.68,145.12457,19.07,4.167042,1541.8322,1645.5363,2722055.5,2453142.5,49.499996,49.499996,94.0,1300.0402,282.48865,65
2025-03-07 16:00:00+00:00,499.0,27.562,22.262,24.191164,31.741283,26.162046,27.750792,43089.848,35427.176,3.1000001,3.1000001,10.0,13.864674,40.68,83.3807,14.55,2.9227576,1566.0233,1673.287,2765145.2,2488569.8,52.599995,52.599995,104.0,1314.5902,285.4114,66
2025-03-08 16:00:00+00:00,499.0,29.862,21.512,24.922415,32.673454,24.696344,27.77539,43131.543,39600.0,0.0,0.0,0.0,15.430736,46.8,60.261696,23.27,4.8959184,1590.9457,1701.0624,2808276.8,2528169.8,52.599995,52.599995,104.0,1337.8602,290.3073,67
2025-03-09 16:00:00+00:00,499.0,30.662,21.312,25.601583,32.935333,23.73685,28.015474,43173.51,39600.0,0.0,0.0,0.0,17.431213,47.16,58.20533,22.9,5.1038513,1616.5472,1729.0779,2851450.2,2567769.8,52.599995,52.599995,104.0,1360.7603,295.41116,68
2025-03-10 16:00:00+00:00,499.0,31.862,22.812,25.659918,36.18894,25.853184,29.534828,43215.723,33471.918,3.7000003,3.7000003,6.0,9.114471,29.88,140.88593,18.99,4.092057,1642.2072,1758.6127,2894666.0,2601241.8,56.299995,56.299995,110.0,1379.7502,299.50323,69
2025-03-11 16:00:00+00:00,499.0,29.562,21.762,24.909914,35.561756,25.62691,29.691422,43258.15,36000.0,8.5,8.5,9.0,5.5916004,21.599998,245.53178,19.2,3.949135,1667.1171,1788.3041,2937924.2,2637241.8,64.799995,64.799995,119.0,1398.9502,303.45236,70
2025-03-12 16:00:00+00:00,499.0,29.262,22.312,24.524498,34.747845,26.498957,29.151558,43300.76,32529.717,8.8,8.8,7.0,8.281956,23.4,209.5665,17.2,3.5230312,1691.6416,1817.4557,2981225.0,2669771.5,73.6,73.6,126.0,1416.1501,306.9754,71
2025-03-13 16:00:00+00:00,499.0,29.912,21.212,24.482832,35.498623,25.179237,29.077354,43343.527,36000.0,3.4000003,3.4000003,7.0,8.131936,24.48,188.98917,20.7,4.1954913,1716.1244,1846.5331,3024568.5,2705771.5,77.0,77.0,133.0,1436.8501,311.1709,72
2025-03-14 16:00:00+00:00,499.0,30.962,20.712,25.084915,35.95925,24.419037,29.455633,43386.42,39600.0,0.5,0.5,4.0,7.7983837,23.039999,180.85829,22.9,4.693975,1741.2094,1875.9888,3067955.0,2745371.5,77.5,77.5,137.0,1459.7501,315.86487,73
2025-03-15 16:00:00+00:00,499.0,31.062,21.412,25.522415,37.644352,24.92905,30.233568,43429.41,39600.0,0.8,0.8,2.0,6.3231,19.08,274.06552,21.76,4.4968944,1766.7318,1906.2223,3111384.5,2784971.5,78.3,78.3,139.0,1481.5101,320.36176,74
2025-03-16 16:00:00+00:00,499.0,29.412,21.862,25.068247,34.938297,26.11013,29.629438,43472.473,39120.18,2.7999997,2.7999997,7.0,8.211235,32.399998,177.13763,19.02,3.9065444,1791.8,1935.8517,3154857.0,2824091.8,81.100006,81.100006,146.0,1500.5302,324.2683,75
2025-03-17 16:00:00+00:00,499.0,29.612,21.812,25.341164,33.67757,26.120384,29.319412,43515.57,39600.0,1.1,1.1,4.0,12.601285,33.12,98.08975,20.47,4.2904997,1817.1412,1965.1711,3198372.5,2863691.8,82.200005,82.200005,150.0,1521.0001,328.5588,76
2025-03-18 16:00:00+00:00,499.0,28.462,22.362,24.891165,30.366787,25.698109,27.633286,43558.684,39600.0,0.5,0.5,5.0,19.483284,48.6,64.9026,22.34,4.657265,1842.0323,1992.8044,3241931.2,2903291.8,82.700005,82.700005,155.0,1543.3401,333.21606,77
2025-03-19 16:00:00+00:00,499.0,28.262,20.662,24.020332,29.705635,22.682768,25.714396,43601.777,39600.0,0.0,0.0,0.0,18.372349,45.719997,48.99866,23.7,4.9544725,1866.0527,2018.5188,3285533.0,2942891.8,82.700005,82.700005,155.0,1567.04,338.17053,78
2025-03-20 16:00:00+00:00,499.0,28.812,19.562,23.795328,30.707573,21.033407,25.191559,43644.824,39600.0,0.0,0.0,0.0,16.825909,42.839996,47.882565,25.77,5.3874617,1889.848,2043.7103,3329177.8,2982491.8,82.700005,82.700005,155.0,1592.81,343.55798,79
2025-03-21 16:00:00+00:00,499.0,29.862,19.512,24.449501,32.23954,21.140282,26.12636,43687.8,39791.684,0.0,0.0,0.0,16.077536,41.039997,52.291615,25.97,5.5069375,1914.2975,2069.8367,3372865.5,3022283.5,82.700005,82.700005,155.0,1618.78,349.0649,80
2025-03-22 16:00:00+00:00,499.0,31.962,21.312,26.097412,34.497715,22.788273,27.928734,43730.668,39861.004,0.0,0.0,0.0,10.9859,30.599998,69.95889,26.56,5.884288,1940.3949,2097.7654,3416596.2,3062144.5,82.700005,82.700005,155.0,1645.3401,354.9492,81
2025-03-23 16:00:00+00:00,499.0,32.962,20.312,26.307833,36.43707,22.854279,29.162836,43773.406,39869.74,0.0,0.0,0.0,6.9550843,23.759998,19.65409,24.78,5.345893,1966.7028,2126.9282,3460369.8,3102014.2,82.700005,82.700005,155.0,1670.1201,360.29507,82
2025-03-24 16:00:00+00:00,499.0,31.912,22.012,26.409914,35.928223,25.697552,30.13938,43815.977,39600.0,0.1,0.1,1.0,7.562142,20.16,235.31464,22.58,4.832894,1993.1127,2157.0676,3504185.8,3141614.2,82.8,82.8,156.0,1692.7001,365.12796,83
2025-03-25 16:00:00+00:00,499.0,31.912,22.462,26.282831,35.7649,26.329908,29.9382,43858.363,39638.977,0.1,0.1,1.0,8.32877,27.72,267.7455,22.1,4.7985377,2019.3955,2187.0059,3548044.0,3181253.2,82.9,82.9,157.0,1714.8,369.92648,84
2025-03-26 16:00:00+00:00,499.0,32.362,20.562,25.79325,36.770393,23.209766,29.0082,43900.52,39713.227,0.0,0.0,0.0,7.748368,28.8,261.37067,24.66,5.2191386,2045.1887,2216.0142,3591944.5,3220966.5,82.9,82.9,157.0,1739.4601,375.14563,85
2025-03-27 16:00:00+00:00,499.0,32.762,20.512,25.870337,36.654255,23.253504,28.837366,43942.434,39854.477,0.0,0.0,0.0,8.669949,24.84,252.4098,26.29,5.4503565,2071.059,2244.8516,3635887.0,3260821.0,82.9,82.9,157.0,1765.7501,380.59598,86
2025-03-28 16:00:00+00:00,499.0,33.562,20.462,26.591171,36.796642,23.014187,29.503586,43984.344,40038.883,0.0,0.0,0.0,10.873251,29.519999,164.7448,25.17,5.622211,2097.6501,2274.3552,3679871.2,3300860.0,82.9,82.9,157.0,1790.9202,386.2182,87
2025-03-29 16:00:00+00:00,499.0,30.862,22.512,26.08075,34.53926,26.590057,29.886126,44026.38,39482.25,0.70000005,0.70000005,5.0,11.019764,29.16,173.22882,19.11,4.1956954,2123.731,2304.2415,3723897.8,3340342.2,83.6,83.6,162.0,1810.0302,390.4139,88
2025-03-30 16:00:00+00:00,499.0,27.912,22.662,24.447412,31.695267,27.129112,28.88562,44068.504,24105.805,8.8,8.8,10.0,11.712455,30.960001,95.696014,11.94,2.4931674,2148.1785,2333.127,3767966.2,3364448.0,92.4,92.4,172.0,1821.9701,392.90707,89
2025-03-31 16:00:00+00:00,499.0,29.262,21.662,24.822416,34.2728,25.735695,29.195627,44110.695,39600.0,2.2,2.2,11.0,12.841963,36.0,90.83754,21.16,4.2328706,2173.001,2362.3225,3812077.0,3404048.0,94.6,94.6,183.0,1843.1301,397.13995,90
2025-04-01 16:00:00+00:00,499.0,28.412,22.112,24.622416,32.795906,26.386284,28.993135,44152.926,24429.121,1.9000001,1.9000001,7.0,11.734564,37.079998,78.3515,14.92,3.095308,2197.6233,2391.3157,3856230.0,3428477.0,96.5,96.5,190.0,1858.0502,400.23526,91
2025-04-02 16:00:00+00:00,499.0,27.962,22.062,24.29325,30.878754,26.352554,28.361673,44195.168,30300.729,10.799999,10.799999,15.0,17.69593,41.039997,111.1702,16.12,3.1459718,2221.9165,2419.6772,3900425.2,3458777.8,107.3,107.3,205.0,1874.1702,403.38123,92
2025-04-03 16:00:00+00:00,499.0,28.762,22.362,25.047415,32.969753,26.312357,29.204035,44237.395,40142.57,1.6,1.6,9.0,10.120099,27.359999,157.84851,20.4,4.1531763,2246.9639,2448.8813,3944662.8,3498920.2,108.9,108.9,214.0,1894.5702,407.5344,93
2025-04-04 16:00:00+00:00,499.0,30.912,21.662,25.532831,35.415318,25.851202,29.543852,44279.574,39667.78,0.0,0.0,0.0,11.720751,32.039997,162.43964,23.4,4.9563975,2272.4966,2478.4253,3988942.2,3538588.0,108.9,108.9,214.0,1917.9702,412.49078,94
2025-04-05 16:00:00+00:00,499.0,31.312,21.512,26.051584,35.430542,25.665668,29.839357,44321.684,40013.938,0.0,0.0,0.0,12.124306,34.92,157.7112,25.49,5.4745245,2298.548,2508.2646,4033264.0,3578602.0,108.9,108.9,214.0,1943.4602,417.9653,95
2025-04-06 16:00:00+00:00,499.0,29.112,22.162,25.276583,33.07822,26.18251,29.196314,44363.695,40245.215,1.0,1.0,6.0,13.237039,39.239998,138.6153,20.14,4.1668253,2323.8247,2537.461,4077627.8,3618847.2,109.9,109.9,220.0,1963.6002,422.13214,96
2025-04-07 16:00:00+00:00,499.0,30.062,22.012,25.670334,33.77714,26.41816,29.674417,44405.57,39648.023,0.5,0.5,5.0,11.570515,32.399998,121.68095,21.12,4.484116,2349.495,2567.1353,4122033.2,3658495.2,110.4,110.4,225.0,1984.7202,426.61627,97
2025-04-08 16:00:00+00:00,499.0,30.512,22.412,25.734919,35.031918,26.521875,29.988077,44447.293,40147.79,0.90000004,0.90000004,5.0,7.8954163,25.919998,227.98518,21.3,4.4813576,2375.23,2597.1233,4166480.5,3698643.0,111.3,111.3,230.0,2006.0203,431.09763,98
2025-04-09 16:00:00+00:00,499.0,30.412,22.962,25.732834,36.106903,27.683325,30.492393,44488.824,36031.27,5.2,5.2,7.0,6.698806,24.119999,272.3859,19.0,3.9886417,2400.963,2627.6157,4210969.5,3734674.2,116.5,116.5,237.0,2025.0203,435.08627,99
2025-04-10 16:00:00+00:00,499.0,30.362,22.662,25.334915,36.060497,26.836027,29.849295,44530.137,31988.283,5.4,5.4,6.0,9.499157,29.519999,257.614,18.42,3.7943456,2426.2979,2657.465,4255499.5,3766662.5,121.9,121.9,243.0,2043.4403,438.8806,100
2025-04-11 16:00:00+00:00,499.0,29.012,22.812,25.009916,34.05562,26.527641,29.368576,44571.19,34940.047,5.4,5.4,6.0,10.070353,30.239998,253.0857,16.51,3.3377833,2451.3079,2686.8337,4300070.5,3801602.5,127.3,127.3,249.0,2059.9502,442.21838,101
2025-04-12 16:00:00+00:00,499.0,29.962,22.312,25.537003,34.903522,26.49113,30.106047,44611.98,40572.89,1.9,1.9,6.0,9.885262,25.919998,200.40027,22.13,4.52648,2476.845,2716.9397,4344682.5,3842175.5,129.2,129.2,255.0,2082.08,446.74487,102
2025-04-13 16:00:00+00:00,499.0,30.062,22.212,25.34533,34.570732,26.581316,29.824295,44652.45,39821.44,3.6000001,3.6000001,7.0,11.39842,28.44,94.96966,19.99,4.12868,2502.1902,2746.764,4389335.0,3881997.0,132.8,132.8,262.0,2102.07,450.87357,103
2025-04-14 16:00:00+00:00,499.0,29.112,22.612,24.743248,34.486675,27.178074,29.401628,44692.574,25747.092,6.5,6.5,14.0,11.165805,30.239998,90.604355,15.8,3.2598972,2526.9333,2776.1655,4434027.5,3907744.0,139.3,139.3,276.0,2117.87,454.13345,104
2025-04-15 16:00:00+00:00,499.0,29.712,22.312,24.739084,35.088078,27.106392,29.44529,44732.324,23953.646,2.0,2.0,3.0,6.889557,21.96,212.06734,12.83,2.725795,2551.6724,2805.6108,4478760.0,3931697.8,141.3,141.3,279.0,2130.7002,456.85925,105
2025-04-16 16:00:00+00:00,499.0,30.812,22.412,25.164085,36.862785,26.653175,29.99225,44771.67,35420.555,3.4,3.4,5.0,5.6492476,24.48,250.81058,19.66,4.0805306,2576.8364,2835.603,4523531.5,3967118.2,144.7,144.7,284.0,2150.36,460.9398,106
2025-04-17 16:00:00+00:00,499.0,30.662,22.112,25.057833,37.18083,26.195976,30.033915,44810.855,31231.629,5.1000004,5.1000004,5.0,5.983477,24.48,262.059,19.38,3.994394,2601.8943,2865.637,4568342.5,3998350.0,149.8,149.8,289.0,2169.74,464.93417,107
2025-04-18 16:00:00+00:00,499.0,30.212,22.062,25.01825,36.788387,26.190645,30.038038,44849.99,34375.516,10.3,10.3,7.0,5.4833565,24.48,253.04639,20.02,4.083948,2626.9126,2895.675,4613192.5,4032725.5,160.1,160.1,296.0,2189.76,469.01813,108
2025-04-19 16:00:00+00:00,499.0,30.112,21.862,25.264084,35.63816,25.807598,29.943136,44889.04,40822.984,2.9,2.9,8.0,8.085988,25.56,219.19174,22.3,4.5620275,2652.1768,2925.6182,4658081.5,4073548.5,163.0,163.0,304.0,2212.06,473.58017,109
2025-04-20 16:00:00+00:00,499.0,31.112,21.862,26.095335,35.14245,26.022516,30.095383,44927.98,41186.9,0.0,0.0,0.0,11.7662735,32.399998,146.20667,24.53,5.2397776,2678.272,2955.7136,4703009.5,4114735.5,163.0,163.0,304.0,2236.59,478.81995,110
2025-04-21 16:00:00+00:00,499.0,31.812,21.512,26.159914,36.517742,24.891212,29.911364,44966.785,41563.484,0.4,0.4,2.0,9.703319,27.72,189.7081,24.76,5.207997,2704.432,2985.625,4747976.5,4156299.0,163.4,163.4,306.0,2261.35,484.02795,111
2025-04-22 16:00:00+00:00,499.0,31.362,22.712,25.843245,37.63884,26.986813,30.735037,45005.418,39269.484,2.7,2.7,4.0,5.2478566,22.68,245.44087,21.63,4.487028,2730.2751,3016.36,4792982.0,4195568.5,166.09999,166.09999,310.0,2282.98,488.51498,112
2025-04-23 16:00:00+00:00,499.0,31.512,22.762,25.670332,38.72813,27.073177,30.444183,45043.86,38479.188,4.8,4.8,2.0,8.865799,28.44,258.11557,20.29,4.178017,2755.9456,3046.8042,4838026.0,4234047.5,170.9,170.9,312.0,2303.27,492.693,113
2025-04-24 16:00:00+00:00,499.0,31.112,23.012,25.911997,38.011536,27.346478,31.003485,45082.062,40460.71,5.7999997,5.7999997,4.0,6.5693827,19.8,257.9977,21.35,4.421472,2781.8577,3077.8076,4883108.0,4274508.0,176.7,176.7,316.0,2324.62,497.11447,114
2025-04-25 16:00:00+00:00,499.0,29.562,23.362,25.397415,36.299213,28.158577,30.72959,45120.016,38698.99,11.799999,11.799999,8.0,6.122647,31.319998,257.60458,20.15,4.079937,2807.2551,3108.537,4928228.0,4313207.0,188.5,188.5,324.0,2344.77,501.1944,115
2025-04-26 16:00:00+00:00,499.0,30.912,22.462,25.105751,37.538307,26.939213,30.321703,45157.67,36214.246,13.800001,13.800001,7.0,7.889259,27.359999,159.39357,21.68,4.43964,2832.3608,3138.859,4973385.5,4349421.0,202.3,202.3,331.0,2366.45,505.63403,116
2025-04-27 16:00:00+00:00,499.0,28.062,22.112,24.787003,33.98267,26.533264,29.715324,45195.004,36677.027,4.9999995,4.9999995,7.0,7.628263,23.4,204.56718,17.25,3.4960868,2857.148,3168.5742,5018580.5,4386098.0,207.3,207.3,338.0,2383.7,509.13013,117
2025-04-28 16:00:00+00:00,499.0,29.512,21.212,25.255747,35.285633,25.061447,29.667229,45231.973,41097.89,0.3,0.3,3.0,7.056826,23.039999,180.65352,21.6,4.4248247,2882.4038,3198.2415,5063812.5,4427196.0,207.6,207.6,341.0,2405.3,513.55493,118
2025-04-29 16:00:00+00:00,499.0,30.412,21.662,25.941164,34.939514,25.68327,30.180351,45268.56,41348.777,0.2,0.2,2.0,9.449572,24.48,141.51099,22.78,4.772384,2908.345,3228.4219,5109081.0,4468545.0,207.8,207.8,343.0,2428.08,518.32733,119
2025-04-30 16:00:00+00:00,499.0,31.462,22.562,25.741167,36.900272,26.970573,30.53624,45304.715,41803.855,3.6000001,3.6000001,7.0,8.131936,27.0,307.0152,20.83,4.330214,2934.0862,3258.958,5154385.5,4510349.0,211.40001,211.40001,350.0,2448.9102,522.65753,120
2025-05-01 16:00:00+00:00,499.0,29.462,22.112,25.526587,34.31548,26.199623,30.138617,45340.418,40360.062,1.0,1.0,6.0,4.6452556,23.4,266.16275,19.25,3.9971867,2959.6128,3289.0967,5199726.0,4550709.0,212.40001,212.40001,356.0,2468.1602,526.6547,121
2025-05-02 16:00:00+00:00,499.0,29.762,23.262,25.145334,34.825817,28.244057,30.22998,45375.625,23265.912,13.400002,13.400002,10.0,6.849467,23.4,272.917,14.77,3.0778496,2984.758,3319.3267,5245101.5,4573975.0,225.80002,225.80002,366.0,2482.9302,529.73254,122
2025-05-03 16:00:00+00:00,499.0,30.712,21.362,24.624496,37.232178,25.029284,29.511335,45410.3,38274.82,6.0,6.0,5.0,6.601363,23.039999,269.77878,19.32,3.9493845,3009.3826,3348.838,5290512.0,4612250.0,231.80002,231.80002,371.0,2502.2502,533.68195,123
2025-05-04 16:00:00+00:00,499.0,29.912,22.562,25.066164,36.761078,26.926184,30.107094,45444.41,36274.324,8.600001,8.600001,11.0,8.383054,24.48,267.10016,18.99,3.8844662,3034.4487,3378.945,5335956.5,4648524.5,240.40002,240.40002,382.0,2521.2402,537.5664,124
2025-05-05 16:00:00+00:00,499.0,28.962,22.812,24.953667,34.896427,27.181158,29.844141,45477.918,37395.305,5.7000003,5.7000003,9.0,6.341009,20.16,251.26126,17.79,3.6245437,3059.4023,3408.7893,5381434.5,4685920.0,246.10002,246.10002,391.0,2539.0303,541.191,125
2025-05-06 16:00:00+00:00,499.0,30.312,23.212,25.251581,36.44746,27.549196,30.12307,45510.793,33280.29,6.8,6.8,5.0,6.4924874,23.039999,247.75595,18.41,3.7871184,3084.6538,3438.9124,5426945.5,4719200.5,252.90002,252.90002,396.0,2557.4402,544.9781,126
2025-05-07 16:00:00+00:00,499.0,28.362,23.462,24.751581,33.816433,27.966454,29.380747,45543.246,23911.346,9.8,9.8,5.0,9.292255,25.56,259.4014,12.88,2.5953827,3109.4053,3468.2932,5472488.5,4743112.0,262.7,262.7,401.0,2570.32,547.5735,127
2025-05-08 16:00:00+00:00,499.0,30.812,22.812,25.601583,37.38311,26.967413,30.405855,45575.383,35024.562,4.1000004,4.1000004,3.0,9.0018,24.48,260.9155,19.97,4.127003,3135.0068,3498.699,5518064.0,4778136.5,266.80002,266.80002,404.0,2590.29,551.7005,128
2025-05-09 16:00:00+00:00,499.0,30.462,23.412,25.524504,36.61258,27.986198,30.353094,45607.168,35333.547,6.299999,6.299999,8.0,12.32047,34.2,262.22137,17.83,3.6430743,3160.5312,3529.052,5563671.0,4813470.0,273.1,273.1,412.0,2608.12,555.34357,129
2025-05-10 16:00:00+00:00,499.0,27.462,23.112,24.695333,33.947777,27.463785,29.83362,45638.594,25244.787,17.500002,17.500002,9.0,6.5520988,20.519999,256.83768,13.24,2.679516,3185.2266,3558.8857,5609309.5,4838715.0,290.6,290.6,421.0,2621.36,558.0231,130
2025-05-11 16:00:00+00:00,499.0,28.362,23.012,24.368248,34.236877,27.79961,29.551498,45669.605,24669.727,10.1,10.1,14.0,7.2022495,21.24,288.03442,13.37,2.6496358,3209.5947,3588.4373,5654979.0,4863384.5,300.7,300.7,435.0,2634.7302,560.6727,131
2025-05-12 16:00:00+00:00,499.0,28.062,22.612,24.291166,33.7749,27.467804,29.4447,45700.19,30902.137,9.5,9.5,18.0,5.9834766,23.759998,166.65128,12.62,2.5569527,3233.886,3617.8818,5700679.0,4894286.5,310.2,310.2,453.0,2647.3503,563.2297,132
2025-05-13 16:00:00+00:00,499.0,28.862,22.762,24.816164,33.64376,27.715225,29.618132,45730.312,30693.299,8.6,8.6,9.0,11.225132,36.719997,183.22098,15.29,3.0760024,3258.7021,3647.5,5746409.5,4924980.0,318.80002,318.80002,462.0,2662.6404,566.30566,133
2025-05-14 16:00:00+00:00,499.0,27.812,22.762,24.339083,32.332733,27.520573,29.253496,45759.938,23830.729,9.6,9.6,11.0,11.019764,33.12,127.93534,13.81,2.6952558,3283.0413,3676.7534,5792169.5,4948810.5,328.40002,328.40002,473.0,2676.4504,569.0009,134
2025-05-15 16:00:00+00:00,499.0,28.662,22.612,24.70992,34.661602,27.681282,29.903482,45789.047,31439.049,4.0,4.0,8.0,8.36758,31.319998,113.93102,15.09,3.0133293,3307.7512,3706.657,5837958.5,4980249.5,332.40002,332.40002,481.0,2691.5405,572.0142,135
2025-05-16 16:00:00+00:00,499.0,28.662,22.262,24.703665,34.13803,26.802101,29.706793,45817.594,29995.459,10.000001,10.000001,8.0,11.770403,33.839996,124.07725,15.73,3.1039112,3332.4548,3736.3638,5883776.0,5010245.0,342.40002,342.40002,489.0,2707.2705,575.1181,136
2025-05-17 16:00:00+00:00,499.0,29.712,22.862,25.443247,34.411594,27.745975,30.42199,45845.56,40754.758,2.7,2.7,11.0,10.086427,25.919998,140.19449,20.82,4.227022,3357.8982,3766.7856,5929621.5,5051000.0,345.10004,345.10004,500.0,2728.0906,579.34515,137
2025-05-18 16:00:00+00:00,499.0,29.862,22.512,25.911997,34.715694,27.015217,30.681007,45872.906,41289.734,0.4,0.4,4.0,6.3690495,20.16,198.58502,19.44,4.037907,3383.8103,3797.4666,5975494.5,5092289.5,345.50003,345.50003,504.0,2747.5305,583.38306,138
2025-05-19 16:00:00+00:00,499.0,31.012,23.162,26.334915,36.754124,28.133617,31.69224,45899.605,41003.47,1.4000001,1.4000001,5.0,8.11798,23.759998,183.17964,22.7,4.667969,3410.1453,3829.1587,6021394.0,5133293.0,346.90002,346.90002,509.0,2770.2305,588.051,139
2025-05-20 16:00:00+00:00,499.0,29.562,22.812,25.518251,34.532063,27.232946,30.532862,45925.62,34647.43,1.5,1.5,5.0,6.6794305,21.599998,266.926,17.77,3.6459477,3435.6636,3859.6917,6067319.5,5167940.5,348.40002,348.40002,514.0,2788.0005,591.69696,140
2025-05-21 16:00:00+00:00,499.0,30.912,22.762,26.007833,36.94349,27.447372,30.895784,45950.918,41988.324,1.1,1.1,3.0,8.467655,24.84,262.6263,23.0,4.718919,3461.6714,3890.5874,6113270.5,5209929.0,349.50003,349.50003,517.0,2811.0005,596.4159,141
2025-05-22 16:00:00+00:00,499.0,30.812,23.462,25.557833,37.063065,27.764107,30.282309,45975.47,34920.707,6.7999997,6.7999997,6.0,8.513448,24.84,255.65063,20.4,4.170485,3487.2292,3920.8696,6159246.0,5244849.5,356.30002,356.30002,523.0,2831.4004,600.58636,142
2025-05-23 16:00:00+00:00,499.0,29.512,23.012,24.876585,34.774166,27.475975,29.734459,45999.242,32096.64,8.6,8.6,15.0,7.628263,23.759998,248.57365,13.71,2.8241,3512.1057,3950.604,6205245.0,5276946.0,364.90002,364.90002,538.0,2845.1104,603.41046,143
2025-05-24 16:00:00+00:00,499.0,29.662,22.962,24.618248,35.030315,27.407066,29.436974,46022.19,29743.756,15.6,15.6,10.0,6.544677,25.919998,236.28372,15.71,3.2020576,3536.7239,3980.041,6251267.0,5306690.0,380.50003,380.50003,548.0,2860.8203,606.61255,144
2025-05-25 16:00:00+00:00,499.0,27.662,23.162,24.130747,32.6556,27.69911,28.99322,46044.297,19303.672,21.900002,21.900002,17.0,11.091564,33.48,226.41925,11.02,2.2110317,3560.8547,4009.0342,6297311.5,5325993.5,402.40002,402.40002,565.0,2871.8403,608.8236,145
2025-05-26 16:00:00+00:00,499.0,27.262,22.962,24.151583,32.865498,27.55793,29.013193,46065.523,13988.488,7.3999996,7.3999996,16.0,9.354806,36.36,246.11436,9.32,1.8773087,3585.0063,4038.0474,6343377.0,5339982.0,409.80002,409.80002,581.0,2881.1604,610.7009,146
2025-05-27 16:00:00+00:00,499.0,29.262,22.362,25.505753,35.086655,26.719532,30.397345,46086.016,39706.2,1.3,1.3,8.0,8.187527,33.48,238.74973,18.78,3.853254,3610.5122,4068.4448,6389463.0,5379688.0,411.1,411.1,589.0,2899.9404,614.5542,147
2025-05-28 16:00:00+00:00,499.0,28.512,23.512,25.024498,33.800922,28.076561,29.52604,46105.848,32967.58,1.9000001,1.9000001,10.0,12.659004,40.68,235.0704,16.25,3.1844716,3635.5366,4097.9707,6435569.0,5412655.5,413.0,413.0,599.0,2916.1904,617.73865,148
2025-05-29 16:00:00+00:00,499.0,26.762,23.812,24.83492,30.739708,28.720398,29.48577,46125.004,21960.166,4.2,4.2,13.0,13.276144,39.239998,234.53995,12.27,2.4358318,3660.3716,4127.4565,6481694.0,5434615.5,417.2,417.2,612.0,2928.4604,620.1745,149
2025-05-30 16:00:00+00:00,499.0,26.462,23.612,24.862001,31.331787,28.503979,29.672401,46143.46,2505.4834,2.6,2.6,13.0,14.372974,31.68,242.37903,9.45,1.9485904,3685.2336,4157.129,6527837.5,5437121.0,419.80002,419.80002,625.0,2937.9104,622.1231,150
2025-05-31 16:00:00+00:00,499.0,28.062,23.212,25.257833,31.65725,27.911533,29.385347,46161.203,40229.938,1.6000001,1.6000001,12.0,18.076338,45.36,244.35728,17.6,3.5527456,3710.4915,4186.514,6573998.5,5477351.0,421.40002,421.40002,637.0,2955.5105,625.67584,151
2025-06-01 16:00:00+00:00,499.0,28.062,23.162,24.657831,31.77238,26.79094,28.56183,46178.215,39175.703,4.2999997,4.2999997,15.0,18.47084,46.44,246.20482,16.26,3.0962284,3735.1492,4215.076,6620176.5,5516526.5,425.7,425.7,652.0,2971.7705,628.7721,152
2025-06-02 16:00:00+00:00,499.0,27.362,22.912,24.3495,30.563084,26.237581,28.44519,46194.477,7159.9365,6.5,6.5,17.0,13.948548,37.44,255.2991,7.96,1.7129459,3759.4988,4243.5215,6666371.0,5523686.5,432.2,432.2,669.0,2979.7305,630.48505,153
2025-06-03 16:00:00+00:00,499.0,28.312,23.612,25.391172,32.335415,28.38689,29.63281,46209.973,41267.58,1.2,1.2,6.0,14.619946,32.760002,258.69012,18.71,3.7265046,3784.89,4273.1543,6712581.0,5564954.0,433.40002,433.40002,675.0,2998.4404,634.21155,154
2025-06-04 16:00:00+00:00,499.0,28.912,23.562,25.387,34.63608,27.945415,29.880053,46224.676,40181.61,2.5,2.5,5.0,10.182337,38.16,255.51707,19.38,3.8822017,3810.2769,4303.034,6758805.5,5605135.5,435.90002,435.90002,680.0,3017.8203,638.09375,155
2025-06-05 16:00:00+00:00,499.0,29.812,23.162,25.55992,34.906883,27.391262,29.647156,46238.58,40111.695,0.70000005,0.70000005,5.0,12.261158,29.519999,263.6145,20.57,4.2474604,3835.8367,4332.681,6805044.0,5645247.0,436.60004,436.60004,685.0,3038.3904,642.3412,156
2025-06-06 16:00:00+00:00,499.0,28.312,23.212,25.02658,32.62341,27.361486,29.024973,46251.66,39240.164,3.1000001,3.1000001,7.0,14.369594,34.92,256.2209,18.09,3.5769112,3860.8633,4361.706,6851295.5,5684487.0,439.70004,439.70004,692.0,3056.4805,645.9181,157
2025-06-07 16:00:00+00:00,499.0,28.212,23.012,24.907835,31.743103,26.939674,28.513987,46263.895,41125.62,0.90000004,0.90000004,8.0,17.852697,42.839996,255.54674,17.79,3.5265222,3885.771,4390.22,6897559.5,5725612.5,440.60004,440.60004,700.0,3074.2705,649.44464,158
2025-06-08 16:00:00+00:00,499.0,26.662,22.912,24.280748,31.21674,26.884531,28.15895,46275.277,38607.586,4.7999997,4.7999997,13.0,16.144905,51.48,251.59132,15.17,2.8381636,3910.0518,4418.3794,6943835.0,5764220.0,445.40002,445.40002,713.0,3089.4404,652.2828,159
2025-06-09 16:00:00+00:00,499.0,26.862,23.112,24.012,29.756336,27.212603,27.885017,46285.78,18720.434,1.7000002,1.7000002,13.0,15.443328,38.519997,251.77312,10.94,2.2032743,3934.0637,4446.2646,6990121.0,5782940.5,447.10004,447.10004,726.0,3100.3804,654.486,160
2025-06-10 16:00:00+00:00,499.0,25.862,22.462,23.712,29.131565,26.042986,27.484497,46295.39,3600.0,2.3,2.3,15.0,14.4415655,38.88,255.38301,8.25,1.7276642,3957.7756,4473.749,7036416.5,5786540.5,449.40002,449.40002,741.0,3108.6304,656.2137,161
2025-06-11 16:00:00+00:00,499.0,25.662,22.762,23.703667,29.135803,25.917997,27.493002,46304.098,14913.307,3.5,3.5,15.0,16.394829,42.48,250.07283,9.23,1.7542479,3981.4792,4501.242,7082720.5,5801454.0,452.90002,452.90002,756.0,3117.8604,657.96796,162
2025-06-12 16:00:00+00:00,499.0,24.062,22.562,23.336998,27.95861,25.58353,27.34012,46311.87,524.4825,15.999999,15.999999,22.0,13.210087,39.239998,248.2482,5.15,1.0299258,4004.8162,4528.5825,7129032.5,5801978.5,468.90002,468.90002,778.0,3123.0103,658.99786,163
2025-06-13 16:00:00+00:00,499.0,25.862,22.912,23.582834,29.303246,26.450214,27.535028,46318.703,7672.5693,8.9,8.9,20.0,13.529966,41.399998,242.7928,8.43,1.6418446,4028.399,4556.1177,7175351.0,5809651.0,477.80002,477.80002,798.0,3131.4402,660.6397,164
2025-06-14 16:00:00+00:00,499.0,26.262,22.862,23.722414,29.928959,27.036423,28.045517,46324.574,18753.465,7.6000004,7.6000004,14.0,12.864649,39.6,250.58176,9.4,1.832854,4052.1213,4584.163,7221675.5,5828404.5,485.40002,485.40002,812.0,3140.84,662.47253,165
2025-06-15 16:00:00+00:00,499.0,26.812,22.862,24.080751,30.583126,27.290758,28.443495,46329.47,19093.453,4.2,4.2,13.0,11.612441,31.319998,254.00737,11.25,2.2200506,4076.2021,4612.6064,7268005.0,5847498.0,489.60004,489.60004,825.0,3152.09,664.69257,166
2025-06-16 16:00:00+00:00,499.0,28.012,22.562,24.376587,32.354153,26.496853,28.346273,46333.414,34502.89,2.8,2.8,9.0,15.151039,32.399998,258.1348,14.32,2.8106296,4100.5786,4640.9526,7314338.5,5882001.0,492.40002,492.40002,834.0,3166.4102,667.5032,167
2025-06-17 16:00:00+00:00,499.0,29.262,22.062,24.939081,32.47763,25.772676,28.651133,46336.426,39647.844,2.5,2.5,6.0,15.095336,34.92,259.3497,18.04,3.6659367,4125.5176,4669.604,7360675.0,5921649.0,494.90002,494.90002,840.0,3184.4502,671.1691,168
2025-06-18 16:00:00+00:00,499.0,27.212,23.212,24.509916,30.969543,26.857456,28.240011,46338.516,29345.566,2.1999998,2.1999998,7.0,15.808263,39.6,257.84198,13.86,2.7462041,4150.0273,4697.844,7407013.5,5950994.5,497.10004,497.10004,847.0,3198.3103,673.91534,169
2025-06-19 16:00:00+00:00,499.0,29.762,23.012,24.914085,33.26349,27.133312,28.54822,46339.684,39729.06,1.5,1.5,4.0,13.8049555,41.760002,269.80853,16.72,3.4624126,4174.9414,4726.3926,7453353.0,5990723.5,498.60004,498.60004,851.0,3215.0303,677.37775,170
2025-06-20 16:00:00+00:00,499.0,26.162,22.462,23.6745,30.164425,26.23482,27.340513,46339.938,26609.01,5.6,5.6,18.0,15.175612,39.6,249.43889,13.27,2.494773,4198.6157,4753.733,7499693.0,6017332.5,504.20004,504.20004,869.0,3228.3003,679.8725,171
2025-06-21 16:00:00+00:00,499.0,26.112,22.862,23.49325,28.988548,25.638012,26.720125,46339.28,11136.178,3.6,3.6,18.0,18.777029,43.92,249.59518,8.9,1.7466007,4222.109,4780.453,7546032.5,6028468.5,507.80005,507.80005,887.0,3237.2002,681.6191,172
2025-06-22 16:00:00+00:00,499.0,24.612,21.762,22.789083,28.303883,25.178013,26.747438,46337.72,8392.216,17.300003,17.300003,19.0,10.5234585,41.760002,244.33699,6.88,1.3351486,4244.898,4807.2007,7592370.0,6036860.5,525.10004,525.10004,906.0,3244.08,682.9542,173
2025-06-23 16:00:00+00:00,499.0,25.212,20.862,22.864084,29.41771,23.530201,26.910606,46335.266,14570.006,10.000001,10.000001,19.0,11.995349,40.32,245.92801,9.34,1.757929,4267.762,4834.1113,7638705.5,6051430.5,535.10004,535.10004,925.0,3253.4202,684.71216,174
2025-06-24 16:00:00+00:00,499.0,27.012,22.862,24.355751,31.493645,27.346966,28.36975,46331.92,38315.27,2.2,2.2,10.0,14.292725,35.64,251.0262,15.24,3.0287547,4292.118,4862.481,7685037.5,6089746.0,537.30005,537.30005,935.0,3268.6602,687.7409,175
2025-06-25 16:00:00+00:00,499.0,29.012,23.062,24.774498,32.79455,26.82288,28.32342,46327.695,36929.367,0.2,0.2,2.0,17.418196,41.399998,254.97575,17.22,3.5149286,4316.8926,4890.804,7731365.0,6126675.5,537.50006,537.50006,937.0,3285.8801,691.25586,176
2025-06-26 16:00:00+00:00,499.0,25.462,21.412,23.105751,29.136856,24.768154,26.927378,46322.594,9063.459,6.2000003,6.2000003,14.0,10.9859,28.8,254.29126,7.24,1.48742,4339.9985,4917.7314,7777687.5,6135739.0,543.7001,543.7001,951.0,3293.12,692.7433,177
2025-06-27 16:00:00+00:00,499.0,25.462,22.262,23.4495,28.64922,26.224277,27.073801,46316.62,21607.934,4.899999,4.899999,22.0,16.189995,43.56,256.62827,13.06,2.4629953,4363.448,4944.805,7824004.0,6157347.0,548.6001,548.6001,973.0,3306.1802,695.2063,178
2025-06-28 16:00:00+00:00,499.0,24.362,22.312,23.053665,28.740929,26.060434,27.119207,46309.793,20767.629,29.099998,29.099998,24.0,13.491597,37.44,248.47853,9.16,1.5897858,4386.502,4971.9243,7870314.0,6178114.5,577.7001,577.7001,997.0,3315.34,696.7961,179
2025-06-29 16:00:00+00:00,499.0,24.512,22.212,23.222414,28.704441,26.262077,27.122505,46302.113,2070.9424,10.1,10.1,21.0,18.3794,44.639996,255.21014,6.74,1.3201188,4409.7246,4999.047,7916616.0,6180185.5,587.80005,587.80005,1018.0,3322.08,698.1162,180
2025-06-30 16:00:00+00:00,499.0,26.912,22.262,23.859917,30.466831,26.356642,27.756533,46293.59,20405.113,5.8999996,5.8999996,14.0,16.423458,41.399998,255.82239,13.92,2.6610003,4433.5845,5026.803,7962909.5,6200590.5,593.7001,593.7001,1032.0,3336.0,700.7772,181
2025-07-01 16:00:00+00:00,499.0,24.762,21.862,23.143248,28.881691,25.745361,27.144281,46284.234,5080.0054,5.7,5.7,19.0,12.815443,35.28,253.61667,8.03,1.6044196,4456.7275,5053.9473,8009193.5,6205670.5,599.4001,599.4001,1051.0,3344.03,702.38165,182
2025-07-02 16:00:00+00:00,499.0,27.212,22.562,24.203667,29.130688,27.106209,27.962343,46274.047,27852.336,0.3,0.3,3.0,15.96327,38.16,259.46985,12.4,2.6090891,4480.931,5081.9097,8055467.5,6233523.0,599.7001,599.7001,1054.0,3356.43,704.9907,183
2025-07-03 16:00:00+00:00,499.0,28.762,22.912,24.503668,31.896675,26.79544,28.25898,46263.047,23409.592,0.5,0.5,3.0,17.519281,43.199997,259.3501,14.02,2.8835962,4505.435,5110.1685,8101730.5,6256932.5,600.2001,600.2001,1057.0,3370.45,707.8743,184
2025-07-04 16:00:00+00:00,499.0,27.012,22.812,23.978668,29.62778,26.738842,27.83087,46251.24,28854.81,2.7999997,2.7999997,17.0,17.393066,45.719997,255.05396,12.48,2.3993685,4529.4136,5137.9995,8147981.5,6285787.5,603.00006,603.00006,1074.0,3382.93,710.2737,185
2025-07-05 16:00:00+00:00,499.0,26.362,22.912,23.993254,29.644722,27.126637,27.980196,46238.63,26704.96,2.1,2.1,9.0,15.760025,45.36,247.00684,12.93,2.5105937,4553.4067,5165.9795,8194220.0,6312492.5,605.10004,605.10004,1083.0,3395.8599,712.7843,186
2025-07-06 16:00:00+00:00,499.0,26.312,23.012,24.345337,29.602005,27.386684,28.32038,46225.11,32317.998,2.0,2.0,10.0,15.85329,37.8,252.385,12.1,2.4235873,4577.752,5194.3,8240445.0,6344810.5,607.10004,607.10004,1093.0,3407.96,715.2079,187
2025-07-07 16:00:00+00:00,499.0,28.262,22.912,24.445333,34.289913,26.708021,28.96752,46210.637,24130.76,9.400001,9.400001,12.0,10.597094,33.12,245.8698,15.25,2.9583893,4602.1973,5223.267,8286655.5,6368941.5,616.50006,616.50006,1105.0,3423.21,718.16626,188
2025-07-08 16:00:00+00:00,499.0,26.812,22.762,24.009918,30.554077,26.58315,27.886393,46195.25,22871.092,1.4000001,1.4000001,8.0,16.75064,48.239998,255.26611,13.01,2.5230176,4626.207,5251.1533,8332851.0,6391812.5,617.9001,617.9001,1113.0,3436.22,720.6893,189
2025-07-09 16:00:00+00:00,499.0,27.712,23.312,24.61825,30.396942,26.966225,28.285948,46178.97,37894.48,1.8000001,1.8000001,8.0,18.008097,41.399998,260.0293,15.77,3.082588,4650.825,5279.4395,8379030.0,6429707.0,619.7001,619.7001,1121.0,3451.99,723.77185,190
2025-07-10 16:00:00+00:00,499.0,26.212,23.212,24.09117,29.321056,26.14743,27.423317,46161.82,14731.766,2.6000004,2.6000004,13.0,18.252037,40.68,259.62332,11.72,2.226779,4674.9165,5306.863,8425192.0,6444439.0,622.30005,622.30005,1134.0,3463.71,725.99866,191
2025-07-11 16:00:00+00:00,499.0,26.562,23.012,24.145332,29.191967,27.171354,27.892572,46143.832,28783.805,4.2,4.2,15.0,17.393066,38.88,258.6978,11.93,2.2834806,4699.062,5334.7554,8471336.0,6473223.0,626.50006,626.50006,1149.0,3475.64,728.28217,192
2025-07-12 16:00:00+00:00,499.0,29.012,22.912,24.947416,32.961586,27.1468,28.957132,46125.035,39277.72,2.3,2.3,5.0,16.466803,36.36,251.58063,17.06,3.4384224,4724.0093,5363.7124,8517461.0,6512500.5,628.80005,628.80005,1154.0,3492.7,731.7206,193
2025-07-13 16:00:00+00:00,499.0,28.562,22.962,24.737,33.088078,27.404951,28.963228,46105.453,33436.48,5.4999995,5.4999995,4.0,11.090103,33.12,253.74443,15.39,3.0927527,4748.746,5392.676,8563566.0,6545937.0,634.30005,634.30005,1158.0,3508.0898,734.81335,194
2025-07-14 16:00:00+00:00,499.0,28.962,22.762,24.682837,34.140915,26.840733,29.125687,46085.12,37678.79,9.200001,9.200001,10.0,8.260411,26.64,251.46565,18.17,3.6242783,4773.4287,5421.8013,8609651.0,6583616.0,643.50006,643.50006,1168.0,3526.2598,738.4376,195
2025-07-15 16:00:00+00:00,499.0,29.412,22.912,24.518248,34.804195,27.16298,28.91987,46064.06,29902.328,6.2999997,6.2999997,6.0,10.228373,30.239998,250.11223,16.37,3.2892075,4797.947,5450.721,8655715.0,6613518.5,649.80005,649.80005,1174.0,3542.63,741.7268,196
2025-07-16 16:00:00+00:00,499.0,27.112,22.812,24.37033,31.010117,27.213903,28.442316,46042.293,22787.184,1.3000001,1.3000001,8.0,11.923557,37.44,246.78659,13.85,2.8055048,4822.317,5479.1636,8701757.0,6636305.5,651.10004,651.10004,1182.0,3556.48,744.5323,197
2025-07-17 16:00:00+00:00,499.0,26.212,22.712,23.628662,29.48423,26.416277,27.327965,46019.86,35040.066,7.7000003,7.7000003,18.0,15.342294,44.28,246.5031,13.05,2.4197443,4845.9453,5506.4917,8747777.0,6671345.5,658.80005,658.80005,1200.0,3569.53,746.952,198
2025-07-18 16:00:00+00:00,499.0,25.412,22.562,23.314081,29.146938,25.947897,26.992432,45996.777,20649.83,21.6,21.6,24.0,17.311846,50.76,247.22551,10.76,1.9750384,4869.2593,5533.4844,8793774.0,6691995.5,680.4,680.4,1224.0,3580.29,748.92706,199
2025-07-19 16:00:00+00:00,499.0,23.212,22.012,22.716164,27.702162,25.248142,26.311575,45973.082,0.0,52.999996,52.999996,24.0,15.779543,53.28,245.51723,2.98,0.6543899,4891.9756,5559.796,8839747.0,6691995.5,733.4,733.4,1248.0,3583.27,749.5815,200
2025-07-20 16:00:00+00:00,499.0,23.762,21.912,22.86825,28.071827,24.79822,26.172089,45948.797,0.0,24.300003,24.300003,23.0,15.312701,45.36,249.25089,5.8,1.129835,4914.8438,5585.968,8885696.0,6691995.5,757.7,757.7,1271.0,3589.07,750.7113,201
2025-07-21 16:00:00+00:00,499.0,24.762,22.712,23.472418,27.545279,25.191164,26.223028,45923.945,3460.989,10.200001,10.200001,24.0,21.697279,60.479996,252.9158,8.43,1.616183,4938.3164,5612.191,8931620.0,6695456.5,767.9,767.9,1295.0,3597.5,752.3275,202
2025-07-22 16:00:00+00:00,499.0,25.812,22.812,23.730753,28.136948,24.815624,26.206985,45898.56,14987.398,12.500001,12.500001,24.0,22.763416,66.24,247.11273,12.14,2.2009575,4962.0474,5638.398,8977519.0,6710444.0,780.4,780.4,1319.0,3609.64,754.52844,203
2025-07-23 16:00:00+00:00,499.0,25.562,23.112,24.1745,28.341389,25.953474,27.390326,45872.656,6436.2036,3.4999998,3.4999998,19.0,21.505291,51.839996,242.63455,11.04,2.1529932,4986.2217,5665.788,9023392.0,6716880.0,783.9,783.9,1338.0,3620.68,756.68146,204
2025-07-24 16:00:00+00:00,499.0,28.212,23.262,25.051582,32.471794,26.95246,28.685272,45846.27,41977.508,1.6,1.6,11.0,18.455048,54.0,246.12042,19.89,3.8184943,5011.2734,5694.473,9069238.0,6758857.5,785.5,785.5,1349.0,3640.5698,760.49994,205
2025-07-25 16:00:00+00:00,499.0,26.912,23.362,24.541168,29.63472,27.033463,28.06874,45819.418,36301.53,2.4999998,2.4999998,14.0,19.3104,47.519997,250.62305,16.55,3.1296906,5035.8145,5722.542,9115057.0,6795159.0,788.0,788.0,1363.0,3657.1199,763.62964,206
2025-07-26 16:00:00+00:00,499.0,25.662,23.062,24.066164,29.082954,26.722763,27.819878,45791.91,1408.7522,3.1999996,3.1999996,20.0,14.800554,48.6,254.75177,9.64,1.9192268,5059.881,5750.362,9160849.0,6796568.0,791.2,791.2,1383.0,3666.7598,765.5489,207
2025-07-27 16:00:00+00:00,499.0,27.012,23.512,24.672417,29.9183,27.188028,28.388338,45763.656,33254.555,1.7000002,1.7000002,13.0,20.57125,44.639996,251.96973,15.8,3.0357997,5084.553,5778.75,9206613.0,6829822.5,792.9,792.9,1396.0,3682.5598,768.5847,208
2025-07-28 16:00:00+00:00,499.0,26.562,23.412,24.401587,29.370361,27.17077,28.003738,45734.695,28215.15,4.8,4.8,15.0,21.429073,52.199997,253.00551,13.86,2.5728552,5108.9546,5806.754,9252348.0,6858037.5,797.7,797.7,1411.0,3696.42,771.1576,209
2025-07-29 16:00:00+00:00,499.0,27.362,23.262,24.628664,29.953983,27.071629,28.115015,45705.07,34306.926,2.4999998,2.4999998,16.0,20.870687,48.96,252.19221,15.64,2.9659333,5133.5835,5834.869,9298053.0,6892344.5,800.2,800.2,1427.0,3712.0598,774.12354,210
2025-07-30 16:00:00+00:00,499.0,27.812,23.762,25.091166,30.633121,27.834778,28.70968,45674.81,40070.906,1.1,1.1,8.0,20.368652,45.36,258.33047,17.49,3.4325256,5158.675,5863.5786,9343728.0,6932415.5,801.3,801.3,1435.0,3729.5498,777.556,211
2025-07-31 16:00:00+00:00,499.0,29.762,23.512,25.772417,33.482773,27.616776,29.450933,45643.94,41159.51,0.1,0.1,1.0,17.688606,45.0,257.54767,21.11,4.3411098,5184.4473,5893.03,9389372.0,6973575.0,801.39996,801.39996,1436.0,3750.66,781.89716,212
2025-08-01 16:00:00+00:00,499.0,30.362,23.062,25.70575,34.965637,27.387669,29.951645,45612.516,41191.883,1.1,1.1,4.0,13.277364,36.36,252.81671,20.95,4.295737,5210.153,5922.9814,9434985.0,7014767.0,802.49994,802.49994,1440.0,3771.6099,786.1929,213
2025-08-02 16:00:00+00:00,499.0,29.862,23.312,25.639082,35.75203,27.871544,30.294905,45580.555,40722.973,4.1,4.1,4.0,11.534054,34.92,250.47762,20.09,4.0705905,5235.792,5953.2764,9480566.0,7055490.0,806.5999,806.5999,1444.0,3791.7,790.2635,214
2025-08-03 16:00:00+00:00,499.0,29.612,22.312,25.28908,33.754677,26.107445,29.31562,45548.1,33455.043,0.8,0.8,3.0,16.204998,45.0,255.14856,19.57,4.006293,5261.081,5982.592,9526114.0,7088945.0,807.3999,807.3999,1447.0,3811.27,794.2698,215
2025-08-04 16:00:00+00:00,499.0,29.662,23.162,25.476583,34.33701,27.515352,29.73326,45515.18,41179.363,1.4000001,1.4000001,4.0,13.339445,37.44,255.86913,21.87,4.376317,5286.5576,6012.325,9571629.0,7130124.5,808.7999,808.7999,1451.0,3833.1401,798.6461,216
2025-08-05 16:00:00+00:00,499.0,29.662,23.162,24.961998,35.498985,27.247644,29.08429,45481.83,37151.918,1.4000001,1.4000001,4.0,13.590894,38.88,253.44157,18.79,3.7419205,5311.5195,6041.4097,9617111.0,7167276.5,810.19995,810.19995,1455.0,3851.9302,802.38806,217
2025-08-06 16:00:00+00:00,499.0,29.262,22.762,24.789083,34.37275,26.993864,29.20798,45448.08,35888.863,4.2,4.2,5.0,6.7853074,25.56,245.6285,17.33,3.5326564,5336.3086,6070.6177,9662559.0,7203165.5,814.39996,814.39996,1460.0,3869.2603,805.9207,218
2025-08-07 16:00:00+00:00,499.0,30.762,22.612,25.226585,36.52248,26.949125,30.047953,45413.96,36448.457,5.6,5.6,5.0,6.7397914,26.28,238.48666,22.15,4.4985437,5361.535,6100.6655,9707973.0,7239614.0,819.99994,819.99994,1465.0,3891.4102,810.41925,219
2025-08-08 16:00:00+00:00,499.0,28.312,22.062,24.607834,31.528778,25.890715,28.635283,45379.504,30561.53,1.0000001,1.0000001,8.0,13.934604,34.56,259.35272,15.52,3.1885936,5386.143,6129.301,9753353.0,7270175.5,820.99994,820.99994,1473.0,3906.9302,813.60785,220
2025-08-09 16:00:00+00:00,499.0,28.462,23.362,24.982834,32.767975,27.319431,28.546839,45344.746,29679.268,1.4000001,1.4000001,6.0,17.28,42.12,264.37918,16.44,3.3979936,5411.126,6157.8477,9798698.0,7299855.0,822.39996,822.39996,1479.0,3923.37,817.00586,221
2025-08-10 16:00:00+00:00,499.0,27.312,22.712,24.068247,30.76587,25.80256,27.589144,45309.72,28432.588,1.4000001,1.4000001,11.0,12.638512,38.88,256.10413,10.91,2.2552266,5435.1943,6185.437,9844008.0,7328287.5,823.8,823.8,1490.0,3934.28,819.2611,222
2025-08-11 16:00:00+00:00,499.0,27.712,22.462,23.68075,31.41146,25.995728,27.224955,45274.438,21707.324,3.4,3.4,13.0,14.474059,33.839996,253.78389,13.14,2.64598,5458.875,6212.662,9889282.0,7349995.0,827.2,827.2,1503.0,3947.42,821.9071,223
2025-08-12 16:00:00+00:00,499.0,28.212,22.212,23.80575,32.0086,25.891819,27.47452,45238.95,34725.22,7.8999996,7.8999996,6.0,11.701385,40.68,256.51425,16.08,3.1525068,5482.6807,6240.1367,9934521.0,7384720.0,835.10004,835.10004,1509.0,3963.5,825.05963,224
2025-08-13 16:00:00+00:00,499.0,26.512,22.312,23.620333,30.489555,25.546488,27.050936,45203.27,37699.92,4.2,4.2,12.0,16.67795,38.519997,258.3776,15.13,2.7851968,5506.301,6267.1875,9979724.0,7422420.0,839.30005,839.30005,1521.0,3978.63,827.84485,225
2025-08-14 16:00:00+00:00,499.0,27.562,22.162,23.134918,32.53125,25.479198,26.696678,45167.43,15472.643,21.400002,21.400002,21.0,13.75558,35.64,257.4053,9.58,1.8892528,5529.4355,6293.8843,10024891.0,7437892.5,860.7001,860.7001,1542.0,3988.21,829.73413,226
2025-08-15 16:00:00+00:00,499.0,24.812,22.062,22.797417,26.958395,25.383167,26.056917,45131.203,8935.61,20.200003,20.200003,24.0,16.759342,46.079998,250.8112,8.41,1.6214741,5552.233,6319.9414,10070022.0,7446828.0,880.9001,880.9001,1566.0,3996.6199,831.3556,227
2025-08-16 16:00:00+00:00,499.0,24.412,21.662,22.464083,27.849499,25.375845,26.405615,45094.484,6798.6606,8.400001,8.400001,21.0,11.269782,40.32,248.02422,8.09,1.5646487,5574.697,6346.347,10115116.0,7453626.5,889.3001,889.3001,1587.0,4004.71,832.9202,228
2025-08-17 16:00:00+00:00,499.0,26.212,20.912,23.322416,29.610813,24.299862,27.149261,45057.312,11491.904,2.3999999,2.3999999,14.0,11.525623,29.88,257.40454,10.01,2.0783842,5598.019,6373.4966,10160173.0,7465118.5,891.70013,891.70013,1601.0,4014.72,834.9986,229
2025-08-18 16:00:00+00:00,499.0,25.712,21.962,23.364084,29.97895,25.78678,27.40713,45019.71,16112.1455,4.2999997,4.2999997,14.0,11.45513,27.0,254.22932,10.97,2.1422136,5621.3833,6400.904,10205193.0,7481230.5,896.0001,896.0001,1615.0,4025.69,837.1408,230
2025-08-19 16:00:00+00:00,499.0,29.312,20.912,23.747416,35.592785,23.89181,27.796839,44981.723,37339.594,8.7,8.7,6.0,8.613709,25.199999,265.6014,19.85,3.9332843,5645.131,6428.7007,10250175.0,7518570.0,904.70013,904.70013,1621.0,4045.54,841.0741,231
2025-08-20 16:00:00+00:00,499.0,28.112,21.762,23.766167,34.165997,25.465567,28.119545,44943.37,31651.959,10.100001,10.100001,8.0,7.0223074,23.4,255.23686,17.57,3.464351,5668.897,6456.8203,10295118.0,7550222.0,914.8001,914.8001,1629.0,4063.11,844.53845,232
2025-08-21 16:00:00+00:00,499.0,24.312,21.812,22.534918,27.870785,25.291718,26.172709,44904.695,6098.914,15.400001,15.400001,21.0,14.571108,34.2,251.04848,6.5,1.2623794,5691.432,6482.993,10340023.0,7556321.0,930.20013,930.20013,1650.0,4069.61,845.80084,233
2025-08-22 16:00:00+00:00,499.0,26.962,20.912,22.90158,31.201595,24.043488,26.317072,44865.723,22761.266,3.7999997,3.7999997,11.0,12.882267,37.8,254.32385,13.89,2.6931343,5714.3335,6509.31,10384889.0,7579082.5,934.0001,934.0001,1661.0,4083.5,848.49396,234
2025-08-23 16:00:00+00:00,499.0,26.712,21.912,23.211998,29.852207,25.39269,26.696075,44826.484,27128.295,10.900001,10.900001,12.0,14.440443,39.6,258.00647,15.38,2.89299,5737.5454,6536.0063,10429715.0,7606211.0,944.90015,944.90015,1673.0,4098.88,851.38696,235
2025-08-24 16:00:00+00:00,499.0,25.612,21.912,23.162,28.361626,25.385147,26.411598,44787.008,31302.953,4.2,4.2,15.0,17.108522,38.16,258.98056,12.58,2.3343594,5760.7075,6562.418,10474502.0,7637514.0,949.10016,949.10016,1688.0,4111.46,853.7213,236
2025-08-25 16:00:00+00:00,499.0,24.662,22.112,22.716166,28.217537,25.300083,26.170115,44747.336,3252.455,12.0,12.0,22.0,17.47484,35.28,250.43242,7.16,1.3321457,5783.424,6588.588,10519249.0,7640766.5,961.10016,961.10016,1710.0,4118.62,855.05347,237
2025-08-26 16:00:00+00:00,499.0,23.512,22.062,22.612,27.56419,25.631435,26.45371,44707.48,464.72675,26.100002,26.100002,24.0,10.594036,33.12,251.90599,5.54,1.1119506,5806.0356,6615.0415,10563956.0,7641231.0,987.20013,987.20013,1734.0,4124.16,856.1654,238
2025-08-27 16:00:00+00:00,499.0,26.312,22.212,23.514082,29.103333,26.287157,27.267836,44667.477,15273.885,1.8000002,1.8000002,10.0,14.713831,35.64,261.13544,9.9,2.0263178,5829.55,6642.3096,10608623.0,7656505.0,989.0001,989.0001,1744.0,4134.06,858.1917,239
2025-08-28 16:00:00+00:00,499.0,28.812,22.412,24.530748,32.5843,26.267376,28.096087,44627.355,32820.36,1.2,1.2,7.0,14.319901,40.68,265.76367,19.31,3.8904152,5854.0806,6670.406,10653250.0,7689325.5,990.20013,990.20013,1751.0,4153.37,862.08215,240
2025-08-29 16:00:00+00:00,499.0,28.112,22.412,24.353668,31.559532,25.767242,27.65023,44587.14,32814.79,0.3,0.3,2.0,19.620825,48.6,264.321,17.74,3.466003,5878.434,6698.056,10697837.0,7722140.5,990.5001,990.5001,1753.0,4171.1104,865.54816,241
2025-08-30 16:00:00+00:00,499.0,25.512,22.412,23.611998,28.888664,26.075727,27.029024,44546.867,27556.484,7.2000003,7.2000003,15.0,18.079027,43.199997,253.49167,12.93,2.3777266,5902.046,6725.085,10742384.0,7749697.0,997.70013,997.70013,1768.0,4184.0405,867.9259,242
2025-08-31 16:00:00+00:00,499.0,27.962,22.312,23.757835,33.023613,26.308565,28.09298,44506.55,31086.521,8.699999,8.699999,21.0,8.951267,25.199999,245.81264,12.65,2.5236921,5925.8037,6753.1777,10786891.0,7780783.5,1006.40015,1006.40015,1789.0,4196.6904,870.4496,243
2025-09-01 16:00:00+00:00,499.0,24.312,22.412,23.237001,28.720058,26.566765,27.516973,44466.234,2299.7844,12.600002,12.600002,22.0,10.706595,28.8,254.23877,7.32,1.4709817,5949.0405,6780.695,10831357.0,7783083.5,1019.0001,1019.0001,1811.0,4204.0103,871.9206,244
2025-09-02 16:00:00+00:00,499.0,28.862,21.912,23.907831,32.646877,26.046026,27.996664,44425.93,20917.598,6.599999,6.599999,21.0,10.957847,28.44,253.30064,13.24,2.7368665,5972.948,6808.6914,10875783.0,7804001.0,1025.6001,1025.6001,1832.0,4217.2505,874.6575,245
2025-09-03 16:00:00+00:00,499.0,26.712,22.412,23.484917,32.910736,26.6169,28.248991,44385.668,15706.495,18.800003,18.800003,18.0,6.2483597,21.96,255.98514,9.14,1.8486469,5996.433,6836.9404,10920169.0,7819707.5,1044.4001,1044.4001,1850.0,4226.3906,876.5061,246
2025-09-04 16:00:00+00:00,499.0,26.662,22.512,23.726585,31.4847,26.556803,28.143785,44345.21,13651.609,7.799999,7.799999,10.0,7.748368,23.759998,254.9781,11.56,2.2950506,6020.1597,6865.084,10964514.0,7833359.0,1052.2002,1052.2002,1860.0,4237.9507,878.80115,247
2025-09-05 16:00:00+00:00,499.0,27.512,21.462,23.632833,32.437035,25.062208,28.002625,44304.457,25546.135,13.4,13.4,15.0,6.6697226,21.96,253.93996,13.31,2.7037177,6043.7925,6893.0864,11008818.0,7858905.0,1065.6002,1065.6002,1875.0,4251.2607,881.5049,248
2025-09-06 16:00:00+00:00,499.0,27.162,22.312,23.668245,33.500076,26.707428,28.339546,44263.43,22218.662,16.700003,16.700003,21.0,7.562142,24.84,237.20045,11.6,2.3611133,6067.461,6921.426,11053081.0,7881123.5,1082.3002,1082.3002,1896.0,4262.861,883.86597,249
2025-09-07 16:00:00+00:00,499.0,25.912,22.212,23.034914,29.329414,26.43008,27.285852,44222.156,4341.5903,27.199999,27.199999,24.0,10.934166,33.839996,241.23016,6.89,1.4133916,6090.496,6948.7114,11097303.0,7885465.0,1109.5001,1109.5001,1920.0,4269.751,885.27936,250
2025-09-08 16:00:00+00:00,499.0,25.012,22.162,23.05575,29.535942,26.29836,27.299416,44180.67,16839.076,8.7,8.7,24.0,12.061343,29.88,240.27802,9.92,1.8454736,6113.552,6976.0107,11141484.0,7902304.0,1118.2001,1118.2001,1944.0,4279.671,887.1248,251
2025-09-09 16:00:00+00:00,499.0,25.712,21.862,23.168253,29.837097,25.93142,27.426428,44138.996,13376.994,9.900002,9.900002,24.0,8.089993,25.199999,244.02754,11.25,2.2090728,6136.72,7003.437,11185623.0,7915681.0,1128.1001,1128.1001,1968.0,4290.921,889.33386,252
2025-09-10 16:00:00+00:00,499.0,27.012,21.412,23.603666,31.557755,25.33048,27.8007,44097.168,20896.55,5.2,5.2,16.0,9.0,26.28,248.11952,13.2,2.6425056,6160.3237,7031.238,11229720.0,7936577.5,1133.3,1133.3,1984.0,4304.121,891.9764,253
2025-09-11 16:00:00+00:00,499.0,29.262,21.362,24.409914,35.648144,25.147226,29.009409,44055.203,40141.523,2.8,2.8,4.0,6.2999997,19.8,256.74472,19.71,3.9876266,6184.734,7060.247,11273775.0,7976719.0,1136.1001,1136.1001,1988.0,4323.831,895.964,254
2025-09-12 16:00:00+00:00,499.0,29.062,21.062,24.264082,35.04633,24.650526,28.894396,44013.137,37930.516,2.9,2.9,6.0,5.426933,18.72,270.25916,18.75,3.7914479,6208.998,7089.1416,11317788.0,8014649.5,1139.0001,1139.0001,1994.0,4342.581,899.75543,255
2025-09-13 16:00:00+00:00,499.0,28.662,22.012,24.08283,34.70139,26.402716,28.90605,43970.99,33367.83,1.7,1.7,5.0,4.514377,19.08,271.49753,16.54,3.3702033,6233.081,7118.048,11361759.0,8048017.5,1140.7001,1140.7001,1999.0,4359.121,903.1256,256
2025-09-14 16:00:00+00:00,499.0,28.562,21.912,24.195333,33.599796,26.113667,28.544891,43928.793,35340.45,3.4999998,3.4999998,10.0,6.8541956,21.24,184.68034,17.43,3.5435457,6257.2764,7146.593,11405688.0,8083358.0,1144.2001,1144.2001,2009.0,4376.5513,906.6691,257
2025-09-15 16:00:00+00:00,499.0,28.412,21.762,24.16825,33.25121,25.79725,28.496092,43886.57,31079.898,2.2,2.2,9.0,7.5105524,19.8,230.95016,15.7,3.2157571,6281.445,7175.089,11449575.0,8114438.0,1146.4,1146.4,2018.0,4392.2515,909.8849,258
2025-09-16 16:00:00+00:00,499.0,28.912,22.412,24.091164,34.38542,26.345016,28.199629,43844.348,30581.615,1.1,1.1,5.0,10.766949,30.599998,247.50731,15.93,3.1781836,6305.536,7203.2886,11493419.0,8145019.5,1147.5,1147.5,2023.0,4408.1816,913.06305,259
2025-09-17 16:00:00+00:00,499.0,26.912,22.262,23.262,30.600529,26.129646,27.339684,43802.156,16008.506,17.3,17.3,20.0,10.9859,28.44,251.3574,7.88,1.6090059,6328.7983,7230.6284,11537221.0,8161028.0,1164.8,1164.8,2043.0,4416.0615,914.67206,260
2025-09-18 16:00:00+00:00,499.0,25.562,22.162,23.128668,28.734238,24.75499,26.195612,43760.02,20842.121,5.5999994,5.5999994,22.0,16.34832,49.32,247.95857,10.39,1.9943533,6351.9272,7256.824,11580981.0,8181870.0,1170.4,1170.4,2065.0,4426.4517,916.6664,261
2025-09-19 16:00:00+00:00,499.0,25.762,22.462,23.664083,29.076405,26.240265,27.27111,43717.96,38830.645,7.7999997,7.7999997,16.0,15.94601,42.12,244.09462,13.41,2.474015,6375.5913,7284.095,11624699.0,8220700.5,1178.2001,1178.2001,2081.0,4439.862,919.1404,262
2025-09-20 16:00:00+00:00,499.0,28.062,22.562,24.345331,31.665405,26.110674,27.89514,43676.01,38167.496,0.70000005,0.70000005,7.0,18.11215,44.639996,252.765,17.7,3.4541059,6399.9365,7311.99,11668375.0,8258868.0,1178.9,1178.9,2088.0,4457.562,922.5945,263
2025-09-21 16:00:00+00:00,499.0,27.012,22.562,24.33075,29.55117,26.928482,28.007576,43634.19,37764.633,0.70000005,0.70000005,6.0,16.368128,38.88,253.71144,14.33,2.8876007,6424.267,7339.998,11712009.0,8296632.5,1179.6,1179.6,2094.0,4471.892,925.48206,264
2025-09-22 16:00:00+00:00,499.0,25.262,22.862,23.707832,28.77274,26.131895,27.252472,43592.523,13739.328,4.2,4.2,16.0,15.503006,40.68,252.10483,8.78,1.7345979,6447.975,7367.2505,11755602.0,8310372.0,1183.7999,1183.7999,2110.0,4480.672,927.2167,265
2025-09-23 16:00:00+00:00,499.0,24.862,22.562,23.430748,28.302078,26.252571,27.087008,43551.04,15591.162,8.5,8.5,22.0,16.423458,52.56,254.69003,9.86,1.7946848,6471.406,7394.3374,11799153.0,8325963.0,1192.2999,1192.2999,2132.0,4490.5317,929.01135,266
2025-09-24 16:00:00+00:00,499.0,25.462,22.362,23.25783,29.04979,26.10402,26.877607,43509.492,35878.184,13.700001,13.700001,24.0,18.030573,46.8,252.8618,12.73,2.1775143,6494.6636,7421.215,11842662.0,8361841.0,1205.9999,1205.9999,2156.0,4503.2617,931.18884,267
2025-09-25 16:00:00+00:00,499.0,24.862,22.462,23.159914,28.47678,25.973381,26.82667,43467.77,9811.389,11.200002,11.200002,24.0,12.638512,36.719997,255.51898,8.24,1.6244508,6517.8237,7448.0415,11886130.0,8371652.5,1217.1998,1217.1998,2180.0,4511.502,932.8133,268
2025-09-26 16:00:00+00:00,499.0,25.612,22.462,23.220331,28.325878,26.136684,27.05136,43425.9,9141.874,6.499999,6.499999,20.0,14.584445,33.12,261.7008,8.31,1.6540061,6541.044,7475.093,11929556.0,8380794.5,1223.6998,1223.6998,2200.0,4519.812,934.4673,269
2025-09-27 16:00:00+00:00,499.0,27.712,21.962,23.757833,31.088741,25.925215,27.539827,43383.906,28343.617,3.2999995,3.2999995,13.0,14.584443,37.079998,269.89417,12.86,2.570704,6564.802,7502.633,11972940.0,8409138.0,1226.9999,1226.9999,2213.0,4532.672,937.03796,270
2025-09-28 16:00:00+00:00,499.0,27.262,22.312,23.9245,30.363506,25.830042,27.141,43341.83,28657.396,0.70000005,0.70000005,5.0,17.95043,38.88,252.98604,14.63,2.8978434,6588.726,7529.774,12016282.0,8437795.0,1227.6998,1227.6998,2218.0,4547.302,939.9358,271
2025-09-29 16:00:00+00:00,499.0,25.962,22.312,23.462,29.209332,25.83833,27.09919,43299.68,18363.795,4.2000003,4.2000003,17.0,15.536408,39.96,233.25346,12.2,2.3285587,6612.188,7556.873,12059582.0,8456159.0,1231.8998,1231.8998,2235.0,4559.502,942.26434,272
2025-09-30 16:00:00+00:00,499.0,28.562,21.662,23.907835,34.76919,25.45456,28.345041,43257.504,34408.48,2.6000001,2.6000001,7.0,7.731622,23.4,246.84485,18.28,3.6123788,6636.0957,7585.2183,12102840.0,8490567.0,1234.4998,1234.4998,2242.0,4577.7817,945.8767,273
2025-10-01 16:00:00+00:00,499.0,29.312,20.662,23.820333,35.476013,24.073029,28.314997,43215.316,38567.305,7.5,7.5,9.0,6.0347,19.08,312.04916,20.62,4.098135,6659.916,7613.533,12146055.0,8529134.0,1241.9998,1241.9998,2251.0,4598.402,949.97485,274
2025-10-02 16:00:00+00:00,499.0,28.662,21.312,24.420332,34.684086,24.885677,29.196531,43173.152,39149.098,2.5,2.5,9.0,7.6642804,21.96,298.33636,20.33,4.0300417,6684.3364,7642.7295,12189228.0,8568283.0,1244.4998,1244.4998,2260.0,4618.732,954.0049,275
2025-10-03 16:00:00+00:00,499.0,28.012,22.212,24.18492,33.65948,26.232027,28.849998,43131.04,36000.0,7.5999994,7.5999994,13.0,5.068846,20.519999,258.7793,15.59,3.1401942,6708.5215,7671.5796,12232359.0,8604283.0,1252.0997,1252.0997,2273.0,4634.322,957.1451,276
2025-10-04 16:00:00+00:00,499.0,28.162,20.912,23.703665,33.876614,24.347816,27.785791,43089.0,38730.598,2.0,2.0,4.0,9.82279,27.72,257.88937,18.37,3.5859363,6732.225,7699.365,12275448.0,8643014.0,1254.0997,1254.0997,2277.0,4652.692,960.731,277
2025-10-05 16:00:00+00:00,499.0,28.712,21.962,24.380747,33.209225,25.569881,28.13173,43047.08,39558.34,0.6,0.6,3.0,15.299999,37.44,260.22092,20.38,3.9519167,6756.606,7727.497,12318495.0,8682572.0,1254.6997,1254.6997,2280.0,4673.072,964.6829,278
2025-10-06 16:00:00+00:00,499.0,28.762,22.112,24.37033,33.35083,25.688873,28.266993,43005.28,33893.18,1.6000001,1.6000001,4.0,12.168319,30.239998,259.28845,18.29,3.643882,6780.976,7755.764,12361500.0,8716465.0,1256.2997,1256.2997,2284.0,4691.362,968.3268,279
2025-10-07 16:00:00+00:00,499.0,27.212,21.762,23.132833,31.642166,25.539156,27.279272,42963.656,13712.566,8.7,8.7,12.0,9.54679,26.28,268.26663,9.84,1.9361948,6804.109,7783.0435,12404464.0,8730178.0,1264.9996,1264.9996,2296.0,4701.2017,970.263,280
2025-10-08 16:00:00+00:00,499.0,26.162,21.612,23.164083,31.188087,25.319221,27.348055,42922.223,32945.02,16.3,16.3,15.0,7.0038276,19.44,269.124,15.23,2.954228,6827.273,7810.3916,12447386.0,8763123.0,1281.2997,1281.2997,2311.0,4716.4316,973.2172,281
2025-10-09 16:00:00+00:00,499.0,27.912,21.362,23.647415,33.55942,24.98319,27.896881,42881.016,34869.664,6.2000003,6.2000003,10.0,6.489992,21.599998,300.76257,18.27,3.5972114,6850.9204,7838.2886,12490267.0,8797993.0,1287.4996,1287.4996,2321.0,4734.7017,976.81445,282
2025-10-10 16:00:00+00:00,499.0,27.612,20.512,23.2745,32.71647,23.720438,27.60022,42840.06,36941.766,5.5,5.5,11.0,7.973005,20.519999,314.49893,16.01,3.1167161,6874.195,7865.8887,12533107.0,8834935.0,1292.9996,1292.9996,2332.0,4750.7114,979.93115,283
2025-10-11 16:00:00+00:00,499.0,27.412,21.412,23.822416,33.080833,25.36287,28.48552,42799.39,36782.32,8.200001,8.200001,16.0,5.6262593,18.72,358.05853,15.91,3.1199696,6898.017,7894.374,12575906.0,8871717.0,1301.1996,1301.1996,2348.0,4766.6216,983.05115,284
2025-10-12 16:00:00+00:00,499.0,28.912,21.612,23.382833,34.29278,25.912369,28.161127,42759.03,9131.507,16.800001,16.800001,12.0,6.638072,18.359999,10.027828,8.74,1.7838314,6921.4,7922.535,12618665.0,8880849.0,1317.9996,1317.9996,2360.0,4775.362,984.83496,285
2025-10-13 16:00:00+00:00,499.0,26.662,21.212,23.284918,32.233265,25.23794,27.897905,42719.008,20492.547,6.7999997,6.7999997,14.0,6.424764,20.16,69.41442,12.02,2.3556252,6944.685,7950.433,12661384.0,8901342.0,1324.7997,1324.7997,2374.0,4787.382,987.1906,286
2025-10-14 16:00:00+00:00,499.0,27.762,22.112,23.666166,33.554176,26.426823,28.520761,42679.066,23320.734,8.700001,8.700001,13.0,4.755544,24.84,37.79752,13.31,2.68271,6968.351,7978.954,12704063.0,8924663.0,1333.4996,1333.4996,2387.0,4800.692,989.87335,287
2025-10-15 16:00:00+00:00,499.0,27.112,21.412,23.68492,31.199112,25.163174,27.758677,42639.074,22567.242,3.9999998,3.9999998,6.0,10.152064,24.119999,24.348768,12.03,2.3633442,6992.036,8006.713,12746702.0,8947230.0,1337.4996,1337.4996,2393.0,4812.7217,992.2367,288
2025-10-16 16:00:00+00:00,499.0,27.462,22.012,24.239084,32.248016,25.584846,28.328484,42599.062,28222.535,3.1999996,3.1999996,10.0,13.6289835,36.0,29.510246,14.83,2.8979948,7016.2754,8035.0415,12789301.0,8975453.0,1340.6996,1340.6996,2403.0,4827.552,995.1347,289
2025-10-17 16:00:00+00:00,499.0,28.562,22.212,24.316168,34.938908,25.822094,28.743002,42559.066,37092.43,5.9000006,5.9000006,9.0,13.213764,39.96,25.3707,18.93,3.6386852,7040.592,8063.7847,12831860.0,9012545.0,1346.5996,1346.5996,2412.0,4846.482,998.7734,290
2025-10-18 16:00:00+00:00,499.0,27.012,22.112,23.9495,31.692852,26.160898,28.236578,42519.12,38119.227,3.4,3.4,9.0,10.234705,38.88,29.931421,16.15,3.0669956,7064.5415,8092.0215,12874379.0,9050664.0,1349.9996,1349.9996,2421.0,4862.632,1001.8404,291
2025-10-19 16:00:00+00:00,499.0,25.962,22.112,23.484915,30.507893,25.974192,27.804594,42479.258,12587.628,5.3999996,5.3999996,9.0,10.1887,24.84,18.472591,8.49,1.7302333,7088.0264,8119.826,12916858.0,9063252.0,1355.3997,1355.3997,2430.0,4871.122,1003.5706,292
2025-10-20 16:00:00+00:00,499.0,27.662,21.412,23.7745,30.44735,25.162289,27.489677,42439.508,19295.748,1.9000002,1.9000002,12.0,11.870451,29.519999,21.73189,12.24,2.494962,7111.801,8147.316,12959298.0,9082548.0,1357.2997,1357.2997,2442.0,4883.3623,1006.06555,293
2025-10-21 16:00:00+00:00,499.0,27.062,21.462,24.039085,29.705734,24.903782,27.135,42399.914,38325.992,0.0,0.0,0.0,16.293728,39.239998,30.068504,18.59,3.6623151,7135.84,8174.4507,13001698.0,9120874.0,1357.2997,1357.2997,2442.0,4901.952,1009.72784,294
2025-10-22 16:00:00+00:00,499.0,26.662,21.362,23.366167,28.718227,23.688635,25.84137,42360.5,35161.96,0.0,0.0,0.0,16.176983,46.44,35.604618,17.52,3.437402,7159.206,8200.292,13044058.0,9156036.0,1357.2997,1357.2997,2442.0,4919.472,1013.1652,295
2025-10-23 16:00:00+00:00,499.0,26.862,21.262,23.637001,29.615368,23.776123,26.332361,42321.305,38048.332,0.0,0.0,0.0,13.934605,39.6,44.392994,18.0,3.5078912,7182.8433,8226.624,13086379.0,9194084.0,1357.2997,1357.2997,2442.0,4937.472,1016.6731,296
2025-10-24 16:00:00+00:00,499.0,25.362,22.012,23.374498,27.83191,24.942225,26.349707,42282.367,23887.166,0.8,0.8,5.0,15.266079,41.399998,44.400356,11.28,2.2818818,7206.218,8252.974,13128661.0,9217971.0,1358.0997,1358.0997,2447.0,4948.752,1018.95496,297
2025-10-25 16:00:00+00:00,499.0,26.162,21.662,23.611998,28.906918,25.337934,26.94422,42243.723,26571.398,0.5,0.5,4.0,14.174356,40.68,40.954487,12.03,2.4612615,7229.8296,8279.918,13170905.0,9244542.0,1358.5997,1358.5997,2451.0,4960.7817,1021.4162,298
2025-10-26 16:00:00+00:00,499.0,27.162,21.412,24.076584,30.130222,24.626993,27.205124,42205.402,38597.492,0.0,0.0,0.0,14.766584,37.44,26.847906,19.25,3.770749,7253.9062,8307.123,13213110.0,9283139.0,1358.5997,1358.5997,2451.0,4980.0317,1025.1869,299
2025-10-27 16:00:00+00:00,499.0,26.462,21.712,23.689081,29.253483,24.472147,26.931265,42167.438,25196.1,1.2,1.2,3.0,7.5685663,29.519999,354.6837,9.94,2.1456585,7277.595,8334.055,13255277.0,9308335.0,1359.7997,1359.7997,2454.0,4989.9717,1027.3325,300
2025-10-28 16:00:00+00:00,499.0,25.962,21.662,23.374502,28.652214,25.34391,27.069397,42129.88,11662.036,3.1000004,3.1000004,14.0,15.070633,30.599998,7.383248,9.41,1.9462965,7300.9697,8361.124,13297407.0,9319997.0,1362.8997,1362.8997,2468.0,4999.382,1029.2788,301
2025-10-29 16:00:00+00:00,499.0,25.512,21.212,23.21408,28.457657,25.327215,26.914055,42092.758,27431.045,3.6,3.6,9.0,15.042659,42.839996,14.870665,11.07,2.1357932,7324.1836,8388.038,13339500.0,9347428.0,1366.4996,1366.4996,2477.0,5010.4517,1031.4146,302
2025-10-30 16:00:00+00:00,499.0,26.662,21.612,23.270332,31.09357,25.471947,27.439842,42056.11,20444.707,2.9,2.9,9.0,7.613382,22.319998,48.295288,10.07,2.0212731,7347.454,8415.478,13381556.0,9367873.0,1369.3997,1369.3997,2486.0,5020.5215,1033.4358,303
2025-10-31 16:00:00+00:00,499.0,27.712,21.862,23.637,33.73047,26.23737,28.415491,42019.984,19802.44,14.200001,14.200001,9.0,5.896202,23.4,240.31996,11.77,2.355689,7371.0913,8443.893,13423576.0,9387675.0,1383.5996,1383.5996,2495.0,5032.2915,1035.7915,304
2025-11-01 16:00:00+00:00,499.0,26.262,22.012,23.334915,31.308174,26.304684,27.858734,41984.402,18842.54,12.3,12.3,15.0,8.37532,24.48,241.9804,9.94,1.9825963,7394.4263,8471.751,13465560.0,9406518.0,1395.8997,1395.8997,2510.0,5042.2314,1037.774,305
2025-11-02 16:00:00+00:00,499.0,25.312,21.762,22.932833,30.55371,26.10062,27.648977,41949.414,21250.586,14.999999,14.999999,20.0,6.037383,19.8,261.03876,9.13,1.8442682,7417.359,8499.4,13507509.0,9427769.0,1410.8997,1410.8997,2530.0,5051.3613,1039.6183,306
2025-11-03 16:00:00+00:00,499.0,27.812,20.262,23.343252,31.148865,23.967527,27.435293,41914.734,36486.69,2.1000001,2.1000001,15.0,3.3092597,14.4,290.7387,13.75,2.7567732,7440.702,8526.836,13549424.0,9464256.0,1412.9996,1412.9996,2545.0,5065.1113,1042.375,307
2025-11-04 16:00:00+00:00,499.0,27.312,21.512,23.199501,32.03741,25.216656,27.462656,41880.24,34464.547,6.6000004,6.6000004,18.0,7.327127,22.319998,41.34408,13.67,2.6339407,7463.902,8554.299,13591304.0,9498721.0,1419.5996,1419.5996,2563.0,5078.7812,1045.0089,308
2025-11-05 16:00:00+00:00,499.0,26.912,21.362,23.597412,30.80735,25.044714,27.694742,41845.96,32984.14,1.0000001,1.0000001,7.0,8.528657,23.039999,11.622992,14.36,2.7866857,7487.499,8581.993,13633150.0,9531705.0,1420.5996,1420.5996,2570.0,5093.141,1047.7957,309
2025-11-06 16:00:00+00:00,499.0,27.212,21.712,23.736998,32.008682,25.689003,28.33196,41811.934,22875.418,3.8000004,3.8000004,13.0,5.0432134,20.16,272.69708,11.44,2.3091385,7511.236,8610.325,13674962.0,9554580.0,1424.3997,1424.3997,2583.0,5104.581,1050.1047,310
2025-11-07 16:00:00+00:00,499.0,26.662,21.812,23.43283,31.892506,25.862007,28.067091,41778.19,21648.951,11.400001,11.400001,18.0,5.7628117,18.0,257.5089,11.49,2.300009,7534.6685,8638.393,13716740.0,9576229.0,1435.7997,1435.7997,2601.0,5116.0713,1052.4048,311
2025-11-08 16:00:00+00:00,499.0,28.462,21.412,23.853666,33.490395,25.692553,28.58581,41744.78,33193.582,2.3,2.3,6.0,3.6179552,16.919998,271.6365,14.88,2.9941278,7558.522,8666.979,13758485.0,9609423.0,1438.0997,1438.0997,2607.0,5130.951,1055.3989,312
2025-11-09 16:00:00+00:00,499.0,28.712,21.712,23.86825,35.065,25.629196,28.442762,41711.734,29646.564,7.0,7.0,7.0,6.12,20.519999,278.72772,15.48,3.0787299,7582.39,8695.421,13800197.0,9639070.0,1445.0997,1445.0997,2614.0,5146.431,1058.4777,313
2025-11-10 16:00:00+00:00,499.0,29.362,20.862,23.884916,35.362144,24.327042,28.4607,41679.09,35806.383,1.4,1.4,4.0,6.1437774,18.359999,268.97693,18.33,3.6584218,7606.275,8723.882,13841876.0,9674876.0,1446.4998,1446.4998,2618.0,5164.761,1062.1361,314
2025-11-11 16:00:00+00:00,499.0,28.312,21.362,24.191168,34.199886,25.12433,28.751549,41646.887,35947.184,2.1,2.1,7.0,7.208994,23.4,339.17896,17.08,3.3660533,7630.4663,8752.634,13883523.0,9710823.0,1448.5997,1448.5997,2625.0,5181.8413,1065.5022,315
2025-11-12 16:00:00+00:00,499.0,24.862,22.112,23.212,30.30159,26.59211,27.9197,41615.168,8981.197,4.7,4.7,10.0,5.896202,23.039999,34.463745,7.62,1.5128268,7653.678,8780.554,13925138.0,9719804.0,1453.2997,1453.2997,2635.0,5189.4614,1067.015,316
2025-11-13 16:00:00+00:00,499.0,26.912,21.862,23.747416,30.908466,25.904352,27.62703,41583.965,33245.746,1.3000001,1.3000001,9.0,11.511559,36.0,44.190357,15.79,3.0527925,7677.426,8808.181,13966722.0,9753050.0,1454.5997,1454.5997,2644.0,5205.2515,1070.0677,317
2025-11-14 16:00:00+00:00,499.0,25.762,19.112,22.264084,27.079931,21.016266,24.01797,41553.33,38100.445,0.0,0.0,0.0,16.309628,41.039997,33.094334,21.73,4.1660666,7699.69,8832.198,14008275.0,9791150.0,1454.5997,1454.5997,2644.0,5226.9814,1074.2338,318
2025-11-15 16:00:00+00:00,499.0,26.012,19.212,22.197416,28.216888,20.578644,23.883238,41523.293,38067.598,0.0,0.0,0.0,14.77755,45.0,35.411133,20.21,3.830898,7721.887,8856.081,14049798.0,9829218.0,1454.5997,1454.5997,2644.0,5247.1914,1078.0647,319
2025-11-16 16:00:00+00:00,499.0,25.712,20.262,22.662,27.391394,22.737316,25.157553,41493.9,35774.34,0.70000005,0.70000005,4.0,15.22783,41.039997,37.26479,13.65,2.6624398,7744.5493,8881.238,14091292.0,9864992.0,1455.2997,1455.2997,2648.0,5260.8413,1080.7272,320
2025-11-17 16:00:00+00:00,499.0,24.062,20.912,22.134916,26.940609,23.406603,24.663237,41465.19,200.10338,4.8,4.8,16.0,14.974658,41.039997,20.918905,6.8,1.445664,7766.684,8905.901,14132757.0,9865192.0,1460.0997,1460.0997,2664.0,5267.641,1082.1729,321
2025-11-18 16:00:00+00:00,499.0,23.212,19.212,20.332834,23.145145,18.866615,21.250996,41437.21,9961.808,5.1000004,5.1000004,16.0,23.17041,53.28,28.524143,7.3,1.5480318,7787.017,8927.152,14174194.0,9875154.0,1465.1997,1465.1997,2680.0,5274.941,1083.7208,322
2025-11-19 16:00:00+00:00,499.0,21.412,18.162,19.474497,21.363928,17.217245,19.137909,41410.004,24438.562,0.3,0.3,3.0,15.83693,42.12,19.74287,10.71,2.5129025,7806.4917,8946.29,14215604.0,9899593.0,1465.4998,1465.4998,2683.0,5285.651,1086.2338,323
2025-11-20 16:00:00+00:00,499.0,23.362,18.412,20.287,23.885693,17.797218,20.05078,41383.61,37281.082,0.0,0.0,0.0,17.38934,44.28,17.013773,18.1,3.7033324,7826.779,8966.341,14256988.0,9936874.0,1465.4998,1465.4998,2683.0,5303.751,1089.9371,324
2025-11-21 16:00:00+00:00,499.0,25.012,19.362,21.114082,26.25609,18.595865,21.403137,41358.074,34606.508,0.0,0.0,0.0,15.017871,38.16,13.610918,16.76,3.6163986,7847.893,8987.744,14298346.0,9971481.0,1465.4998,1465.4998,2683.0,5320.5107,1093.5536,325
2025-11-22 16:00:00+00:00,499.0,25.462,18.362,21.470331,26.45114,18.518835,22.286127,41333.434,36816.984,0.0,0.0,0.0,16.67795,42.839996,9.5679655,17.63,3.544613,7869.3633,9010.03,14339679.0,10008298.0,1465.4998,1465.4998,2683.0,5338.1406,1097.0981,326
2025-11-23 16:00:00+00:00,499.0,25.412,20.262,22.489084,26.845474,20.398129,23.551931,41309.457,34223.43,0.0,0.0,0.0,17.280935,46.44,17.6067,15.2,3.309647,7891.8525,9033.582,14380988.0,10042521.0,1465.4998,1465.4998,2683.0,5353.341,1100.4078,327
2025-11-24 16:00:00+00:00,499.0,24.812,20.312,22.101583,25.53572,20.462715,22.504915,41286.043,36584.875,0.0,0.0,0.0,19.586119,51.839996,29.400826,16.87,3.6182363,7913.954,9056.087,14422274.0,10079106.0,1465.4998,1465.4998,2683.0,5370.211,1104.0261,328
2025-11-25 16:00:00+00:00,499.0,25.062,18.412,21.299501,26.292456,18.344301,21.716127,41263.215,37885.816,0.0,0.0,0.0,15.881875,41.039997,22.211601,20.19,4.042119,7935.2534,9077.803,14463537.0,10116992.0,1465.4998,1465.4998,2683.0,5390.401,1108.0682,329
2025-11-26 16:00:00+00:00,499.0,23.762,17.662,20.403666,23.51875,17.130745,19.721388,41240.99,37909.668,0.0,0.0,0.0,20.737532,50.76,25.385891,21.01,4.32945,7955.657,9097.524,14504778.0,10154902.0,1465.4998,1465.4998,2683.0,5411.4106,1112.3977,330
2025-11-27 16:00:00+00:00,499.0,22.962,16.012001,18.957834,21.890734,13.504869,17.16955,41219.414,37921.26,0.0,0.0,0.0,17.727943,46.079998,22.595457,21.59,4.6654234,7974.615,9114.694,14545997.0,10192823.0,1465.4998,1465.4998,2683.0,5433.0005,1117.0631,331
2025-11-28 16:00:00+00:00,499.0,25.312,13.812,18.997417,25.930605,12.350994,18.587542,41198.508,37933.777,0.0,0.0,0.0,11.351422,33.12,3.3418386,21.35,4.1821113,7993.613,9133.282,14587196.0,10230757.0,1465.4998,1465.4998,2683.0,5454.3506,1121.2452,332
2025-11-29 16:00:00+00:00,499.0,27.562,14.762,20.616167,28.986198,14.739944,21.35597,41178.293,37947.133,0.0,0.0,0.0,8.067936,22.68,358.2713,21.44,4.197702,8014.229,9154.639,14628374.0,10268704.0,1465.4998,1465.4998,2683.0,5475.7905,1125.443,333
2025-11-30 16:00:00+00:00,499.0,28.312,17.012,22.055754,29.833485,18.051458,23.37777,41158.812,37961.246,0.0,0.0,0.0,7.889259,19.8,23.69882,21.12,4.2061257,8036.2847,9178.017,14669533.0,10306665.0,1465.4998,1465.4998,2683.0,5496.9106,1129.6492,334
2025-12-01 16:00:00+00:00,499.0,28.862,16.762001,22.603668,31.520996,18.196655,24.627699,41140.09,37946.03,0.0,0.0,0.0,7.970972,20.16,56.873947,20.45,4.1167874,8058.888,9202.645,14710673.0,10344611.0,1465.4998,1465.4998,2683.0,5517.361,1133.766,335
2025-12-02 16:00:00+00:00,499.0,29.462,18.262,23.387,32.008,20.523422,25.801413,41122.152,37959.89,0.0,0.0,0.0,10.6261,29.88,32.988544,20.41,4.1985455,8082.2754,9228.446,14751795.0,10382571.0,1465.4998,1465.4998,2683.0,5537.771,1137.9645,336
2025-12-03 16:00:00+00:00,499.0,28.212,20.412,23.814085,29.77774,22.627678,25.849188,41105.035,37556.49,0.0,0.0,0.0,15.3771,39.6,30.589798,18.64,3.9110441,8106.0894,9254.296,14792900.0,10420127.0,1465.4998,1465.4998,2683.0,5556.411,1141.8755,337
2025-12-04 16:00:00+00:00,499.0,25.312,21.662,23.0995,27.598883,23.938726,25.564592,41088.758,18618.668,2.4,2.4,7.0,17.727943,38.88,53.859596,9.55,2.071866,8129.189,9279.86,14833989.0,10438746.0,1467.8998,1467.8998,2690.0,5565.961,1143.9474,338
2025-12-05 16:00:00+00:00,499.0,27.662,20.262,23.43908,29.612133,23.064884,26.047966,41073.36,37687.54,0.0,0.0,0.0,16.276815,42.48,41.31975,17.47,3.5171356,8152.628,9305.908,14875062.0,10476434.0,1467.8998,1467.8998,2690.0,5583.431,1147.4645,339
2025-12-06 16:00:00+00:00,499.0,27.762,19.662,23.262001,29.42868,22.021755,25.398,41058.863,38024.547,0.0,0.0,0.0,13.229693,34.2,31.3921,18.11,3.7444189,8175.89,9331.307,14916121.0,10514459.0,1467.8998,1467.8998,2690.0,5601.541,1151.2089,340
2025-12-07 16:00:00+00:00,499.0,26.612,18.612,22.276583,26.84644,20.523403,23.195013,41045.31,38042.78,0.0,0.0,0.0,17.935986,49.68,43.014076,19.15,3.9742641,8198.167,9354.502,14957166.0,10552502.0,1467.8998,1467.8998,2690.0,5620.691,1155.1831,341
2025-12-08 16:00:00+00:00,499.0,25.662,17.012,21.0995,25.87193,17.457556,21.359545,41032.715,38061.754,0.0,0.0,0.0,15.990646,39.96,41.041462,19.94,4.0293703,8219.267,9375.861,14998199.0,10590564.0,1467.8998,1467.8998,2690.0,5640.631,1159.2125,342
2025-12-09 16:00:00+00:00,499.0,26.562,16.912,21.495333,27.268784,17.65194,22.259787,41021.11,38081.41,0.0,0.0,0.0,16.276817,41.039997,18.665668,19.45,3.920433,8240.762,9398.121,15039220.0,10628645.0,1467.8998,1467.8998,2690.0,5660.081,1163.1329,343
2025-12-10 16:00:00+00:00,499.0,27.162,18.512,22.157831,28.325191,19.251518,23.264397,41010.53,36958.89,0.0,0.0,0.0,17.1,44.28,29.302116,16.5,3.4681578,8262.92,9421.386,15080231.0,10665604.0,1467.8998,1467.8998,2690.0,5676.581,1166.6011,344
2025-12-11 16:00:00+00:00,499.0,27.562,19.662,22.822416,29.504745,21.285984,24.869001,41001.004,37085.86,0.3,0.3,2.0,14.747921,38.16,37.738644,15.5,3.1882946,8285.742,9446.255,15121232.0,10702690.0,1468.1998,1468.1998,2692.0,5692.081,1169.7894,345
2025-12-12 16:00:00+00:00,499.0,27.262,20.662,23.216166,29.414085,23.211037,25.652298,40992.555,35946.152,0.3,0.3,3.0,15.379206,38.519997,32.665287,13.46,2.8249443,8308.958,9471.907,15162225.0,10738636.0,1468.4999,1468.4999,2695.0,5705.541,1172.6144,346
2025-12-13 16:00:00+00:00,499.0,27.062,21.162,23.476583,28.300705,23.641777,25.590055,40985.098,36832.664,0.5,0.5,4.0,18.968449,48.6,34.31024,15.22,3.1666222,8332.435,9497.497,15203210.0,10775469.0,1468.9999,1468.9999,2699.0,5720.761,1175.781,347
2025-12-14 16:00:00+00:00,499.0,27.762,20.362,23.657831,28.992252,22.181648,25.458399,40978.59,38191.184,0.0,0.0,0.0,16.635157,42.839996,36.917255,17.32,3.6528523,8356.093,9522.955,15244189.0,10813660.0,1468.9999,1468.9999,2699.0,5738.081,1179.4338,348
2025-12-15 16:00:00+00:00,499.0,28.612,19.612,23.58283,30.929665,21.234146,25.4636,40973.02,38216.64,0.0,0.0,0.0,12.108261,32.399998,26.732435,18.09,3.7881856,8379.676,9548.419,15285162.0,10851877.0,1468.9999,1468.9999,2699.0,5756.171,1183.222,349
2025-12-16 16:00:00+00:00,499.0,28.512,19.662,23.866167,30.377045,21.343319,25.600878,40968.4,38243.266,0.0,0.0,0.0,14.730336,39.6,28.06898,18.7,4.0095987,8403.542,9574.02,15326130.0,10890120.0,1468.9999,1468.9999,2699.0,5774.871,1187.2317,350
2025-12-17 16:00:00+00:00,499.0,27.412,20.062,23.403664,28.493206,21.873398,25.190453,40964.72,38138.367,0.2,0.2,2.0,16.341381,43.56,37.861324,16.53,3.4689662,8426.945,9599.21,15367095.0,10928258.0,1469.1998,1469.1998,2701.0,5791.401,1190.7007,351
2025-12-18 16:00:00+00:00,499.0,28.262,19.162,23.368248,30.270428,21.082302,25.320175,40961.99,38271.605,0.0,0.0,0.0,12.492829,35.28,22.072525,19.19,3.9626565,8450.313,9624.53,15408057.0,10966530.0,1469.1998,1469.1998,2701.0,5810.591,1194.6633,352
2025-12-19 16:00:00+00:00,499.0,28.562,18.412,23.184916,30.230522,20.111073,24.764578,40960.207,38269.723,0.0,0.0,0.0,12.351987,32.039997,22.372576,19.71,4.1517196,8473.498,9649.295,15449017.0,11004800.0,1469.1998,1469.1998,2701.0,5830.301,1198.8151,353
2025-12-20 16:00:00+00:00,499.0,27.312,18.162,22.474497,27.76897,18.82196,23.005129,40959.363,38268.906,0.0,0.0,0.0,14.000713,37.079998,21.844492,19.72,4.2232456,8495.973,9672.3,15489976.0,11043069.0,1469.1998,1469.1998,2701.0,5850.021,1203.0383,354
2025-12-21 16:00:00+00:00,499.0,28.212,17.162,22.420334,29.6778,17.408003,23.368195,40959.47,38269.17,0.0,0.0,0.0,12.652604,36.719997,19.910223,20.08,4.2008476,8518.393,9695.668,15530935.0,11081338.0,1469.1998,1469.1998,2701.0,5870.101,1207.2391,355
2025-12-22 16:00:00+00:00,499.0,28.462,19.112,23.30575,29.5178,21.05479,25.349617,40960.516,34347.754,0.0,0.0,0.0,11.052058,27.72,44.09853,14.19,3.135939,8541.698,9721.018,15571896.0,11115686.0,1469.1998,1469.1998,2701.0,5884.291,1210.3751,356
2025-12-23 16:00:00+00:00,499.0,29.407,19.706999,23.99241,30.313843,21.44029,25.602015,40951.645,36894.53,0.0,0.0,0.0,10.041354,32.039997,68.984116,15.83,3.529812,8565.69,9746.619,15612848.0,11152581.0,1469.1998,1469.1998,2701.0,5900.121,1213.9049,357
2025-12-24 16:00:00+00:00,499.0,28.956999,20.107,24.148664,29.62754,21.56391,25.397919,40954.59,36863.91,0.0,0.0,0.0,15.7908325,45.719997,62.45988,16.46,3.841842,8589.839,9772.017,15653803.0,11189445.0,1469.1998,1469.1998,2701.0,5916.581,1217.7467,358
2025-12-25 16:00:00+00:00,499.0,28.456999,21.407,24.261168,29.593533,22.903147,25.380713,40958.477,38269.406,0.0,0.0,0.0,17.654688,51.839996,68.42859,19.28,4.373373,8614.1,9797.397,15694761.0,11227714.0,1469.1998,1469.1998,2701.0,5935.861,1222.1201,359
2025-12-26 16:00:00+00:00,499.0,28.357,21.657,24.21325,30.309544,23.802467,26.035685,40963.31,37914.19,0.0,0.0,0.0,15.463246,46.44,64.13822,17.78,3.9051294,8638.3125,9823.434,15735724.0,11265628.0,1469.1998,1469.1998,2701.0,5953.6406,1226.0253,360
2025-12-27 16:00:00+00:00,499.0,28.456999,21.157,24.152834,30.479057,22.941168,25.708963,40969.07,38281.707,0.0,0.0,0.0,16.78156,49.32,65.757,17.72,3.9387512,8662.466,9849.143,15776693.0,11303910.0,1469.1998,1469.1998,2701.0,5971.361,1229.964,361
2025-12-28 16:00:00+00:00,499.0,28.857,20.157,23.765333,31.868343,22.121399,25.750175,40975.773,35313.36,0.0,0.0,0.0,10.630672,33.839996,63.814034,16.59,3.5170922,8686.231,9874.893,15817669.0,11339223.0,1469.1998,1469.1998,2701.0,5987.9507,1233.4811,362
2025-12-29 16:00:00+00:00,499.0,29.107,19.607,23.640333,31.685333,20.80262,25.399544,40983.41,38298.23,0.0,0.0,0.0,9.021574,29.519999,65.94562,20.06,4.0898423,8709.872,9900.292,15858652.0,11377521.0,1469.1998,1469.1998,2701.0,6008.0107,1237.5709,363
2025-12-30 16:00:00+00:00,499.0,29.157,19.257,23.350752,31.758675,20.177628,24.931664,40991.973,38308.07,0.0,0.0,0.0,7.628263,25.919998,68.888336,20.63,4.1836047,8733.223,9925.224,15899644.0,11415829.0,1469.1998,1469.1998,2701.0,6028.6406,1241.7545,364
2025-12-31 16:00:00+00:00,499.0,29.307,18.507,23.054916,30.76809,18.835196,24.09468,41001.46,38318.953,0.0,0.0,0.0,11.841756,37.079998,68.38021,21.33,4.564492,8756.277,9949.318,15940645.0,11454148.0,1469.1998,1469.1998,2701.0,6049.9707,1246.319,365
2026-01-01 16:00:00+00:00,499.0,27.907,19.807,22.784082,28.412842,20.755798,23.241129,41011.875,38330.984,0.0,0.0,0.0,17.992796,53.28,70.08683,20.72,4.541629,8779.062,9972.56,15981657.0,11492479.0,1469.1998,1469.1998,2701.0,6070.691,1250.8606,1
2026-01-02 16:00:00+00:00,499.0,25.956999,19.907,22.296583,25.959167,20.33414,22.381311,41023.324,37115.453,0.0,0.0,0.0,20.799152,64.799995,68.05968,19.87,4.2867074,8801.358,9994.94,16022680.0,11529594.0,1469.1998,1469.1998,2701.0,6090.561,1255.1473,2
2026-01-03 16:00:00+00:00,499.0,27.257,18.907,22.100752,27.813953,19.276073,22.33679,41035.836,38359.285,0.0,0.0,0.0,16.904673,51.839996,65.94137,21.06,4.4853964,8823.459,10017.277,16063716.0,11567953.0,1469.1998,1469.1998,2701.0,6111.621,1259.6327,3
2026-01-04 16:00:00+00:00,499.0,27.307,19.206999,22.307001,27.713747,19.451536,22.443285,41049.387,38386.64,0.0,0.0,0.0,17.193533,51.12,67.46668,20.97,4.5603766,8845.766,10039.721,16104765.0,11606340.0,1469.1998,1469.1998,2701.0,6132.5913,1264.1931,4
2026-01-05 16:00:00+00:00,499.0,27.342999,17.909,21.910395,27.309023,17.769466,21.770996,41063.94,36007.88,0.0,0.0,0.0,15.683774,34.56,50.180733,19.62,4.374307,8867.676,10061.492,16145829.0,11642348.0,1469.1998,1469.1998,2701.0,6152.2114,1268.5674,5
2026-01-06 16:00:00+00:00,499.0,25.993,16.743,20.840918,25.84423,15.93614,20.319899,41079.473,36257.418,0.0,0.0,0.0,15.496736,19.8,48.685658,18.06,4.0907493,8888.517,10081.8125,16186908.0,11678605.0,1469.1998,1469.1998,2701.0,6170.2715,1272.6581,6
2026-01-07 16:00:00+00:00,499.0,26.393,16.192999,20.618002,26.283628,16.2397,20.322691,41095.945,38732.492,0.0,0.0,0.0,15.408671,18.359999,43.18863,20.82,4.391853,8909.135,10102.135,16228004.0,11717337.0,1469.1998,1469.1998,2701.0,6191.0913,1277.0499,7
2026-01-08 16:00:00+00:00,499.0,27.393,15.693,20.692999,27.77657,15.150637,20.316147,41113.33,38723.965,0.0,0.0,0.0,12.682018,24.84,44.482567,21.13,4.5121503,8929.828,10122.451,16269117.0,11756061.0,1469.1998,1469.1998,2701.0,6212.221,1281.5621,8
2026-01-09 16:00:00+00:00,499.0,27.592999,15.943,20.711748,27.77642,15.546774,20.181093,41131.594,38805.18,0.0,0.0,0.0,12.387348,29.519999,38.13785,21.27,4.5288744,8950.54,10142.632,16310249.0,11794866.0,1469.1998,1469.1998,2701.0,6233.491,1286.0911,9
2026-01-10 16:00:00+00:00,499.0,27.293,16.192999,20.67425,26.427885,14.744411,19.303288,41150.707,37009.92,0.0,0.0,0.0,12.397806,26.28,49.180725,18.99,4.3795257,8971.214,10161.936,16351400.0,11831876.0,1469.1998,1469.1998,2701.0,6252.4814,1290.4706,10
2026-01-11 16:00:00+00:00,499.0,28.543,15.943,20.980497,28.076809,14.486464,19.77208,41170.633,39450.52,0.0,0.0,0.0,11.435313,27.0,47.350796,22.04,4.729216,8992.194,10181.708,16392571.0,11871327.0,1469.1998,1469.1998,2701.0,6274.5215,1295.1998,11
2026-01-12 16:00:00+00:00,499.0,28.493,15.543,20.930502,27.174057,14.917162,19.8639,41191.344,39423.996,0.0,0.0,0.0,13.584932,25.919998,49.185055,21.69,4.66431,9013.125,10201.572,16433762.0,11910751.0,1469.1998,1469.1998,2701.0,6296.2114,1299.8641,12
2026-01-13 16:00:00+00:00,499.0,,,,,,,41212.805,,,,0.0,,,,,,,,16474975.0,,,,2701.0,,,13
