date,elevation,temperature_2m_max,temperature_2m_min,temperature_2m_mean,apparent_temperature_max,apparent_temperature_min,apparent_temperature_mean,daylight_duration,sunshine_duration,precipitation_sum,rain_sum,precipitation_hours,wind_speed_10m_max,wind_gusts_10m_max,wind_direction_10m_dominant,shortwave_radiation_sum,et0_fao_evapotranspiration,cumulative_temperature_2m_mean,cumulative_apparent_temperature_mean,cumulative_daylight_duration,cumulative_sunshine_duration,cumulative_precipitation_sum,cumulative_rain_sum,cumulative_precipitation_hours,cumulative_shortwave_radiation_sum,cumulative_et0_fao_evapotranspiration,day
2025-01-01 16:00:00+00:00,56.0,29.131,20.831001,24.726835,32.416424,24.369236,28.17621,41572.38,38924.58,0.1,0.1,1.0,14.973576,36.36,76.94549,19.05,3.9181054,24.726835,28.17621,41572.38,38924.58,0.1,0.1,1.0,19.05,3.9181054,1
2025-01-02 16:00:00+00:00,56.0,29.431,20.281,24.847666,33.082947,23.630579,27.979988,41581.516,38935.438,0.0,0.0,0.0,14.118243,37.8,69.06262,20.98,4.405316,49.5745,56.156197,83153.89,77860.016,0.1,0.1,1.0,40.03,8.3234215,2
2025-01-03 16:00:00+00:00,56.0,29.081001,22.381,25.551832,32.383102,26.351501,28.950693,41591.324,38947.066,0.5,0.5,5.0,16.940096,45.0,78.51009,17.72,3.7794952,75.126335,85.10689,124745.22,116807.08,0.6,0.6,6.0,57.75,12.102917,3
2025-01-04 16:00:00+00:00,56.0,27.031,23.631,25.070585,29.254398,26.132967,28.041693,41601.797,10513.636,5.4999995,5.4999995,10.0,19.255793,46.079998,74.24712,6.99,1.9928495,100.19692,113.14858,166347.02,127320.71,6.0999994,6.0999994,16.0,64.74,14.095766,4
2025-01-05 16:00:00+00:00,56.0,28.631,23.581001,25.491419,31.052227,25.416143,27.340265,41612.93,38972.56,0.0,0.0,0.0,18.958197,50.399998,77.8874,20.39,4.6936707,125.68834,140.48885,207959.94,166293.27,6.0999994,6.0999994,16.0,85.13,18.789436,5
2025-01-06 16:00:00+00:00,56.0,29.081001,21.831001,25.058083,32.674377,24.505856,27.96055,41624.703,38986.51,0.0,0.0,0.0,15.676542,38.16,87.20838,20.21,4.211475,150.74643,168.4494,249584.64,205279.78,6.0999994,6.0999994,16.0,105.34,23.000912,6
2025-01-07 16:00:00+00:00,56.0,29.631,21.531,25.397669,33.623707,25.05988,28.799967,41637.25,39001.66,0.0,0.0,0.0,14.619946,37.44,95.04987,20.39,4.2366037,176.1441,197.24937,291221.88,244281.44,6.0999994,6.0999994,16.0,125.729996,27.237514,7
2025-01-08 16:00:00+00:00,56.0,29.881,21.531,25.587252,33.73771,25.315922,29.071281,41650.61,39017.742,0.0,0.0,0.0,15.12107,39.239998,93.492516,20.64,4.318502,201.73135,226.32065,332872.5,283299.2,6.0999994,6.0999994,16.0,146.37,31.556017,8
2025-01-09 16:00:00+00:00,56.0,29.531,22.331001,25.576834,31.637428,26.575663,28.560656,41664.75,39034.73,0.0,0.0,0.0,21.23771,55.079998,73.99688,20.11,4.3790793,227.30818,254.8813,374537.25,322333.9,6.0999994,6.0999994,16.0,166.48,35.935097,9
2025-01-10 16:00:00+00:00,56.0,27.981,23.381,25.241417,29.62296,25.498966,27.243675,41679.645,39052.58,0.0,0.0,0.0,24.670507,62.279995,69.51772,16.85,3.8469477,252.54959,282.12497,416216.9,361386.5,6.0999994,6.0999994,16.0,183.33,39.782043,10
2025-01-11 16:00:00+00:00,56.0,26.131,22.931,24.443502,26.847101,23.40053,24.954252,41695.266,34202.336,0.0,0.0,0.0,25.03618,59.76,65.75344,15.55,4.052275,276.9931,307.07922,457912.2,395588.84,6.0999994,6.0999994,16.0,198.88,43.83432,11
2025-01-12 16:00:00+00:00,56.0,27.181,22.281,24.118498,28.384285,22.906996,24.780075,41711.586,39090.73,0.0,0.0,0.0,21.522614,54.36,73.6514,20.71,4.80323,301.1116,331.8593,499623.78,434679.56,6.0999994,6.0999994,16.0,219.59,48.63755,12
2025-01-13 16:00:00+00:00,56.0,28.681,21.381,24.251833,31.10545,23.02282,25.80239,41728.574,39110.95,0.0,0.0,0.0,19.67936,48.96,78.42487,21.52,4.66078,325.36343,357.6617,541352.4,473790.5,6.0999994,6.0999994,16.0,241.11,53.298332,13
2025-01-14 16:00:00+00:00,56.0,30.031,18.631,24.333082,31.66816,20.10762,25.788858,41746.2,39116.46,0.0,0.0,0.0,15.443328,44.639996,69.057785,20.12,4.659341,349.6965,383.45056,583098.56,512906.97,6.0999994,6.0999994,16.0,261.23,57.957672,14
2025-01-15 16:00:00+00:00,56.0,28.931,24.731,26.228914,31.579655,26.871145,28.538902,41764.44,39106.2,1.4000001,1.4000001,5.0,22.768398,63.72,70.51905,16.22,3.939551,375.9254,411.98947,624863.0,552013.2,7.4999995,7.4999995,21.0,277.45,61.897224,15
2025-01-16 16:00:00+00:00,56.0,29.031,23.231,25.741417,30.8777,25.920553,27.677866,41783.266,39096.85,0.0,0.0,0.0,24.43827,60.120003,69.600334,20.73,4.7113147,401.66684,439.66733,666646.25,591110.06,7.4999995,7.4999995,21.0,298.18002,66.608536,16
2025-01-17 16:00:00+00:00,56.0,29.781,21.681,25.147669,31.770847,24.29084,27.095856,41802.637,39088.438,0.0,0.0,0.0,17.728857,48.239998,75.14281,20.51,4.6902223,426.8145,466.76318,708448.9,630198.5,7.4999995,7.4999995,21.0,318.69003,71.29876,17
2025-01-18 16:00:00+00:00,56.0,30.231,20.631,25.224749,32.735985,23.494576,27.619024,41822.547,39080.984,0.0,0.0,0.0,14.056144,36.719997,75.23383,20.78,4.603699,452.03928,494.3822,750271.44,669279.5,7.4999995,7.4999995,21.0,339.47003,75.90246,18
2025-01-19 16:00:00+00:00,56.0,31.031,20.881,25.349752,34.66414,24.361362,28.690828,41842.953,36134.465,0.0,0.0,0.0,11.5115595,36.36,85.74867,19.58,4.2515855,477.38904,523.07306,792114.4,705413.94,7.4999995,7.4999995,21.0,359.05002,80.154045,19
2025-01-20 16:00:00+00:00,56.0,30.481,21.481,25.483078,34.312843,25.422943,28.771982,41863.83,39069.074,0.0,0.0,0.0,14.993038,35.64,83.20905,21.06,4.5702415,502.87213,551.84503,833978.2,744483.0,7.4999995,7.4999995,21.0,380.11002,84.72429,20
2025-01-21 16:00:00+00:00,56.0,30.831001,22.281,25.905998,34.121086,26.485018,29.284447,41885.156,38590.97,0.0,0.0,0.0,17.414476,44.639996,90.66755,18.58,4.138472,528.77814,581.12946,875863.4,783074.0,7.4999995,7.4999995,21.0,398.69,88.86276,21
2025-01-22 16:00:00+00:00,56.0,29.981,22.731,25.981003,33.74269,27.062565,29.833181,41906.9,36178.574,0.9000001,0.9000001,7.0,12.483749,34.92,88.33168,15.95,3.5447996,554.75916,610.96265,917770.25,819252.56,8.4,8.4,28.0,414.64,92.40756,22
2025-01-23 16:00:00+00:00,56.0,31.631,23.181,26.589334,35.533134,27.688143,30.695093,41929.035,34504.656,0.0,0.0,0.0,12.673074,38.16,94.724815,18.36,4.063833,581.3485,641.6577,959699.3,853757.25,8.4,8.4,28.0,433.0,96.4714,23
2025-01-24 16:00:00+00:00,56.0,32.881,22.581001,27.237251,37.199493,27.052574,31.74968,41951.535,39058.047,0.1,0.1,1.0,8.553314,27.0,73.63719,21.23,4.589998,608.58575,673.4074,1001650.9,892815.3,8.5,8.5,29.0,454.23,101.06139,24
2025-01-25 16:00:00+00:00,56.0,31.681,22.981,26.868498,35.873215,27.899052,31.26024,41974.38,39058.12,1.0,1.0,6.0,14.056144,37.079998,87.10755,20.1,4.4285116,635.4542,704.66766,1043625.25,931873.44,9.5,9.5,35.0,474.33002,105.48991,25
2025-01-26 16:00:00+00:00,56.0,29.881,24.181,26.376831,34.32297,27.522163,30.631796,41997.54,39059.383,1.6000003,1.6000003,12.0,16.640022,49.68,93.25511,18.01,3.8103273,661.83105,735.29944,1085622.8,970932.8,11.1,11.1,47.0,492.34003,109.30023,26
2025-01-27 16:00:00+00:00,56.0,29.081001,23.881,25.585167,32.277824,27.376192,28.62712,42021.227,39061.85,3.5000002,3.5000002,14.0,21.966637,54.719997,89.69643,16.98,3.5531461,687.4162,763.9266,1127644.0,1009994.7,14.6,14.6,61.0,509.32004,112.85338,27
2025-01-28 16:00:00+00:00,56.0,29.231,23.431,25.760164,31.215584,26.434906,28.157059,42045.527,36953.97,0.1,0.1,1.0,23.242315,55.8,85.32805,19.2,4.2865567,713.1764,792.0836,1169689.5,1046948.6,14.700001,14.700001,62.0,528.52,117.13994,28
2025-01-29 16:00:00+00:00,56.0,29.631,22.981,25.649752,31.716415,25.638968,27.820047,42070.418,39070.273,0.0,0.0,0.0,17.46,44.639996,92.560326,21.47,4.846857,738.8262,819.9037,1211759.9,1086018.9,14.700001,14.700001,62.0,549.99,121.98679,29
2025-01-30 16:00:00+00:00,56.0,30.281,19.531,24.760162,33.612762,22.307858,27.510368,42095.85,39076.156,0.0,0.0,0.0,9.9571085,28.8,90.50426,23.25,4.8560014,763.5863,847.41406,1253855.8,1125095.0,14.700001,14.700001,62.0,573.24,126.8428,30
2025-01-31 16:00:00+00:00,56.0,31.781,20.231,25.474752,36.156525,23.711727,28.906713,42121.793,39083.11,0.0,0.0,0.0,6.0721655,22.68,64.983116,23.07,4.760878,789.06104,876.3208,1295977.5,1164178.1,14.700001,14.700001,62.0,596.31,131.60367,31
2025-02-01 16:00:00+00:00,56.0,32.131,21.231,25.93308,36.48625,25.038221,29.824043,42148.22,39091.09,0.2,0.2,2.0,9.847496,30.960001,331.1105,22.08,4.727469,814.99414,906.14484,1338125.8,1203269.2,14.900001,14.900001,64.0,618.39,136.33113,32
2025-02-02 16:00:00+00:00,56.0,32.881,22.531,26.791414,36.076595,27.345327,30.409302,42175.09,39100.08,0.0,0.0,0.0,11.712455,31.68,71.159424,23.17,5.160077,841.7856,936.55414,1380300.9,1242369.4,14.900001,14.900001,64.0,641.56,141.49121,33
2025-02-03 16:00:00+00:00,56.0,31.731,22.281,26.439331,35.593838,26.559566,30.251131,42202.375,39110.035,0.1,0.1,1.0,14.607751,39.239998,108.89175,20.7,4.5392423,868.2249,966.8053,1422503.2,1281479.4,15.000001,15.000001,65.0,662.26,146.03046,34
2025-02-04 16:00:00+00:00,56.0,31.331001,22.031,26.556,35.240627,26.33672,30.426752,42230.043,39120.938,0.1,0.1,1.0,13.943901,37.44,100.87102,21.28,4.6727834,894.7809,997.23206,1464733.2,1320600.2,15.100001,15.100001,66.0,683.54004,150.70325,35
2025-02-05 16:00:00+00:00,56.0,32.231,22.281,26.77475,35.8801,26.8267,30.765291,42258.062,39132.73,0.1,0.1,1.0,10.837435,31.68,90.88664,21.95,4.818093,921.55566,1027.9973,1506991.2,1359733.0,15.200002,15.200002,67.0,705.49005,155.52135,36
2025-02-06 16:00:00+00:00,56.0,32.331,22.081001,26.601831,36.34002,26.518978,30.383766,42286.4,39145.406,0.0,0.0,0.0,13.363711,34.92,91.38173,22.16,4.9926567,948.1575,1058.3811,1549277.6,1398878.4,15.200002,15.200002,67.0,727.65,160.514,37
2025-02-07 16:00:00+00:00,56.0,31.581001,23.131,26.522665,34.598442,27.784428,30.063751,42315.023,39158.926,0.1,0.1,1.0,15.865546,40.68,93.44973,20.68,4.662775,974.6801,1088.4448,1591592.6,1438037.2,15.300002,15.300002,68.0,748.33,165.17679,38
2025-02-08 16:00:00+00:00,56.0,30.381,23.331001,26.210167,32.390984,27.46603,29.177908,42343.902,39173.25,0.0,0.0,0.0,22.049082,54.0,84.9764,20.48,4.6526117,1000.89026,1117.6227,1633936.5,1477210.5,15.300002,15.300002,68.0,768.81,169.8294,39
2025-02-09 16:00:00+00:00,56.0,30.831001,22.731,26.258081,33.364464,26.099884,28.845846,42373.01,39203.76,0.0,0.0,0.0,15.779544,43.56,79.65634,20.88,4.8518386,1027.1483,1146.4685,1676309.5,1516414.2,15.300002,15.300002,68.0,789.69,174.68124,40
2025-02-10 16:00:00+00:00,56.0,32.131,21.131,26.289335,35.626373,24.767021,29.322618,42402.312,39204.215,0.0,0.0,0.0,9.847496,29.519999,77.0102,23.57,5.183483,1053.4376,1175.7911,1718711.8,1555618.5,15.300002,15.300002,68.0,813.26,179.86473,41
2025-02-11 16:00:00+00:00,56.0,33.331,21.231,26.701836,37.50516,25.110882,30.313326,42431.79,39220.79,0.0,0.0,0.0,5.9427266,22.319998,69.1726,22.61,4.847302,1080.1394,1206.1045,1761143.5,1594839.2,15.300002,15.300002,68.0,835.87,184.71204,42
2025-02-12 16:00:00+00:00,56.0,33.831,22.031,27.595583,38.007618,25.96962,31.31997,42461.4,39247.668,0.0,0.0,0.0,8.707238,27.359999,84.14918,23.41,5.2178516,1107.735,1237.4244,1803604.9,1634086.9,15.300002,15.300002,68.0,859.27997,189.92989,43
2025-02-13 16:00:00+00:00,56.0,33.481,22.831001,27.714334,38.879295,27.148859,32.215755,42491.12,39263.66,0.2,0.2,2.0,5.3999996,19.8,28.442837,22.46,4.8143525,1135.4493,1269.6401,1846096.0,1673350.5,15.500002,15.500002,70.0,881.74,194.74423,44
2025-02-14 16:00:00+00:00,56.0,34.381,22.931,28.106003,38.43595,27.865166,32.138126,42520.926,39343.383,0.0,0.0,0.0,7.0015144,24.119999,345.3363,23.66,5.2436357,1163.5553,1301.7783,1888616.9,1712693.9,15.500002,15.500002,70.0,905.39996,199.98787,45
2025-02-15 16:00:00+00:00,56.0,34.231,22.681,27.693497,39.148026,27.193161,31.876333,42550.785,39361.48,0.0,0.0,0.0,5.7431,19.08,333.86496,23.98,5.0895762,1191.2488,1333.6547,1931167.6,1752055.4,15.500002,15.500002,70.0,929.37994,205.07744,46
2025-02-16 16:00:00+00:00,56.0,32.281,23.081001,27.216417,37.29363,28.00322,31.797882,42580.93,39313.797,0.70000005,0.70000005,6.0,9.567131,27.0,93.8667,20.55,4.489858,1218.4652,1365.4525,1973748.5,1791369.1,16.200003,16.200003,76.0,949.92993,209.56729,47
2025-02-17 16:00:00+00:00,56.0,31.331001,24.181,27.383087,36.175735,28.912449,31.787374,42611.457,39334.996,1.1,1.1,7.0,12.739371,38.519997,98.41599,19.13,4.2075944,1245.8483,1397.2399,2016360.0,1830704.1,17.300003,17.300003,83.0,969.05994,213.77489,48
2025-02-18 16:00:00+00:00,56.0,31.531,23.331001,27.053923,35.504948,28.082596,31.080683,42642.35,39357.26,1.2,1.2,7.0,15.655862,41.760002,96.19408,20.67,4.6794786,1272.9022,1428.3206,2059002.4,1870061.4,18.500004,18.500004,90.0,989.7299,218.45436,49
2025-02-19 16:00:00+00:00,56.0,31.131,24.731,26.995583,35.179592,29.093624,30.902596,42673.566,37140.023,2.0,2.0,10.0,17.371632,48.6,101.76967,18.57,4.109161,1299.8978,1459.2231,2101676.0,1907201.4,20.500004,20.500004,100.0,1008.2999,222.56352,50
2025-02-20 16:00:00+00:00,56.0,31.831001,23.931,26.403917,37.38054,28.759499,31.113922,42705.086,39404.707,11.400001,11.400001,10.0,13.917154,39.6,97.51426,20.1,4.091924,1326.3018,1490.337,2144381.0,1946606.1,31.900005,31.900005,110.0,1028.3999,226.65544,51
2025-02-21 16:00:00+00:00,56.0,30.081001,23.931,25.91017,35.99979,28.429077,30.73744,42736.88,31878.547,7.1000004,7.1000004,7.0,14.113653,44.639996,92.26788,16.89,3.348298,1352.2119,1521.0745,2187118.0,1978484.6,39.000008,39.000008,117.0,1045.2899,230.00374,52
2025-02-22 16:00:00+00:00,56.0,28.231,23.531,25.533087,33.55622,28.46249,30.686142,42768.918,33764.734,13.700002,13.700002,14.0,13.979871,41.760002,92.08251,16.4,3.1509848,1377.745,1551.7606,2229887.0,2012249.4,52.70001,52.70001,131.0,1061.69,233.15472,53
2025-02-23 16:00:00+00:00,56.0,26.631,23.081001,24.10392,30.842716,27.03518,28.130808,42801.168,14764.957,30.800003,30.800003,24.0,19.983242,57.6,85.722015,8.49,1.5416943,1401.8489,1579.8915,2272688.2,2027014.4,83.500015,83.500015,155.0,1070.1799,234.69641,54
2025-02-24 16:00:00+00:00,56.0,26.131,23.681,24.608086,29.810196,26.880384,28.128052,42833.61,19449.969,21.199999,21.199999,23.0,19.619999,60.479996,91.10014,11.08,2.021976,1426.4569,1608.0195,2315521.8,2046464.4,104.70001,104.70001,178.0,1081.2599,236.71838,55
2025-02-25 16:00:00+00:00,56.0,27.631,24.231,25.495584,31.962318,27.720016,29.008001,42866.215,39537.355,4.3999996,4.3999996,13.0,22.204296,54.36,81.98869,16.27,3.0622516,1451.9525,1637.0276,2358388.0,2086001.8,109.10001,109.10001,191.0,1097.5299,239.78064,56
2025-02-26 16:00:00+00:00,56.0,29.181,24.081001,25.87058,34.953945,28.778324,30.678925,42898.957,39565.773,7.7999997,7.7999997,9.0,15.122143,48.239998,92.98581,18.59,3.5351975,1477.8231,1667.7065,2401287.0,2125567.5,116.90002,116.90002,200.0,1116.1199,243.31584,57
2025-02-27 16:00:00+00:00,56.0,30.381,24.031,26.664331,35.331257,28.878132,31.416567,42931.805,39650.824,0.0,0.0,0.0,15.986595,46.8,98.26811,22.11,4.4887075,1504.4874,1699.1232,2444218.8,2165218.2,116.90002,116.90002,200.0,1138.2299,247.80455,58
2025-02-28 16:00:00+00:00,56.0,30.731,23.031,26.641418,36.763695,27.717697,31.702692,42964.742,39725.99,0.1,0.1,1.0,12.849528,33.48,97.765045,23.39,4.7889304,1531.1289,1730.8258,2487183.5,2204944.2,117.000015,117.000015,201.0,1161.6199,252.59348,59
2025-03-01 16:00:00+00:00,56.0,31.431,22.481,26.6185,38.313927,27.00768,31.950043,42997.727,39725.555,0.2,0.2,2.0,9.54679,28.44,95.881454,24.61,5.0548,1557.7474,1762.7759,2530181.2,2244669.8,117.20001,117.20001,203.0,1186.2299,257.6483,60
2025-03-02 16:00:00+00:00,56.0,31.081001,22.831001,26.791414,38.171932,27.55494,32.475098,43030.75,39600.0,1.2,1.2,7.0,8.107996,26.64,86.31463,23.48,4.8160233,1584.5388,1795.251,2573212.0,2284269.8,118.40001,118.40001,210.0,1209.7098,262.4643,61
2025-03-03 16:00:00+00:00,56.0,31.831001,23.131,27.066416,38.31174,28.188519,32.34996,43063.777,39724.727,0.0,0.0,0.0,7.970972,23.759998,85.47046,25.05,5.224251,1611.6052,1827.601,2616275.8,2323994.5,118.40001,118.40001,210.0,1234.7599,267.68854,62
2025-03-04 16:00:00+00:00,56.0,32.131,22.681,27.008085,39.029644,27.478607,32.484695,43096.78,39652.72,0.0,0.0,0.0,7.729527,23.039999,7.527515,23.93,4.993088,1638.6133,1860.0857,2659372.5,2363647.2,118.40001,118.40001,210.0,1258.69,272.68164,63
2025-03-05 16:00:00+00:00,56.0,32.381,24.431,27.578918,40.176163,30.516056,33.918243,43129.74,39600.0,0.6,0.6,6.0,5.293959,20.519999,338.0805,23.67,4.9503417,1666.1921,1894.0039,2702502.2,2403247.2,119.00001,119.00001,216.0,1282.36,277.632,64
2025-03-06 16:00:00+00:00,56.0,32.181,24.331001,27.783081,39.445755,29.771725,33.236607,43162.625,39651.574,0.2,0.2,2.0,12.108261,35.64,91.194756,22.98,4.9879313,1693.9752,1927.2405,2745665.0,2442898.8,119.200005,119.200005,218.0,1305.34,282.61993,65
2025-03-07 16:00:00+00:00,56.0,29.381,25.031,26.8435,34.834194,29.530258,31.051355,43195.42,39600.0,5.8999996,5.8999996,11.0,19.48661,53.28,96.65078,19.59,3.9621148,1720.8187,1958.2919,2788860.5,2482498.8,125.100006,125.100006,229.0,1324.9299,286.58206,66
2025-03-08 16:00:00+00:00,56.0,29.231,25.031,26.631002,34.051384,29.014679,30.783953,43228.336,39600.0,3.1999998,3.1999998,13.0,22.657845,60.120003,96.52723,20.31,3.893293,1747.4497,1989.0758,2832088.8,2522098.8,128.3,128.3,242.0,1345.24,290.47534,67
2025-03-09 16:00:00+00:00,56.0,30.331001,25.081001,26.868498,34.868385,29.908813,31.272966,43261.47,39600.0,2.9,2.9,8.0,21.03152,53.639996,92.01834,19.72,3.953432,1774.3182,2020.3488,2875350.2,2561698.8,131.2,131.2,250.0,1364.96,294.42877,68
2025-03-10 16:00:00+00:00,56.0,31.331001,24.231,27.214334,36.951405,29.656586,32.457314,43294.793,38430.098,0.70000005,0.70000005,3.0,13.976394,44.639996,96.45779,21.84,4.4846005,1801.5326,2052.8062,2918645.0,2600128.8,131.9,131.9,253.0,1386.7999,298.91336,69
2025-03-11 16:00:00+00:00,56.0,31.631,24.431,27.33309,38.37753,29.64981,32.91402,43328.297,35538.062,5.4,5.4,7.0,11.734564,37.8,96.71699,21.18,4.4075947,1828.8657,2085.7202,2961973.2,2635666.8,137.29999,137.29999,260.0,1407.98,303.32095,70
2025-03-12 16:00:00+00:00,56.0,30.231,24.281,26.7935,36.507793,29.782364,32.27522,43361.945,37053.914,12.7,12.7,7.0,10.51576,35.28,84.179955,18.73,3.8094707,1855.6592,2117.9954,3005335.2,2672720.8,149.99998,149.99998,267.0,1426.71,307.13043,71
2025-03-13 16:00:00+00:00,56.0,31.281,24.531,27.38933,36.87804,29.919243,32.565304,43395.727,39600.0,0.0,0.0,0.0,13.596852,40.32,94.702156,22.5,4.732646,1883.0485,2150.5605,3048731.0,2712320.8,149.99998,149.99998,267.0,1449.21,311.86307,72
2025-03-14 16:00:00+00:00,56.0,31.831001,23.581001,27.270584,37.884747,28.094784,32.18604,43429.605,39600.0,0.0,0.0,0.0,12.124307,36.0,100.75222,24.36,5.135456,1910.3191,2182.7466,3092160.5,2751920.8,149.99998,149.99998,267.0,1473.57,316.99854,73
2025-03-15 16:00:00+00:00,56.0,33.031,23.631,27.749748,39.93503,28.860008,33.345284,43463.566,39721.94,0.5,0.5,1.0,5.5829024,25.919998,71.18102,25.55,5.3992414,1938.0688,2216.0918,3135624.0,2791642.8,150.49998,150.49998,268.0,1499.12,322.39777,74
2025-03-16 16:00:00+00:00,56.0,32.581,23.681,27.414335,38.97617,28.651764,32.86101,43497.586,39600.0,7.7000003,7.7000003,6.0,11.793777,31.68,93.895485,23.55,4.9838367,1965.4832,2248.953,3179121.5,2831242.8,158.19998,158.19998,274.0,1522.67,327.3816,75
2025-03-17 16:00:00+00:00,56.0,31.981,25.031,27.935167,38.60171,30.56363,33.27843,43531.645,39649.375,0.3,0.3,3.0,12.452566,38.519997,98.9547,23.61,5.0362916,1993.4183,2282.2312,3222653.2,2870892.0,158.49998,158.49998,277.0,1546.28,332.41788,76
2025-03-18 16:00:00+00:00,56.0,29.431,24.181,26.506002,34.879436,29.870926,31.644905,43565.715,39600.0,5.7,5.7,11.0,15.991659,40.32,87.83602,18.91,3.7772655,2019.9243,2313.8762,3266219.0,2910492.0,164.19998,164.19998,288.0,1565.1901,336.19513,77
2025-03-19 16:00:00+00:00,56.0,30.531,24.231,26.810167,33.86046,28.277374,30.497284,43599.773,39794.46,1.0,1.0,6.0,21.011482,53.639996,71.34037,23.37,5.0404644,2046.7345,2344.3735,3309818.8,2950286.5,165.19998,165.19998,294.0,1588.56,341.2356,78
2025-03-20 16:00:00+00:00,56.0,31.181,24.381,26.868498,34.621822,28.033669,30.047953,43633.797,34315.67,0.0,0.0,0.0,19.18246,47.88,73.623795,20.64,4.7550635,2073.603,2374.4214,3353452.5,2984602.2,165.19998,165.19998,294.0,1609.2001,345.99066,79
2025-03-21 16:00:00+00:00,56.0,31.531,24.031,27.255999,34.789143,27.490105,30.389421,43667.77,39657.08,0.0,0.0,0.0,20.41949,51.48,80.510445,22.96,5.2542224,2100.8591,2404.8108,3397120.2,3024259.2,165.19998,165.19998,294.0,1632.16,351.24487,80
2025-03-22 16:00:00+00:00,56.0,32.231,24.381,27.776833,37.401882,29.257988,32.115147,43701.664,39650.05,0.0,0.0,0.0,11.989945,37.079998,89.55673,23.63,5.1727567,2128.636,2436.926,3440822.0,3063909.2,165.19998,165.19998,294.0,1655.79,356.41763,81
2025-03-23 16:00:00+00:00,56.0,33.681,22.881,27.551832,39.57243,27.720459,32.50914,43735.453,39794.5,0.0,0.0,0.0,9.526405,27.72,36.484867,25.82,5.547167,2156.1877,2469.435,3484557.5,3103703.8,165.19998,165.19998,294.0,1681.61,361.9648,82
2025-03-24 16:00:00+00:00,56.0,33.631,24.281,28.241417,40.329483,29.90524,33.7206,43769.12,39722.453,0.0,0.0,0.0,8.161764,25.919998,337.52933,24.86,5.3867126,2184.4292,2503.1558,3528326.5,3143426.2,165.19998,165.19998,294.0,1706.47,367.35153,83
2025-03-25 16:00:00+00:00,56.0,32.881,24.281,27.94975,39.055096,30.264378,33.268276,43802.64,39794.562,0.3,0.3,3.0,14.01806,36.719997,299.44867,24.77,5.3983717,2212.379,2536.424,3572129.2,3183220.8,165.49998,165.49998,297.0,1731.24,372.7499,84
2025-03-26 16:00:00+00:00,56.0,32.531,23.881,27.774755,37.937897,29.05217,32.495163,43835.984,39775.78,0.0,0.0,0.0,14.256409,38.16,288.7376,24.63,5.440527,2240.1536,2568.9192,3615965.2,3222996.5,165.49998,165.49998,297.0,1755.87,378.19043,85
2025-03-27 16:00:00+00:00,56.0,32.581,24.681,27.803917,37.36715,29.452202,31.908958,43869.145,39772.777,0.0,0.0,0.0,13.767352,38.16,294.9992,24.37,5.4565434,2267.9575,2600.8281,3659834.5,3262769.2,165.49998,165.49998,297.0,1780.24,383.64697,86
2025-03-28 16:00:00+00:00,56.0,33.431,23.231,27.918497,40.237682,27.953152,32.76444,43902.297,39770.75,0.1,0.1,1.0,8.641874,27.359999,285.4684,24.67,5.3938875,2295.876,2633.5925,3703736.8,3302540.0,165.59999,165.59999,298.0,1804.91,389.04086,87
2025-03-29 16:00:00+00:00,56.0,33.781002,24.781,28.787252,38.69736,30.235374,33.54159,43935.55,39912.094,0.4,0.4,4.0,10.1376915,30.599998,91.88277,24.17,5.44569,2324.6633,2667.134,3747672.2,3342452.0,165.99998,165.99998,302.0,1829.0801,394.48654,88
2025-03-30 16:00:00+00:00,56.0,32.931,24.831001,27.726835,39.398067,30.169327,33.28112,43968.883,36603.605,16.1,16.1,7.0,10.564942,37.079998,98.99762,21.44,4.565122,2352.3901,2700.415,3791641.2,3379055.5,182.09999,182.09999,309.0,1850.52,399.05167,89
2025-03-31 16:00:00+00:00,56.0,31.031,25.031,26.962255,37.467438,31.019886,32.81777,44002.27,24247.441,16.1,16.1,13.0,9.172938,27.0,94.25961,15.7,3.2927554,2379.3523,2733.233,3835643.5,3403303.0,198.2,198.2,322.0,1866.22,402.34442,90
2025-04-01 16:00:00+00:00,56.0,27.031,24.731,25.341417,32.137157,29.255798,30.866953,44035.695,5303.021,20.599998,20.599998,15.0,11.811622,33.12,99.182785,7.41,1.4533302,2404.6936,2764.0999,3879679.2,3408606.0,218.79999,218.79999,337.0,1873.63,403.79776,91
2025-04-02 16:00:00+00:00,56.0,28.781,24.331001,25.426834,33.95993,28.450462,29.915846,44069.13,16415.37,29.100004,29.100004,20.0,17.5931,45.719997,93.45861,11.42,2.1384966,2430.1204,2794.0156,3923748.5,3425021.2,247.9,247.9,357.0,1885.05,405.93625,92
2025-04-03 16:00:00+00:00,56.0,31.281,24.681,27.24975,37.240532,29.87569,32.629974,44102.555,39837.418,2.1000001,2.1000001,10.0,15.716793,44.639996,105.10395,23.48,4.715775,2457.37,2826.6455,3967851.0,3464858.8,250.0,250.0,367.0,1908.53,410.65204,93
2025-04-04 16:00:00+00:00,56.0,31.131,24.231,27.518503,38.64109,29.648098,33.360687,44135.945,39868.55,0.9,0.9,6.0,9.446141,29.88,113.94598,23.26,4.7977543,2484.8887,2860.006,4011987.0,3504727.2,250.9,250.9,373.0,1931.79,415.4498,94
2025-04-05 16:00:00+00:00,56.0,31.781,23.931,27.431002,38.90243,29.232117,33.43605,44169.285,40095.723,0.90000004,0.90000004,6.0,8.209263,25.56,108.86447,24.18,4.98717,2512.3196,2893.4421,4056156.2,3544823.0,251.79999,251.79999,379.0,1955.9701,420.43698,95
2025-04-06 16:00:00+00:00,56.0,31.181,24.281,27.412252,36.4365,29.492546,32.3002,44202.543,40044.156,0.0,0.0,0.0,15.25865,42.839996,106.05461,24.44,5.141121,2539.732,2925.7424,4100358.8,3584867.2,251.79999,251.79999,379.0,1980.41,425.5781,96
2025-04-07 16:00:00+00:00,56.0,31.531,24.031,27.370583,36.47996,28.87088,31.921507,44235.707,39898.08,0.0,0.0,0.0,15.5843,43.56,98.68963,25.57,5.3933835,2567.1025,2957.6638,4144594.5,3624765.2,251.79999,251.79999,379.0,2005.98,430.97147,97
2025-04-08 16:00:00+00:00,56.0,31.481,24.281,27.39975,39.153275,29.68539,33.234226,44268.742,39677.84,1.9000001,1.9000001,8.0,5.3517847,25.919998,134.17926,21.55,4.509869,2594.5022,2990.898,4188863.2,3664443.0,253.69998,253.69998,387.0,2027.53,435.48132,98
2025-04-09 16:00:00+00:00,56.0,30.731,25.081001,27.314331,37.7982,30.847832,33.333218,44301.637,38470.062,11.000001,11.000001,9.0,13.276144,32.399998,277.057,21.41,4.3222785,2621.8164,3024.2312,4233165.0,3702913.0,264.69998,264.69998,396.0,2048.94,439.8036,99
2025-04-10 16:00:00+00:00,56.0,30.981,24.731,26.897665,37.946873,30.563442,32.774326,44334.355,31785.885,11.3,11.3,11.0,14.027302,34.56,267.2101,19.72,3.9179506,2648.714,3057.0056,4277499.5,3734699.0,275.99997,275.99997,407.0,2068.66,443.72153,100
2025-04-11 16:00:00+00:00,56.0,30.881,24.681,27.2685,37.563114,29.374157,32.56902,44366.883,39654.637,2.6000004,2.6000004,10.0,12.606426,37.079998,268.80853,23.44,4.7452164,2675.9827,3089.5747,4321866.5,3774353.8,278.59998,278.59998,417.0,2092.0999,448.46674,101
2025-04-12 16:00:00+00:00,56.0,31.681,24.881,27.606,39.93962,30.565063,33.88966,44399.188,40241.844,4.4,4.4,9.0,8.792405,24.119999,264.9298,23.43,4.8462014,2703.5886,3123.4644,4366265.5,3814595.5,282.99997,282.99997,426.0,2115.5298,453.31293,102
2025-04-13 16:00:00+00:00,56.0,32.281,25.131,28.226835,39.58001,31.306816,34.344448,44431.25,40539.74,1.2,1.2,8.0,9.36173,24.48,107.95627,23.67,5.033038,2731.8154,3157.8088,4410697.0,3855135.2,284.19998,284.19998,434.0,2139.1997,458.34598,103
2025-04-14 16:00:00+00:00,56.0,29.731,25.381,26.77475,36.643326,30.732006,32.493225,44463.043,29739.459,15.6,15.6,12.0,11.700001,36.0,98.69968,16.41,3.2807896,2758.59,3190.302,4455160.0,3884874.8,299.8,299.8,446.0,2155.6096,461.62677,104
2025-04-15 16:00:00+00:00,56.0,29.031,25.031,26.333084,36.026653,30.520157,32.670753,44494.54,20247.465,10.400001,10.400001,17.0,7.289444,28.44,146.44933,13.6,2.7782671,2784.923,3222.9727,4499654.5,3905122.2,310.19998,310.19998,463.0,2169.2097,464.40503,105
2025-04-16 16:00:00+00:00,56.0,30.731,24.531,26.63517,38.524982,30.437431,32.982628,44525.72,26270.457,6.7999997,6.7999997,11.0,9.444426,23.039999,256.42593,16.74,3.3908882,2811.5583,3255.9553,4544180.0,3931392.8,316.99997,316.99997,474.0,2185.9497,467.79593,106
2025-04-17 16:00:00+00:00,56.0,31.081001,24.581001,26.970583,39.545525,30.413654,33.41788,44556.77,40147.008,11.500001,11.500001,9.0,9.779817,27.359999,246.81303,20.6,4.087355,2838.529,3289.3733,4588737.0,3971539.8,328.49997,328.49997,483.0,2206.5498,471.88327,107
2025-04-18 16:00:00+00:00,56.0,30.031,24.531,26.733086,37.703873,30.278114,32.910686,44587.777,40563.195,11.4,11.4,10.0,12.081472,29.88,253.24097,19.64,3.8387616,2865.2622,3322.284,4633325.0,4012103.0,339.89996,339.89996,493.0,2226.1897,475.72205,108
2025-04-19 16:00:00+00:00,56.0,31.381,24.681,27.07892,40.209694,30.587215,33.624104,44618.734,40567.13,15.100001,15.100001,12.0,6.048107,25.56,228.94527,22.91,4.703715,2892.341,3355.908,4677943.5,4052670.2,354.99997,354.99997,505.0,2249.0996,480.42575,109
2025-04-20 16:00:00+00:00,56.0,31.881,24.131,27.595587,38.26693,29.773483,33.23185,44649.598,40769.137,0.0,0.0,0.0,13.110376,33.12,100.44876,25.37,5.2598324,2919.9368,3389.14,4722593.0,4093439.5,354.99997,354.99997,505.0,2274.4697,485.68558,110
2025-04-21 16:00:00+00:00,56.0,31.631,24.531,27.626833,39.401314,29.884438,33.772896,44680.355,41271.25,1.2,1.2,7.0,5.7204895,15.84,132.38826,24.43,5.058628,2947.5637,3422.9128,4767273.5,4134710.8,356.19998,356.19998,512.0,2298.8997,490.7442,111
2025-04-22 16:00:00+00:00,56.0,31.281,25.081001,27.7435,39.277737,31.162678,34.1809,44710.99,40577.656,8.4,8.4,9.0,10.196647,28.44,266.90604,23.86,4.8867884,2975.3071,3457.0938,4811984.5,4175288.5,364.59998,364.59998,521.0,2322.7598,495.63098,112
2025-04-23 16:00:00+00:00,56.0,31.331001,24.731,26.960167,39.36737,30.451542,32.994267,44741.457,40956.67,13.2,13.2,11.0,12.145665,29.88,246.57906,22.49,4.4901404,3002.2673,3490.0881,4856726.0,4216245.0,377.8,377.8,532.0,2345.2498,500.12112,113
2025-04-24 16:00:00+00:00,56.0,31.681,24.631,27.283083,39.876045,30.688934,33.944046,44771.75,40298.965,7.6,7.6,10.0,7.9383874,24.119999,264.5528,22.29,4.526217,3029.5505,3524.0322,4901498.0,4256544.0,385.4,385.4,542.0,2367.5398,504.64734,114
2025-04-25 16:00:00+00:00,56.0,31.631,24.831001,27.237251,41.124683,30.98957,34.323597,44801.836,40041.043,15.1,15.1,13.0,7.1208143,25.919998,252.89719,22.92,4.66276,3056.7878,3558.3557,4946300.0,4296585.0,400.5,400.5,555.0,2390.4597,509.3101,115
2025-04-26 16:00:00+00:00,56.0,31.781,24.431,26.99558,39.954384,30.416508,33.594593,44831.69,40812.08,23.1,23.1,11.0,5.8603754,21.24,112.48416,20.47,4.168687,3083.7834,3591.9502,4991131.5,4337397.0,423.6,423.6,566.0,2410.9297,513.47876,116
2025-04-27 16:00:00+00:00,56.0,32.131,25.281,27.29975,39.969112,31.62355,33.9957,44861.297,39308.07,12.600001,12.600001,11.0,6.114703,21.24,157.53674,20.69,4.271342,3111.0833,3625.9458,5035993.0,4376705.0,436.2,436.2,577.0,2431.6196,517.7501,117
2025-04-28 16:00:00+00:00,56.0,32.031,24.431,27.820581,40.41123,30.339035,34.382114,44890.617,41512.273,0.3,0.3,3.0,3.8141315,16.56,146.08257,25.88,5.356742,3138.9038,3660.328,5080883.5,4418217.5,436.5,436.5,580.0,2457.4995,523.1069,118
2025-04-29 16:00:00+00:00,56.0,32.181,24.581001,28.133085,38.608757,30.59806,34.16962,44919.63,41553.195,0.1,0.1,1.0,9.6480665,26.28,106.00042,25.28,5.3080916,3167.0369,3694.4976,5125803.0,4459770.5,436.6,436.6,581.0,2482.7795,528.415,119
2025-04-30 16:00:00+00:00,56.0,31.981,24.881,27.9685,39.72444,31.147705,34.515347,44948.305,41412.598,1.4000001,1.4000001,4.0,4.3573384,20.16,9.090262,24.4,5.077453,3195.0054,3729.013,5170751.5,4501183.0,438.0,438.0,585.0,2507.1794,533.49243,120
2025-05-01 16:00:00+00:00,56.0,32.431,25.431,27.683083,41.03886,32.06456,34.824764,44976.625,37174.336,17.599998,17.599998,12.0,5.6835546,20.880001,291.51865,23.07,4.7846055,3222.6885,3763.8376,5215728.0,4538357.5,455.6,455.6,597.0,2530.2495,538.27704,121
2025-05-02 16:00:00+00:00,56.0,28.531,24.481,26.470581,35.96042,30.11837,32.896606,45004.547,21828.271,12.8,12.8,16.0,5.7852573,16.199999,61.836178,12.44,2.5489662,3249.1592,3796.7344,5260732.5,4560186.0,468.4,468.4,613.0,2542.6895,540.826,122
2025-05-03 16:00:00+00:00,56.0,30.781,24.581001,26.795584,37.343193,30.546486,33.06851,45032.05,30423.676,10.5,10.5,17.0,8.891344,25.56,254.23776,17.92,3.6756897,3275.9548,3829.803,5305764.5,4590609.5,478.9,478.9,630.0,2560.6094,544.5017,123
2025-05-04 16:00:00+00:00,56.0,30.731,24.531,26.747665,38.62406,30.548492,32.772335,45059.105,27714.898,7.4999995,7.4999995,12.0,11.570515,26.28,255.5617,16.77,3.3791592,3302.7024,3862.5752,5350823.5,4618324.5,486.4,486.4,642.0,2577.3794,547.88086,124
2025-05-05 16:00:00+00:00,56.0,28.831001,24.931,26.335169,35.36496,30.514221,32.066666,45085.688,30778.824,14.400001,14.400001,13.0,10.739833,29.16,253.25467,16.12,3.1472135,3329.0376,3894.6418,5395909.0,4649103.5,500.8,500.8,655.0,2593.4995,551.0281,125
2025-05-06 16:00:00+00:00,56.0,30.131,24.981,26.5935,37.254112,30.199364,32.13894,45111.766,38705.63,10.0,10.0,13.0,13.737904,41.039997,241.74202,18.64,3.5773299,3355.631,3926.7808,5441021.0,4687809.0,510.8,510.8,668.0,2612.1394,554.6054,126
2025-05-07 16:00:00+00:00,56.0,30.431,25.481,27.426832,37.04264,30.816547,32.86476,45137.51,40856.26,6.5999994,6.5999994,14.0,16.395817,42.12,257.69492,21.16,4.1387672,3383.0579,3959.6455,5486158.5,4728665.5,517.39996,517.39996,682.0,2633.2993,558.7442,127
2025-05-08 16:00:00+00:00,56.0,31.131,25.781,28.081001,38.153263,31.62788,33.900085,45163.008,41377.035,2.1,2.1,10.0,16.198,38.88,249.96794,22.27,4.5711417,3411.139,3993.5457,5531321.5,4770042.5,519.49994,519.49994,692.0,2655.5693,563.31537,128
2025-05-09 16:00:00+00:00,56.0,30.481,25.881,27.278917,37.4724,31.54572,32.929913,45188.23,40255.52,17.3,17.3,14.0,16.011908,39.239998,252.99394,20.35,3.9212615,3438.4177,4026.4756,5576509.5,4810298.0,536.7999,536.7999,706.0,2675.9194,567.23663,129
2025-05-10 16:00:00+00:00,56.0,28.931,25.531,26.581,34.84704,30.791668,32.298897,45213.156,19727.516,11.9,11.9,10.0,10.6261,32.039997,250.89877,13.9,2.7514791,3464.9988,4058.7744,5621722.5,4830025.5,548.69995,548.69995,716.0,2689.8193,569.9881,130
2025-05-11 16:00:00+00:00,56.0,27.531,24.831001,25.720583,33.671795,30.332886,31.442963,45237.766,6459.623,20.9,20.9,22.0,11.609651,33.12,235.38467,7.72,1.4834208,3490.7195,4090.2173,5666960.5,4836485.0,569.6,569.6,738.0,2697.5393,571.4715,131
2025-05-12 16:00:00+00:00,56.0,30.181,24.581001,26.539335,38.674007,30.307793,32.64201,45262.03,37360.12,13.900001,13.900001,10.0,11.931705,40.32,211.51003,18.13,3.5506396,3517.2588,4122.8594,5712222.5,4873845.0,583.5,583.5,748.0,2715.6692,575.02216,132
2025-05-13 16:00:00+00:00,56.0,30.781,24.431,26.472666,38.47415,30.07262,32.866516,45285.934,26813.41,15.900001,15.900001,13.0,9.801326,28.44,203.90443,15.04,3.0609372,3543.7314,4155.726,5757508.5,4900658.5,599.4,599.4,761.0,2730.7092,578.08307,133
2025-05-14 16:00:00+00:00,56.0,31.231,24.581001,26.914331,39.435516,30.577667,33.43537,45309.44,32547.57,12.500001,12.500001,8.0,9.885262,27.359999,94.48451,18.19,3.679813,3570.6458,4189.1616,5802818.0,4933206.0,611.9,611.9,769.0,2748.8992,581.7629,134
2025-05-15 16:00:00+00:00,56.0,31.131,25.381,27.153915,39.26465,31.263256,33.755577,45332.535,37065.89,21.300003,21.300003,12.0,9.187056,27.72,112.18406,20.0,3.9842806,3597.7996,4222.917,5848150.5,4970272.0,633.2,633.2,781.0,2768.8992,585.74713,135
2025-05-16 16:00:00+00:00,56.0,30.681,24.781,26.676834,38.93403,30.839725,33.295414,45355.195,22864.635,9.0,9.0,7.0,6.9550843,25.919998,124.43905,16.31,3.3191748,3624.4763,4256.2124,5893505.5,4993136.5,642.2,642.2,788.0,2785.2092,589.0663,136
2025-05-17 16:00:00+00:00,56.0,31.731,25.031,27.241417,40.52079,30.99913,34.09793,45377.383,40380.875,11.900001,11.900001,10.0,6.5223618,20.519999,126.039665,20.65,4.232288,3651.7178,4290.3105,5938883.0,5033517.5,654.10004,654.10004,798.0,2805.8591,593.2986,137
2025-05-18 16:00:00+00:00,56.0,31.931,24.981,27.791412,40.653137,30.979462,34.90513,45399.09,41843.9,4.7,4.7,8.0,4.6800003,19.8,258.0031,23.64,4.914227,3679.5093,4325.216,5984282.0,5075361.5,658.80005,658.80005,806.0,2829.499,598.2128,138
2025-05-19 16:00:00+00:00,56.0,32.131,25.881,28.022669,40.522785,32.803436,35.207752,45420.273,40628.844,11.9,11.9,12.0,4.0249224,17.28,277.96948,21.86,4.5472026,3707.532,4360.4233,6029702.5,5115990.5,670.7001,670.7001,818.0,2851.3591,602.76,139
2025-05-20 16:00:00+00:00,56.0,30.031,25.581001,27.089334,37.295074,31.734692,33.6937,45440.92,29295.467,6.4,6.4,12.0,11.391313,31.319998,266.61905,16.43,3.2034545,3734.6213,4394.117,6075143.5,5145286.0,677.1001,677.1001,830.0,2867.789,605.96344,140
2025-05-21 16:00:00+00:00,56.0,30.481,25.231,27.189331,38.065517,30.958103,33.373745,45461.0,29452.902,4.9,4.9,17.0,12.362475,30.239998,254.9156,16.42,3.323,3761.8105,4427.4907,6120604.5,5174739.0,682.0001,682.0001,847.0,2884.209,609.28644,141
2025-05-22 16:00:00+00:00,56.0,28.931,25.181,26.62475,34.738445,30.151543,31.991076,45480.484,36308.676,19.9,19.9,21.0,16.454994,39.96,251.40015,17.32,3.2425933,3788.4353,4459.482,6166085.0,5211047.5,701.90015,701.90015,868.0,2901.529,612.52905,142
2025-05-23 16:00:00+00:00,56.0,28.531,25.281,26.331,35.08267,30.363659,31.836794,45499.348,11339.015,10.800001,10.800001,23.0,14.48972,39.239998,255.16992,11.24,2.1982462,3814.7664,4491.319,6211584.5,5222386.5,712.70013,712.70013,891.0,2912.769,614.7273,143
2025-05-24 16:00:00+00:00,56.0,26.231,24.731,25.293495,31.277447,29.744938,30.324125,45517.566,0.0,43.1,43.1,24.0,16.13286,55.44,235.17671,4.96,0.9522981,3840.0598,4521.643,6257102.0,5222386.5,755.8001,755.8001,915.0,2917.729,615.67957,144
2025-05-25 16:00:00+00:00,56.0,28.931,24.781,26.318502,34.353436,29.393963,31.525,45535.113,18274.61,10.099999,10.099999,19.0,16.904673,52.199997,239.56822,12.47,2.4399302,3866.3784,4553.168,6302637.0,5240661.0,765.9001,765.9001,934.0,2930.199,618.1195,145
2025-05-26 16:00:00+00:00,56.0,29.081001,24.731,26.274752,35.848602,30.332443,32.269455,45551.96,25253.62,7.4,7.4,17.0,12.69351,37.44,226.83679,11.17,2.1574585,3892.653,4585.4375,6348189.0,5265914.5,773.3001,773.3001,951.0,2941.369,620.277,146
2025-05-27 16:00:00+00:00,56.0,30.781,24.781,27.543497,36.25116,30.927925,33.431637,45568.223,33876.13,0.4,0.4,3.0,11.414043,29.519999,214.95412,17.96,3.8134556,3920.1965,4618.869,6393757.0,5299790.5,773.70013,773.70013,954.0,2959.3289,624.09045,147
2025-05-28 16:00:00+00:00,56.0,30.831001,25.781,28.020584,37.025208,31.486755,33.764324,45583.97,41261.742,0.8,0.8,3.0,16.733225,47.88,227.09402,20.07,4.1004677,3948.217,4652.6333,6439341.0,5341052.0,774.5001,774.5001,957.0,2979.399,628.1909,148
2025-05-29 16:00:00+00:00,56.0,31.181,26.131,28.04767,38.08087,31.987091,33.896233,45599.17,16351.453,0.4,0.4,3.0,10.1456785,35.28,222.95619,14.81,3.2170405,3976.2646,4686.5293,6484940.0,5357403.5,774.90015,774.90015,960.0,2994.209,631.40796,149
2025-05-30 16:00:00+00:00,56.0,31.931,25.431,28.341415,38.38257,31.58551,34.394985,45613.82,37514.043,0.0,0.0,0.0,10.196647,31.68,217.11491,20.75,4.456928,4004.606,4720.9243,6530554.0,5394917.5,774.90015,774.90015,960.0,3014.959,635.86487,150
2025-05-31 16:00:00+00:00,56.0,31.581001,25.681,28.312254,37.34477,32.22594,34.148174,45627.902,40394.66,0.3,0.3,3.0,16.244936,41.760002,237.55942,23.45,4.8723907,4032.9182,4755.0723,6576182.0,5435312.0,775.20013,775.20013,963.0,3038.409,640.73724,151
2025-06-01 16:00:00+00:00,56.0,30.881,25.581001,27.524755,35.83692,30.024952,32.696735,45641.41,41457.348,4.5999994,4.5999994,14.0,20.858265,50.76,242.25606,22.65,4.4392104,4060.4429,4787.769,6621823.5,5476769.5,779.8001,779.8001,977.0,3061.0588,645.17645,152
2025-06-02 16:00:00+00:00,56.0,28.531,25.281,26.747673,33.505177,30.87954,32.103912,45654.316,1344.0287,6.8000007,6.8000007,12.0,15.39184,42.12,255.35986,10.7,2.1802137,4087.1904,4819.873,6667478.0,5478113.5,786.6001,786.6001,989.0,3071.7588,647.3567,153
2025-06-03 16:00:00+00:00,56.0,29.131,25.181,26.501831,35.040672,30.15797,31.715958,45666.613,38516.316,11.8,11.8,18.0,15.639297,39.6,255.08788,19.08,3.5134237,4113.6924,4851.589,6713144.5,5516630.0,798.4001,798.4001,1007.0,3090.8389,650.8701,154
2025-06-04 16:00:00+00:00,56.0,28.331001,25.131,26.301834,34.206135,30.00893,31.602129,45678.29,38536.145,10.1,10.1,15.0,15.922624,44.28,252.79485,18.25,3.3485687,4139.994,4883.191,6758823.0,5555166.0,808.50006,808.50006,1022.0,3109.0889,654.2187,155
2025-06-05 16:00:00+00:00,56.0,29.731,24.831001,26.72683,36.53836,29.38433,31.916422,45689.324,39219.945,4.1,4.1,17.0,15.856356,41.399998,254.50156,19.84,3.780579,4166.721,4915.1074,6804512.5,5594386.0,812.60004,812.60004,1039.0,3128.929,657.99927,156
2025-06-06 16:00:00+00:00,56.0,28.431,24.731,26.101837,34.4385,29.407593,30.993734,45699.703,36291.906,25.4,25.4,20.0,16.372087,41.039997,253.94637,17.92,3.2590368,4192.823,4946.101,6850212.0,5630678.0,838.00006,838.00006,1059.0,3146.8489,661.2583,157
2025-06-07 16:00:00+00:00,56.0,28.681,24.431,26.031004,33.521996,28.948238,30.421156,45709.42,39600.0,10.600001,10.600001,20.0,18.568813,47.16,243.961,17.57,3.231473,4218.854,4976.5225,6895921.5,5670278.0,848.60004,848.60004,1079.0,3164.419,664.48975,158
2025-06-08 16:00:00+00:00,56.0,28.331001,24.631,26.016418,31.729923,28.336185,30.057379,45718.453,21114.58,12.799999,12.799999,19.0,22.029236,54.0,245.0224,12.67,2.5293005,4244.8706,5006.58,6941640.0,5691392.5,861.4,861.4,1098.0,3177.0889,667.01904,159
2025-06-09 16:00:00+00:00,56.0,28.181,24.731,26.003916,33.577885,28.862541,30.610466,45726.79,40415.312,7.1,7.1,24.0,18.837322,50.76,244.6624,17.56,3.1245322,4270.8745,5037.1904,6987367.0,5731808.0,868.5,868.5,1122.0,3194.649,670.14355,160
2025-06-10 16:00:00+00:00,56.0,28.531,25.031,26.274752,32.697998,29.375374,30.539606,45734.42,31557.312,8.7,8.7,22.0,21.916433,52.199997,245.6595,14.94,2.8276653,4297.1494,5067.73,7033101.5,5763365.5,877.2,877.2,1144.0,3209.5889,672.9712,161
2025-06-11 16:00:00+00:00,56.0,25.931,24.581001,25.445585,30.72942,28.951939,30.075258,45741.33,0.0,18.100002,18.100002,21.0,17.750774,48.6,244.82983,5.43,0.9985839,4322.595,5097.805,7078843.0,5763365.5,895.3,895.3,1165.0,3215.0188,673.9698,162
2025-06-12 16:00:00+00:00,56.0,30.031,25.431,27.318499,35.1476,30.210953,32.21384,45747.5,38384.906,0.90000004,0.90000004,6.0,16.144905,44.28,240.61107,18.57,3.789344,4349.9136,5130.019,7124590.5,5801750.5,896.2,896.2,1171.0,3233.5889,677.75916,163
2025-06-13 16:00:00+00:00,56.0,31.031,25.531,27.745588,36.907417,30.393806,32.824123,45752.926,39781.504,0.6,0.6,5.0,15.10821,42.12,240.56598,21.27,4.420658,4377.659,5162.8433,7170343.5,5841532.0,896.8,896.8,1176.0,3254.859,682.1798,164
2025-06-14 16:00:00+00:00,56.0,31.131,25.331001,27.787249,37.46727,30.905128,33.287666,45757.586,41658.09,0.2,0.2,1.0,13.218668,34.92,248.95393,23.42,4.8040743,4405.4463,5196.131,7216101.0,5883190.0,897.0,897.0,1177.0,3278.2788,686.9839,165
2025-06-15 16:00:00+00:00,56.0,30.631,25.131,27.253922,36.509907,31.194237,32.755947,45761.47,40337.32,0.6,0.6,6.0,14.275713,34.56,255.19157,17.66,3.684352,4432.7,5228.8867,7261862.5,5923527.5,897.6,897.6,1183.0,3295.9387,690.6682,166
2025-06-16 16:00:00+00:00,56.0,30.181,25.381,27.12475,35.402046,30.793358,32.278217,45764.6,36624.37,1.0,1.0,4.0,16.546297,42.839996,250.53697,18.91,3.8378558,4459.8247,5261.165,7307627.0,5960152.0,898.6,898.6,1187.0,3314.8486,694.50604,167
2025-06-17 16:00:00+00:00,56.0,30.131,25.181,26.75392,35.913143,30.724106,32.111645,45766.992,41080.13,6.9,6.9,13.0,15.713702,39.6,254.01994,18.17,3.4862423,4486.5786,5293.277,7353394.0,6001232.0,905.5,905.5,1200.0,3333.0186,697.9923,168
2025-06-18 16:00:00+00:00,56.0,28.981,25.081001,26.678917,33.061646,30.315662,31.570837,45768.656,27117.215,0.8000001,0.8000001,7.0,17.640919,42.839996,264.57834,14.76,3.0027952,4513.2573,5324.8477,7399162.5,6028349.0,906.3,906.3,1207.0,3347.7786,700.9951,169
2025-06-19 16:00:00+00:00,56.0,27.931,24.781,26.118498,33.669693,29.540905,31.334602,45769.582,31333.139,18.3,18.3,17.0,14.178928,42.48,264.81763,14.56,2.748054,4539.376,5356.182,7444932.0,6059682.0,924.6,924.6,1224.0,3362.3386,703.74316,170
2025-06-20 16:00:00+00:00,56.0,27.281,23.931,24.981,31.912144,28.293041,29.225754,45769.78,3739.8157,23.300001,23.300001,24.0,19.179081,46.44,242.11601,7.77,1.5112085,4564.357,5385.4077,7490702.0,6063422.0,947.89996,947.89996,1248.0,3370.1086,705.2544,171
2025-06-21 16:00:00+00:00,56.0,26.331001,24.031,24.941422,30.49355,27.615843,29.251322,45769.258,0.0,16.0,16.0,24.0,17.48596,50.039997,244.80559,6.09,1.2101734,4589.2983,5414.659,7536471.5,6063422.0,963.89996,963.89996,1272.0,3376.1987,706.46454,172
2025-06-22 16:00:00+00:00,56.0,26.731,24.381,25.310165,31.830936,29.113811,30.037706,45768.023,11303.096,17.900002,17.900002,19.0,18.775301,51.48,245.0629,10.22,1.8231634,4614.6084,5444.697,7582239.5,6074725.0,981.8,981.8,1291.0,3386.4187,708.2877,173
2025-06-23 16:00:00+00:00,56.0,29.331001,24.031,26.012247,35.474247,28.268536,31.007124,45766.074,33148.74,5.799999,5.799999,18.0,15.22783,40.68,240.46246,16.18,3.0432887,4640.6206,5475.704,7628005.5,6107873.5,987.6,987.6,1309.0,3402.5986,711.331,174
2025-06-24 16:00:00+00:00,56.0,29.431,24.831001,26.733084,36.355675,29.96519,32.352673,45763.418,38036.383,6.0,6.0,16.0,13.83192,37.44,243.03355,18.43,3.5629518,4667.3535,5508.0566,7673769.0,6145910.0,993.6,993.6,1325.0,3421.0286,714.8939,175
2025-06-25 16:00:00+00:00,56.0,30.131,24.181,26.849749,36.713234,29.517578,32.497833,45760.066,40886.88,3.6000001,3.6000001,9.0,15.808263,39.239998,253.31644,20.91,4.094123,4694.203,5540.5547,7719529.0,6186797.0,997.19995,997.19995,1334.0,3441.9385,718.98804,176
2025-06-26 16:00:00+00:00,56.0,29.881,25.081001,26.522667,36.851734,30.43031,31.967257,45756.01,34406.23,7.8,7.8,10.0,15.833861,43.56,252.59392,19.36,3.6912973,4720.7256,5572.522,7765285.0,6221203.0,1004.99994,1004.99994,1344.0,3461.2986,722.6793,177
2025-06-27 16:00:00+00:00,56.0,29.181,24.731,26.495588,34.391785,29.551937,31.24388,45751.273,27336.342,3.6,3.6,14.0,17.762634,46.8,253.87701,15.28,3.0735238,4747.221,5603.7656,7811036.5,6248539.5,1008.5999,1008.5999,1358.0,3476.5786,725.75287,178
2025-06-28 16:00:00+00:00,56.0,30.131,24.681,27.278917,35.606285,28.383602,31.825315,45745.85,42219.566,3.199999,3.199999,12.0,21.359411,54.719997,253.22713,21.99,4.369848,4774.5,5635.591,7856782.5,6290759.0,1011.7999,1011.7999,1370.0,3498.5686,730.12274,179
2025-06-29 16:00:00+00:00,56.0,28.831001,25.681,26.949753,34.66449,30.450104,31.70234,45739.758,38343.71,6.7000003,6.7000003,12.0,16.940096,48.96,252.59195,17.58,3.3948972,4801.4497,5667.293,7902522.5,6329102.5,1018.49994,1018.49994,1382.0,3516.1487,733.51764,180
2025-06-30 16:00:00+00:00,56.0,28.181,24.881,25.983084,33.52109,29.471554,31.068819,45732.992,31975.09,14.900002,14.900002,20.0,14.494192,44.28,251.37415,15.37,2.8052156,4827.4326,5698.362,7948255.5,6361077.5,1033.3999,1033.3999,1402.0,3531.5188,736.3229,181
2025-07-01 16:00:00+00:00,56.0,28.481,24.681,26.206,33.56209,29.342045,31.162527,45725.562,34960.188,4.7,4.7,19.0,18.861387,56.16,252.65662,15.97,2.9308536,4853.6387,5729.5244,7993981.0,6396037.5,1038.0999,1038.0999,1421.0,3547.4888,739.2537,182
2025-07-02 16:00:00+00:00,56.0,29.681,25.031,26.851831,34.632515,30.139885,31.881424,45717.477,22026.92,1.6000001,1.6000001,5.0,15.602999,38.88,251.4955,15.19,3.1445286,4880.4907,5761.406,8039698.5,6418064.5,1039.6998,1039.6998,1426.0,3562.6787,742.39825,183
2025-07-03 16:00:00+00:00,56.0,29.781,24.681,26.818502,36.728016,29.456703,32.03618,45708.742,38518.223,5.8,5.8,10.0,14.6254835,44.28,256.24426,18.2,3.6032815,4907.309,5793.442,8085407.0,6456582.5,1045.4999,1045.4999,1436.0,3580.8787,746.0015,184
2025-07-04 16:00:00+00:00,56.0,29.281,25.131,26.481003,35.610554,29.856762,31.70212,45699.367,39268.715,9.500001,9.500001,17.0,17.49337,46.44,259.25266,18.36,3.324512,4933.79,5825.144,8131106.5,6495851.0,1054.9999,1054.9999,1453.0,3599.2388,749.32605,185
2025-07-05 16:00:00+00:00,56.0,27.631,25.031,25.914335,33.21057,29.41373,30.857439,45689.36,28132.777,16.6,16.6,18.0,14.256409,47.88,244.49835,13.65,2.5112739,4959.7046,5856.0015,8176796.0,6523984.0,1071.5999,1071.5999,1471.0,3612.8887,751.83734,186
2025-07-06 16:00:00+00:00,56.0,28.481,24.631,25.974747,34.31237,29.321484,31.057432,45678.63,36071.78,21.1,21.1,20.0,14.917212,46.8,241.23172,16.65,3.081067,4985.679,5887.059,8222474.5,6560056.0,1092.6998,1092.6998,1491.0,3629.5386,754.9184,187
2025-07-07 16:00:00+00:00,56.0,29.831001,24.781,26.278917,36.574196,30.034477,31.607048,45667.145,21340.236,5.3,5.3,14.0,16.546299,36.719997,228.89227,14.54,2.9767709,5011.958,5918.666,8268141.5,6581396.0,1097.9999,1097.9999,1505.0,3644.0786,757.89514,188
2025-07-08 16:00:00+00:00,56.0,28.481,25.081001,26.410172,33.57458,29.490532,31.603895,45654.93,11477.237,3.1000001,3.1000001,14.0,14.810401,40.68,243.7136,10.79,2.1915934,5038.368,5950.27,8313796.5,6592873.0,1101.0999,1101.0999,1519.0,3654.8687,760.08673,189
2025-07-09 16:00:00+00:00,56.0,30.081001,25.031,27.041418,36.181164,29.161442,31.902351,45642.008,41748.547,3.2,3.2,14.0,19.070658,46.079998,252.1879,22.8,4.4647074,5065.4097,5982.1724,8359438.5,6634621.5,1104.2998,1104.2998,1533.0,3677.6687,764.55145,190
2025-07-10 16:00:00+00:00,56.0,28.581001,24.881,26.131002,33.934834,29.31063,30.755533,45628.395,36860.934,9.700001,9.700001,18.0,20.1865,57.239998,256.82678,17.49,3.1587257,5091.5405,6012.9277,8405067.0,6671482.5,1113.9998,1113.9998,1551.0,3695.1587,767.7102,191
2025-07-11 16:00:00+00:00,56.0,29.481,25.581001,26.974749,35.289284,30.497223,31.94497,45614.113,41638.406,3.0999994,3.0999994,16.0,17.731598,49.68,250.60588,20.92,3.9399076,5118.515,6044.8726,8450681.0,6713121.0,1117.0997,1117.0997,1567.0,3716.0786,771.6501,192
2025-07-12 16:00:00+00:00,56.0,29.381,25.031,26.939337,34.650333,29.955273,31.647493,45599.195,41736.48,2.4999998,2.4999998,18.0,19.574533,47.88,241.8783,18.19,3.5806522,5145.4546,6076.52,8496280.0,6754857.5,1119.5997,1119.5997,1585.0,3734.2686,775.2307,193
2025-07-13 16:00:00+00:00,56.0,29.881,25.081001,26.522669,36.372574,29.693054,31.495623,45583.652,39717.28,8.8,8.8,16.0,16.68669,46.44,244.82129,20.17,3.8458192,5171.977,6108.0156,8541864.0,6794575.0,1128.3998,1128.3998,1601.0,3754.4385,779.07654,194
2025-07-14 16:00:00+00:00,56.0,30.031,24.831001,26.451836,37.10042,30.019768,32.14374,45567.51,40534.332,6.5999994,6.5999994,15.0,12.904882,32.039997,233.92279,18.87,3.5705712,5198.4287,6140.159,8587432.0,6835109.5,1134.9998,1134.9998,1616.0,3773.3086,782.6471,195
2025-07-15 16:00:00+00:00,56.0,28.981,24.581001,26.228918,34.80668,29.550846,31.351255,45550.797,39843.42,10.5,10.5,15.0,15.14783,37.44,236.6816,18.31,3.3910658,5224.6577,6171.5103,8632983.0,6874953.0,1145.4998,1145.4998,1631.0,3791.6187,786.03815,196
2025-07-16 16:00:00+00:00,56.0,30.331001,25.081001,26.858084,35.18053,29.883118,31.594046,45533.52,40503.77,2.8,2.8,11.0,18.36794,49.68,240.61623,22.05,4.295817,5251.5156,6203.1045,8678517.0,6915457.0,1148.2998,1148.2998,1642.0,3813.6687,790.334,197
2025-07-17 16:00:00+00:00,56.0,30.131,24.831001,26.710167,35.109184,28.932983,30.97497,45515.715,37599.34,4.5000005,4.5000005,18.0,22.689283,57.6,241.85402,20.74,3.9755948,5278.2256,6234.0796,8724033.0,6953056.5,1152.7998,1152.7998,1660.0,3834.4087,794.3096,198
2025-07-18 16:00:00+00:00,56.0,28.381,24.681,25.681005,33.271976,28.862076,30.447802,45497.4,21593.623,13.499999,13.499999,23.0,21.01071,54.719997,241.53099,11.21,2.0429976,5303.9067,6264.5273,8769530.0,6974650.0,1166.2998,1166.2998,1683.0,3845.6187,796.35254,199
2025-07-19 16:00:00+00:00,56.0,25.881,24.531,25.037252,30.368484,28.360851,29.157532,45478.594,4292.707,20.900002,20.900002,24.0,22.248028,64.439995,236.94276,6.55,1.1053352,5328.944,6293.685,8815009.0,6978942.5,1187.1998,1187.1998,1707.0,3852.1687,797.4579,200
2025-07-20 16:00:00+00:00,56.0,28.481,24.931,26.62475,32.85603,28.846695,31.02852,45459.312,4037.878,4.3999996,4.3999996,15.0,20.562586,57.96,241.83086,12.07,2.4507554,5355.5684,6324.7134,8860468.0,6982980.5,1191.5999,1191.5999,1722.0,3864.2388,799.9086,201
2025-07-21 16:00:00+00:00,56.0,29.831001,25.781,27.424751,34.959305,29.539707,31.598707,45439.59,34703.37,3.1999996,3.1999996,21.0,25.772078,66.24,244.87846,19.55,3.8240147,5382.993,6356.312,8905908.0,7017684.0,1194.7998,1194.7998,1743.0,3883.7888,803.73267,202
2025-07-22 16:00:00+00:00,56.0,29.881,25.931,27.414335,35.397026,29.70298,31.389105,45419.44,22590.096,5.2,5.2,16.0,23.75045,62.279995,240.4908,16.98,3.5772235,5410.4077,6387.701,8951327.0,7040274.0,1199.9998,1199.9998,1759.0,3900.7688,807.3099,203
2025-07-23 16:00:00+00:00,56.0,30.181,26.031,27.731003,35.35804,29.953484,31.90816,45398.89,40305.875,1.9,1.9,8.0,20.774214,56.88,239.74959,23.67,4.908901,5438.1387,6419.6094,8996726.0,7080580.0,1201.8998,1201.8998,1767.0,3924.4387,812.21875,204
2025-07-24 16:00:00+00:00,56.0,30.381,25.781,27.758085,35.325333,30.274773,32.237698,45377.95,41639.387,0.0,0.0,0.0,20.457537,55.079998,240.7223,23.99,4.921475,5465.897,6451.847,9042104.0,7122219.5,1201.8998,1201.8998,1767.0,3948.4287,817.1402,205
2025-07-25 16:00:00+00:00,56.0,30.231,25.831001,27.708084,34.952038,31.004524,32.333805,45356.64,39899.37,0.6,0.6,4.0,21.461555,56.519997,245.77654,20.87,4.3059893,5493.605,6484.181,9087461.0,7162119.0,1202.4998,1202.4998,1771.0,3969.2988,821.44617,206
2025-07-26 16:00:00+00:00,56.0,29.381,25.831001,27.189333,35.90721,30.406399,32.19074,45334.812,35256.055,5.8999996,5.8999996,19.0,16.284779,58.32,252.71965,19.41,3.7243528,5520.7944,6516.372,9132796.0,7197375.0,1208.3998,1208.3998,1790.0,3988.7087,825.17053,207
2025-07-27 16:00:00+00:00,56.0,28.631,25.631,26.970587,33.91529,30.56229,31.813467,45312.395,37737.34,6.3999996,6.3999996,17.0,20.082708,51.839996,244.89012,18.58,3.4735458,5547.765,6548.1855,9178108.0,7235112.5,1214.7998,1214.7998,1807.0,4007.2888,828.6441,208
2025-07-28 16:00:00+00:00,56.0,29.131,25.331001,27.02475,35.011166,29.66726,32.001373,45289.414,39864.684,8.200001,8.200001,19.0,17.309973,54.0,246.25494,19.34,3.6831799,5574.79,6580.187,9223397.0,7274977.0,1222.9998,1222.9998,1826.0,4026.629,832.3273,209
2025-07-29 16:00:00+00:00,56.0,30.031,25.731,27.428919,35.24997,30.128094,32.038197,45265.902,39600.0,2.1999998,2.1999998,11.0,20.37899,57.239998,248.12369,20.31,4.058996,5602.2188,6612.225,9268663.0,7314577.0,1225.1997,1225.1997,1837.0,4046.939,836.3863,210
2025-07-30 16:00:00+00:00,56.0,30.531,26.131,27.872667,35.947014,31.27842,32.703167,45241.89,41549.676,3.3999996,3.3999996,14.0,18.762354,46.44,262.08047,22.71,4.6262245,5630.0913,6644.928,9313905.0,7356126.5,1228.5997,1228.5997,1851.0,4069.649,841.0125,211
2025-07-31 16:00:00+00:00,56.0,31.431,25.831001,28.010168,39.375824,31.27259,33.95023,45217.402,40618.29,1.1,1.1,5.0,11.35285,36.0,256.25546,23.95,4.8741717,5658.1016,6678.8784,9359122.0,7396745.0,1229.6997,1229.6997,1856.0,4093.5989,845.88666,212
2025-08-01 16:00:00+00:00,56.0,31.781,25.081001,27.541418,40.15426,30.62104,34.029156,45192.47,41137.387,6.0,6.0,11.0,7.922045,24.48,234.52888,22.49,4.566923,5685.643,6712.9077,9404314.0,7437882.5,1235.6997,1235.6997,1867.0,4116.089,850.45355,213
2025-08-02 16:00:00+00:00,56.0,31.081001,24.731,27.647667,38.368847,30.657715,33.615025,45167.113,40944.344,2.1000001,2.1000001,6.0,12.320471,33.12,237.7843,23.43,4.7925353,5713.2905,6746.523,9449481.0,7478827.0,1237.7997,1237.7997,1873.0,4139.519,855.2461,214
2025-08-03 16:00:00+00:00,56.0,30.631,25.531,27.820587,36.271477,31.212444,33.3378,45141.363,42040.65,0.2,0.2,2.0,15.999762,43.199997,251.0365,23.55,4.748202,5741.1113,6779.861,9494622.0,7520867.5,1237.9996,1237.9996,1875.0,4163.069,859.9943,215
2025-08-04 16:00:00+00:00,56.0,30.231,25.431,27.522669,35.859077,30.812878,32.599995,45115.242,41328.78,1.4000001,1.4000001,10.0,16.343367,41.039997,250.99564,21.33,4.3522105,5768.634,6812.461,9539737.0,7562196.5,1239.3997,1239.3997,1885.0,4184.399,864.34656,216
2025-08-05 16:00:00+00:00,56.0,29.881,25.281,26.841421,35.88624,30.306576,32.025944,45088.79,41114.797,3.7999997,3.7999997,15.0,15.5395355,38.16,249.4017,22.17,4.2082076,5795.475,6844.487,9584826.0,7603311.5,1243.1997,1243.1997,1900.0,4206.569,868.55475,217
2025-08-06 16:00:00+00:00,56.0,29.931,24.381,26.466415,36.135994,29.579906,31.926254,45062.016,38256.63,14.4,14.4,13.0,13.259049,36.0,221.27486,21.22,4.13884,5821.9414,6876.413,9629888.0,7641568.0,1257.5997,1257.5997,1913.0,4227.789,872.6936,218
2025-08-07 16:00:00+00:00,56.0,30.881,24.381,26.87892,38.225193,29.893555,32.678864,45034.953,40225.637,7.9000006,7.9000006,11.0,12.466867,35.28,239.20853,22.46,4.446876,5848.8203,6909.092,9674923.0,7681793.5,1265.4998,1265.4998,1924.0,4250.249,877.1405,219
2025-08-08 16:00:00+00:00,56.0,29.931,24.481,26.943499,36.643925,30.091839,32.3044,45007.625,39664.22,2.0,2.0,7.0,16.084589,37.8,262.84998,20.99,4.179302,5875.7637,6941.396,9719931.0,7721457.5,1267.4998,1267.4998,1931.0,4271.2393,881.3198,220
2025-08-09 16:00:00+00:00,56.0,29.681,25.481,26.976837,36.603077,30.51479,32.126953,44980.055,38436.754,3.0,3.0,14.0,15.24909,41.760002,267.39935,19.0,3.7256591,5902.7407,6973.523,9764911.0,7759894.5,1270.4998,1270.4998,1945.0,4290.2393,885.0455,221
2025-08-10 16:00:00+00:00,56.0,27.681,23.831001,25.664331,33.80398,27.45269,30.271242,44952.27,8905.035,13.900001,13.900001,17.0,16.224981,41.039997,254.02295,11.02,2.1684058,5928.4053,7003.7944,9809863.0,7768799.5,1284.3998,1284.3998,1962.0,4301.2593,887.21387,222
2025-08-11 16:00:00+00:00,56.0,26.481,23.831001,24.76225,31.044064,27.44234,29.103601,44924.293,12518.7295,22.0,22.0,24.0,18.692286,48.239998,249.90314,8.36,1.5164206,5953.1675,7032.898,9854787.0,7781318.0,1306.3998,1306.3998,1986.0,4309.619,888.7303,223
2025-08-12 16:00:00+00:00,56.0,29.481,23.931,26.03517,35.038242,28.158253,30.464714,44896.145,36000.0,4.8999996,4.8999996,13.0,15.379206,47.88,257.10092,17.1,3.4283774,5979.2026,7063.363,9899683.0,7817318.0,1311.2998,1311.2998,1999.0,4326.719,892.1587,224
2025-08-13 16:00:00+00:00,56.0,27.231,23.731,25.610163,31.828075,28.010784,30.103743,44867.855,28269.639,6.4999995,6.4999995,19.0,15.427586,46.079998,260.95175,12.09,2.3256836,6004.813,7093.4663,9944551.0,7845587.5,1317.7998,1317.7998,2018.0,4338.809,894.4844,225
2025-08-14 16:00:00+00:00,56.0,26.181,24.081001,24.831,31.271,28.218948,29.210327,44839.434,6663.368,20.9,20.9,22.0,16.740967,48.239998,253.18556,6.75,1.2411243,6029.644,7122.677,9989390.0,7852251.0,1338.6998,1338.6998,2040.0,4345.559,895.7255,226
2025-08-15 16:00:00+00:00,56.0,25.531,23.731,24.393501,30.63742,26.9621,28.801779,44810.71,0.0,37.999996,37.999996,24.0,19.03665,50.76,250.32503,5.95,1.107677,6054.0376,7151.4785,10034201.0,7852251.0,1376.6998,1376.6998,2064.0,4351.5093,896.8332,227
2025-08-16 16:00:00+00:00,56.0,27.481,24.031,25.251831,32.6292,28.678707,30.401125,44781.594,7828.395,20.700005,20.700005,18.0,10.24578,39.239998,250.38602,8.58,1.738325,6079.2896,7181.88,10078983.0,7860079.5,1397.3998,1397.3998,2082.0,4360.0894,898.57153,228
2025-08-17 16:00:00+00:00,56.0,30.981,23.081001,26.78933,36.624557,27.940865,32.0876,44752.12,41149.688,0.0,0.0,0.0,13.896187,36.719997,246.24785,26.02,5.2798576,6106.079,7213.9673,10123735.0,7901229.0,1397.3998,1397.3998,2082.0,4386.1094,903.8514,229
2025-08-18 16:00:00+00:00,56.0,30.531,23.381,26.470583,36.102417,28.442448,31.670359,44722.312,40037.44,0.1,0.1,1.0,13.864674,35.28,254.10753,22.3,4.5001216,6132.55,7245.6377,10168457.0,7941266.5,1397.4998,1397.4998,2083.0,4408.409,908.3515,230
2025-08-19 16:00:00+00:00,56.0,30.731,23.631,26.851831,36.678463,28.740353,32.220615,44692.2,40797.785,0.0,0.0,0.0,11.098865,29.88,260.03253,23.21,4.7602744,6159.402,7277.8584,10213149.0,7982064.5,1397.4998,1397.4998,2083.0,4431.619,913.11176,231
2025-08-20 16:00:00+00:00,56.0,29.831001,24.031,26.087248,36.65149,29.052876,31.650131,44661.8,28861.062,16.699999,16.699999,16.0,10.662626,31.68,261.4992,18.48,3.636261,6185.4893,7309.5083,10257811.0,8010925.5,1414.1997,1414.1997,2099.0,4450.099,916.74805,232
2025-08-21 16:00:00+00:00,56.0,25.281,23.481,24.274755,30.03706,28.006432,29.028559,44631.14,0.0,25.6,25.6,24.0,14.869351,39.6,263.72998,5.73,1.0567051,6209.764,7338.5366,10302442.0,8010925.5,1439.7997,1439.7997,2123.0,4455.829,917.80475,233
2025-08-22 16:00:00+00:00,56.0,27.381,23.581001,24.872667,33.496284,28.121773,29.633696,44600.254,28269.361,11.199999,11.199999,23.0,15.710607,41.399998,257.1801,13.01,2.3917286,6234.6367,7368.1704,10347042.0,8039195.0,1450.9996,1450.9996,2146.0,4468.839,920.1965,234
2025-08-23 16:00:00+00:00,56.0,28.031,24.281,25.614334,34.11795,28.148983,30.302277,44569.152,36923.016,8.9,8.9,16.0,14.455019,46.44,261.07166,16.82,3.109747,6260.251,7398.4727,10391611.0,8076118.0,1459.8997,1459.8997,2162.0,4485.6587,923.3062,235
2025-08-24 16:00:00+00:00,56.0,27.731,24.281,25.455996,33.31147,28.059917,29.818762,44537.875,27445.979,20.5,20.5,22.0,17.886242,48.6,250.4144,16.47,2.9409845,6285.707,7428.2915,10436149.0,8103564.0,1480.3997,1480.3997,2184.0,4502.129,926.2472,236
2025-08-25 16:00:00+00:00,56.0,28.281,24.281,25.493502,34.9289,28.275177,30.43123,44506.434,24364.863,12.9,12.9,24.0,14.687382,47.16,250.58414,15.3,2.7893624,6311.2007,7458.7227,10480655.0,8127929.0,1493.2997,1493.2997,2208.0,4517.4287,929.03656,237
2025-08-26 16:00:00+00:00,56.0,27.781,24.481,25.599749,33.523983,28.59901,30.436302,44474.85,21315.855,9.699999,9.699999,21.0,14.830076,45.719997,256.35925,14.16,2.6316257,6336.8003,7489.159,10525130.0,8149245.0,1502.9996,1502.9996,2229.0,4531.589,931.6682,238
2025-08-27 16:00:00+00:00,56.0,28.581001,24.381,25.726835,32.835514,28.71582,30.215036,44443.156,39691.51,6.6999993,6.6999993,18.0,17.02404,42.839996,255.16931,15.67,3.010499,6362.5273,7519.374,10569573.0,8188936.5,1509.6996,1509.6996,2247.0,4547.259,934.6787,239
2025-08-28 16:00:00+00:00,56.0,29.831001,24.581001,26.676832,36.234398,29.369526,31.458216,44411.37,40338.008,3.9,3.9,17.0,21.38897,51.12,259.4507,22.58,4.2984886,6389.204,7550.832,10613984.0,8229274.5,1513.5996,1513.5996,2264.0,4569.839,938.9772,240
2025-08-29 16:00:00+00:00,56.0,28.231,24.331001,25.528915,34.372334,28.20678,29.848808,44379.51,27866.936,10.400001,10.400001,24.0,19.101213,54.36,269.69028,16.0,2.854787,6414.733,7580.6807,10658364.0,8257141.5,1523.9996,1523.9996,2288.0,4585.839,941.832,241
2025-08-30 16:00:00+00:00,56.0,25.881,24.181,24.747671,30.057007,27.9226,28.809847,44347.61,0.0,28.099998,28.099998,24.0,19.976757,53.639996,255.05156,6.34,1.0801985,6439.4805,7609.4907,10702712.0,8257141.5,1552.0996,1552.0996,2312.0,4592.1787,942.9122,242
2025-08-31 16:00:00+00:00,56.0,25.631,24.081001,24.776838,30.25214,27.687225,28.833178,44315.68,24.378548,17.699999,17.699999,24.0,20.54288,49.32,245.5604,7.08,1.2202196,6464.2573,7638.3237,10747028.0,8257166.0,1569.7996,1569.7996,2336.0,4599.259,944.1324,243
2025-09-01 16:00:00+00:00,56.0,29.181,24.181,26.103918,35.526863,28.166542,30.898743,44283.746,31699.918,10.6,10.6,18.0,16.011908,52.199997,251.34285,18.2,3.4084485,6490.3613,7669.2227,10791312.0,8288866.0,1580.3995,1580.3995,2354.0,4617.459,947.54083,244
2025-09-02 16:00:00+00:00,56.0,28.981,23.881,25.726831,35.611164,28.66264,30.810226,44251.83,26905.977,10.200001,10.200001,21.0,14.019216,38.88,245.80188,14.72,2.8465405,6516.0884,7700.0327,10835564.0,8315772.0,1590.5995,1590.5995,2375.0,4632.179,950.3874,245
2025-09-03 16:00:00+00:00,56.0,27.631,24.331001,25.41642,33.704994,28.750343,30.412287,44219.94,34240.562,18.400002,18.400002,23.0,13.491597,39.6,252.05914,14.41,2.6110091,6541.505,7730.445,10879784.0,8350012.5,1608.9995,1608.9995,2398.0,4646.5894,952.9984,246
2025-09-04 16:00:00+00:00,56.0,27.531,24.531,25.578918,32.96173,29.464,30.63201,44187.91,16641.914,8.299999,8.299999,21.0,14.628807,37.44,250.88962,9.28,1.820525,6567.084,7761.0767,10923972.0,8366654.5,1617.2996,1617.2996,2419.0,4655.869,954.8189,247
2025-09-05 16:00:00+00:00,56.0,29.631,24.631,26.495583,35.331944,29.775719,31.493301,44155.64,39600.0,1.5000001,1.5000001,9.0,16.794106,43.199997,247.85062,19.56,3.778757,6593.5796,7792.57,10968128.0,8406254.0,1618.7996,1618.7996,2428.0,4675.429,958.59766,248
2025-09-06 16:00:00+00:00,56.0,28.081001,24.831001,25.98308,33.160683,29.618221,30.840294,44123.164,19560.96,7.9,7.9,13.0,13.584932,38.519997,243.69818,14.2,2.7557302,6619.5625,7823.41,11012251.0,8425815.0,1626.6996,1626.6996,2441.0,4689.6294,961.3534,249
2025-09-07 16:00:00+00:00,56.0,27.281,24.631,25.512253,32.562664,29.233212,30.415632,44090.492,11239.635,12.000001,12.000001,16.0,12.387348,37.44,233.95926,11.22,2.153852,6645.0747,7853.8257,11056341.0,8437055.0,1638.6996,1638.6996,2457.0,4700.8496,963.50726,250
2025-09-08 16:00:00+00:00,56.0,27.481,24.231,25.595581,32.22141,29.27082,30.571716,44057.656,2131.2642,3.2000003,3.2000003,11.0,12.283599,37.8,233.20096,9.25,1.916664,6670.6704,7884.3975,11100399.0,8439186.0,1641.8995,1641.8995,2468.0,4710.0996,965.42395,251
2025-09-09 16:00:00+00:00,56.0,29.181,24.681,26.503916,33.653233,29.742054,31.306803,44024.676,34777.105,0.3,0.3,3.0,13.576582,33.48,258.382,17.57,3.611895,6697.1743,7915.704,11144424.0,8473963.0,1642.1996,1642.1996,2471.0,4727.6694,969.0358,252
2025-09-10 16:00:00+00:00,56.0,30.131,24.481,26.510168,36.845287,29.55339,31.582695,43991.57,40239.11,3.1,3.1,7.0,17.02404,41.039997,246.94768,22.1,4.34016,6723.6846,7947.2866,11188416.0,8514202.0,1645.2996,1645.2996,2478.0,4749.7695,973.376,253
2025-09-11 16:00:00+00:00,56.0,29.731,24.131,26.195581,36.96879,29.473373,31.667107,43958.36,38638.785,15.000001,15.000001,16.0,14.764389,39.239998,254.4274,19.91,3.8280642,6749.8804,7978.9536,11232374.0,8552841.0,1660.2996,1660.2996,2494.0,4769.6797,977.20404,254
2025-09-12 16:00:00+00:00,56.0,30.131,24.481,26.243502,37.849545,30.255451,32.26163,43925.08,33827.97,16.300001,16.300001,12.0,9.567131,30.960001,248.76753,19.28,3.7756343,6776.124,8011.2153,11276299.0,8586669.0,1676.5996,1676.5996,2506.0,4788.9595,980.9797,255
2025-09-13 16:00:00+00:00,56.0,29.231,23.631,25.566414,36.26292,28.818184,31.38585,43891.73,30879.85,25.9,25.9,17.0,10.03167,27.72,248.90643,16.74,3.2559557,6801.6904,8042.601,11320191.0,8617549.0,1702.4996,1702.4996,2523.0,4805.6997,984.23566,256
2025-09-14 16:00:00+00:00,56.0,29.031,23.881,25.706001,36.05054,29.063828,31.21467,43858.348,34427.777,20.4,20.4,19.0,10.957846,28.8,214.00522,15.51,3.1227207,6827.3965,8073.816,11364049.0,8651977.0,1722.8997,1722.8997,2542.0,4821.2095,987.3584,257
2025-09-15 16:00:00+00:00,56.0,29.731,23.731,26.241419,36.515972,28.866714,31.3477,43824.95,39600.0,2.5,2.5,9.0,16.38,44.28,225.95607,20.07,3.958423,6853.6377,8105.1636,11407874.0,8691577.0,1725.3997,1725.3997,2551.0,4841.2793,991.31683,258
2025-09-16 16:00:00+00:00,56.0,28.031,24.331001,25.741417,33.978146,29.233654,30.726648,43791.56,34912.805,15.100001,15.100001,20.0,18.64369,48.6,251.51422,16.16,2.9073029,6879.379,8135.89,11451666.0,8726490.0,1740.4996,1740.4996,2571.0,4857.4395,994.2241,259
2025-09-17 16:00:00+00:00,56.0,27.081001,24.131,24.841417,31.571812,28.119682,29.18659,43758.19,13932.697,25.199999,25.199999,24.0,15.3264475,55.8,248.9097,9.25,1.7153338,6904.22,8165.0767,11495424.0,8740423.0,1765.6996,1765.6996,2595.0,4866.6895,995.93945,260
2025-09-18 16:00:00+00:00,56.0,26.631,23.981,25.039331,31.449661,27.986217,29.452105,43724.87,8756.132,9.400002,9.400002,21.0,16.466803,46.079998,249.82498,8.42,1.5278937,6929.26,8194.528,11539149.0,8749179.0,1775.0996,1775.0996,2616.0,4875.1094,997.46735,261
2025-09-19 16:00:00+00:00,56.0,29.481,24.631,26.497671,36.437458,28.98014,31.382833,43691.617,38759.51,5.4,5.4,17.0,18.731247,52.56,245.51552,21.35,4.074268,6955.7573,8225.911,11582841.0,8787939.0,1780.4996,1780.4996,2633.0,4896.4595,1001.5416,262
2025-09-20 16:00:00+00:00,56.0,30.381,24.881,27.024755,34.935364,29.267715,31.38965,43658.45,40541.645,0.0,0.0,0.0,18.11841,45.0,241.08997,25.8,5.1832714,6982.782,8257.301,11626499.0,8828481.0,1780.4996,1780.4996,2633.0,4922.2593,1006.7249,263
2025-09-21 16:00:00+00:00,56.0,30.081001,24.031,26.56225,35.14028,28.83162,31.145203,43625.39,39937.625,0.0,0.0,0.0,15.073858,42.12,245.72707,24.02,4.811185,7009.344,8288.446,11670124.0,8868419.0,1780.4996,1780.4996,2633.0,4946.2793,1011.5361,264
2025-09-22 16:00:00+00:00,56.0,29.181,24.981,26.7435,32.69986,29.703053,30.8237,43592.46,29364.14,1.2,1.2,6.0,19.0392,47.88,248.58997,16.88,3.5983512,7036.088,8319.27,11713716.0,8897783.0,1781.6996,1781.6996,2639.0,4963.159,1015.1344,265
2025-09-23 16:00:00+00:00,56.0,28.781,24.531,26.18725,34.9581,28.20472,30.580263,43559.67,32068.518,4.3999996,4.3999996,17.0,18.108572,50.76,255.16776,17.2,3.2061586,7062.275,8349.85,11757276.0,8929852.0,1786.0996,1786.0996,2656.0,4980.3594,1018.3406,266
2025-09-24 16:00:00+00:00,56.0,28.581001,25.131,26.158081,33.307423,29.188301,30.26107,43526.84,31512.37,5.6000004,5.6000004,20.0,19.121557,56.519997,251.87256,16.72,3.2447948,7088.433,8380.11,11800803.0,8961364.0,1791.6996,1791.6996,2676.0,4997.0796,1021.5854,267
2025-09-25 16:00:00+00:00,56.0,27.881,24.431,25.583086,33.390236,28.646793,30.649363,43493.875,12291.408,13.000002,13.000002,22.0,14.36621,41.039997,260.90155,10.75,2.0982695,7114.016,8410.76,11844297.0,8973655.0,1804.6996,1804.6996,2698.0,5007.8296,1023.68365,268
2025-09-26 16:00:00+00:00,56.0,27.981,24.481,25.635168,32.228752,29.03366,30.241371,43460.793,14507.506,10.400001,10.400001,24.0,17.548845,45.719997,284.80655,11.95,2.38779,7139.6514,8441.001,11887758.0,8988163.0,1815.0996,1815.0996,2722.0,5019.78,1026.0714,269
2025-09-27 16:00:00+00:00,56.0,27.031,23.831001,24.908083,31.463139,28.102978,29.29716,43427.62,15376.669,21.699999,21.699999,24.0,20.163212,48.239998,270.243,10.41,1.9263438,7164.5596,8470.298,11931186.0,9003540.0,1836.7996,1836.7996,2746.0,5030.19,1027.9978,270
2025-09-28 16:00:00+00:00,56.0,26.831001,23.831001,24.497665,30.809277,27.34158,28.266573,43394.38,9348.543,57.2,57.2,24.0,19.523155,49.32,247.98026,7.0,1.2856673,7189.057,8498.564,11974580.0,9012889.0,1893.9995,1893.9995,2770.0,5037.19,1029.2834,271
2025-09-29 16:00:00+00:00,56.0,28.131,23.831001,25.308088,33.18225,28.010483,30.254694,43361.094,24588.965,13.400001,13.400001,18.0,14.827893,45.36,229.5691,13.32,2.5078342,7214.365,8528.819,12017941.0,9037478.0,1907.3995,1907.3995,2788.0,5050.51,1031.7913,272
2025-09-30 16:00:00+00:00,56.0,30.131,22.831001,25.82475,36.07254,27.72954,31.355347,43327.785,34624.793,0.6,0.6,4.0,4.7110505,24.84,124.16822,15.7,3.238716,7240.19,8560.175,12061269.0,9072103.0,1907.9995,1907.9995,2792.0,5066.21,1035.03,273
2025-10-01 16:00:00+00:00,56.0,31.131,23.731,26.824753,38.5688,29.24319,32.760555,43294.477,39704.637,0.6,0.6,3.0,7.16617,18.72,318.36652,23.33,4.809355,7267.0146,8592.936,12104563.0,9111808.0,1908.5995,1908.5995,2795.0,5089.54,1039.8394,274
2025-10-02 16:00:00+00:00,56.0,29.431,24.131,26.172668,37.35959,29.414688,32.118103,43261.184,38496.867,17.699999,17.699999,11.0,9.636307,27.72,295.8036,19.84,3.8766932,7293.1875,8625.054,12147824.0,9150305.0,1926.2994,1926.2994,2806.0,5109.38,1043.7161,275
2025-10-03 16:00:00+00:00,56.0,29.381,23.231,25.9935,36.240112,28.3102,31.74502,43227.938,39427.258,11.400002,11.400002,13.0,13.14493,33.12,271.32394,19.67,3.8658414,7319.181,8656.799,12191052.0,9189732.0,1937.6995,1937.6995,2819.0,5129.05,1047.5819,276
2025-10-04 16:00:00+00:00,56.0,29.931,23.481,26.2935,36.850994,28.69822,31.712463,43194.76,39288.84,1.9000001,1.9000001,7.0,13.1412325,34.92,256.11017,23.08,4.530046,7345.4746,8688.512,12234247.0,9229021.0,1939.5995,1939.5995,2826.0,5152.13,1052.1119,277
2025-10-05 16:00:00+00:00,56.0,29.631,23.631,26.426828,35.017387,28.725403,31.3705,43161.664,39765.645,0.70000005,0.70000005,5.0,15.676542,41.399998,262.73346,22.94,4.5198145,7371.9014,8719.882,12277409.0,9268787.0,1940.2994,1940.2994,2831.0,5175.07,1056.6317,278
2025-10-06 16:00:00+00:00,56.0,29.581001,24.231,26.52891,35.17179,29.255116,31.329124,43128.688,39833.47,1.4000001,1.4000001,10.0,15.664136,39.239998,262.79608,20.93,4.1677117,7398.43,8751.211,12320538.0,9308620.0,1941.6995,1941.6995,2841.0,5196.0,1060.7994,279
2025-10-07 16:00:00+00:00,56.0,29.281,24.481,26.1435,36.107773,29.593761,31.574148,43095.844,32661.6,6.8999996,6.8999996,10.0,13.009903,38.16,273.90317,17.56,3.3826685,7424.5737,8782.785,12363634.0,9341282.0,1948.5995,1948.5995,2851.0,5213.56,1064.1821,280
2025-10-08 16:00:00+00:00,56.0,27.331001,24.081001,25.139334,31.857952,29.041256,29.983332,43063.156,15738.594,28.9,28.9,17.0,16.700275,36.0,278.87265,11.45,2.0798538,7449.713,8812.769,12406697.0,9357021.0,1977.4995,1977.4995,2868.0,5225.0103,1066.262,281
2025-10-09 16:00:00+00:00,56.0,28.281,23.731,25.75808,34.69321,27.808475,30.686562,43030.65,32722.023,13.1,13.1,13.0,10.957847,31.68,276.42645,18.08,3.4902148,7475.471,8843.455,12449728.0,9389743.0,1990.5995,1990.5995,2881.0,5243.0903,1069.7522,282
2025-10-10 16:00:00+00:00,56.0,28.681,23.631,25.956,35.504208,28.652313,31.462885,42998.344,39701.203,8.799999,8.799999,17.0,11.928989,31.68,265.22574,19.17,3.6427145,7501.4272,8874.918,12492726.0,9429444.0,1999.3995,1999.3995,2898.0,5262.2603,1073.3949,283
2025-10-11 16:00:00+00:00,56.0,29.381,23.581001,26.168503,35.802128,28.80148,31.826828,42966.266,39330.406,7.5999994,7.5999994,12.0,8.78872,27.72,247.6437,17.95,3.5669644,7527.5957,8906.745,12535692.0,9468774.0,2006.9995,2006.9995,2910.0,5280.2104,1076.9619,284
2025-10-12 16:00:00+00:00,56.0,29.031,24.281,25.974756,35.96065,29.797176,31.823072,42934.44,37585.566,8.4,8.4,10.0,7.9077177,25.919998,250.55328,16.16,3.184745,7553.5703,8938.568,12578626.0,9506360.0,2015.3995,2015.3995,2920.0,5296.3706,1080.1466,285
2025-10-13 16:00:00+00:00,56.0,30.131,24.231,26.395584,37.55184,30.221783,32.735416,42902.887,32434.379,9.0,9.0,10.0,4.5820518,17.28,129.70197,18.48,3.7579427,7579.966,8971.304,12621529.0,9538794.0,2024.3995,2024.3995,2930.0,5314.8506,1083.9045,286
2025-10-14 16:00:00+00:00,56.0,29.381,24.331001,26.17475,37.713684,29.906853,32.3214,42871.395,23815.457,8.0,8.0,9.0,8.461915,23.759998,82.70722,14.16,2.8163624,7606.1406,9003.625,12664400.0,9562609.0,2032.3995,2032.3995,2939.0,5329.0107,1086.721,287
2025-10-15 16:00:00+00:00,56.0,29.631,24.431,26.506002,35.265743,29.796368,31.99106,42839.867,25321.498,0.8000001,0.8000001,7.0,13.032298,34.92,79.92945,15.19,3.0218968,7632.6465,9035.616,12707240.0,9587930.0,2033.1996,2033.1996,2946.0,5344.2007,1089.7428,288
2025-10-16 16:00:00+00:00,56.0,29.181,24.081001,25.81225,36.740288,29.347271,31.691933,42808.332,25382.879,6.5000005,6.5000005,19.0,9.6480665,33.12,79.81175,13.86,2.6552935,7658.4585,9067.309,12750048.0,9613313.0,2039.6996,2039.6996,2965.0,5358.0605,1092.3981,289
2025-10-17 16:00:00+00:00,56.0,29.031,23.881,26.091415,35.398506,28.895462,31.405478,42776.812,38139.914,7.3,7.3,12.0,11.953409,36.36,83.39344,16.13,3.1699073,7684.55,9098.714,12792825.0,9651453.0,2046.9996,2046.9996,2977.0,5374.1904,1095.568,290
2025-10-18 16:00:00+00:00,56.0,30.131,24.231,26.251837,36.72224,29.760185,31.991907,42745.336,38857.824,14.100001,14.100001,12.0,11.897714,31.319998,82.56542,17.58,3.418527,7710.802,9130.706,12835570.0,9690311.0,2061.0996,2061.0996,2989.0,5391.7705,1098.9866,291
2025-10-19 16:00:00+00:00,56.0,29.681,24.181,26.133081,36.41795,29.962677,32.284657,42713.93,32950.395,19.4,19.4,10.0,5.509882,19.8,119.119774,17.16,3.45868,7736.935,9162.99,12878284.0,9723261.0,2080.4995,2080.4995,2999.0,5408.9307,1102.4453,292
2025-10-20 16:00:00+00:00,56.0,27.831001,24.131,25.551834,33.303753,28.99916,30.923264,42682.617,30334.46,2.8,2.8,9.0,9.781473,28.08,240.42224,13.4,2.6395025,7762.487,9193.913,12920967.0,9753595.0,2083.2996,2083.2996,3008.0,5422.3306,1105.0848,293
2025-10-21 16:00:00+00:00,56.0,28.631,23.931,25.24975,35.108826,29.057411,31.197721,42651.43,15116.815,12.000001,12.000001,13.0,6.248359,28.8,258.27496,10.34,2.1320198,7787.7363,9225.11,12963618.0,9768712.0,2095.2996,2095.2996,3021.0,5432.6704,1107.2169,294
2025-10-22 16:00:00+00:00,56.0,28.781,23.481,25.93725,33.55524,28.65873,30.967329,42620.39,25769.156,0.8,0.8,7.0,12.221457,39.239998,49.501293,13.65,2.8443918,7813.6733,9256.078,13006238.0,9794481.0,2096.0996,2096.0996,3028.0,5446.3203,1110.0613,295
2025-10-23 16:00:00+00:00,56.0,26.331001,23.831001,24.858084,31.806267,28.76933,29.981085,42589.52,1096.1682,15.900001,15.900001,22.0,9.028754,23.4,82.56208,6.34,1.2844732,7838.5312,9286.06,13048828.0,9795577.0,2111.9995,2111.9995,3050.0,5452.66,1111.3457,296
2025-10-24 16:00:00+00:00,56.0,25.881,23.781,24.408087,32.63833,28.85096,29.988234,42558.86,3286.7231,31.0,31.0,23.0,7.1321807,19.8,109.22296,5.81,1.1688248,7862.9395,9316.048,13091387.0,9798864.0,2142.9995,2142.9995,3073.0,5458.47,1112.5145,297
2025-10-25 16:00:00+00:00,56.0,28.231,23.581001,25.160166,34.980972,28.229626,30.840315,42528.434,27233.41,26.3,26.3,17.0,8.557102,27.359999,102.86875,13.58,2.678858,7888.0996,9346.888,13133915.0,9826097.0,2169.2996,2169.2996,3090.0,5472.0503,1115.1934,298
2025-10-26 16:00:00+00:00,56.0,28.981,23.881,25.599749,35.55123,29.404205,31.647179,42498.26,27678.404,6.9999995,6.9999995,16.0,5.4833565,21.96,69.19316,12.83,2.6046581,7913.699,9378.535,13176413.0,9853775.0,2176.2996,2176.2996,3106.0,5484.8804,1117.798,299
2025-10-27 16:00:00+00:00,56.0,28.731,23.531,25.31225,34.644176,28.681538,30.999006,42468.387,30991.19,10.599999,10.599999,10.0,12.522619,28.44,278.25467,14.16,2.7405095,7939.011,9409.534,13218881.0,9884766.0,2186.8997,2186.8997,3116.0,5499.0405,1120.5385,300
2025-10-28 16:00:00+00:00,56.0,26.381,23.381,24.566416,32.098248,28.617302,30.095161,42438.83,0.0,14.999999,14.999999,22.0,7.2,27.72,268.06046,7.79,1.5354495,7963.5776,9439.629,13261320.0,9884766.0,2201.8997,2201.8997,3138.0,5506.8306,1122.0739,301
2025-10-29 16:00:00+00:00,56.0,26.631,23.881,24.735168,33.094784,29.514694,30.612394,42409.617,3460.6277,44.900005,44.900005,24.0,6.341009,28.8,326.58215,6.21,1.2754958,7988.313,9470.241,13303730.0,9888227.0,2246.7996,2246.7996,3162.0,5513.0405,1123.3494,302
2025-10-30 16:00:00+00:00,56.0,27.731,23.581001,25.29975,33.789024,28.901443,30.633226,42380.78,33990.277,19.0,19.0,20.0,12.10157,30.599998,260.44064,13.01,2.4767118,8013.613,9500.874,13346111.0,9922217.0,2265.7996,2265.7996,3182.0,5526.0503,1125.826,303
2025-10-31 16:00:00+00:00,56.0,29.081001,24.281,25.903917,34.790203,29.26152,30.821985,42352.35,31943.334,3.1,3.1,12.0,16.963984,42.12,244.60826,16.37,3.104193,8039.5166,9531.696,13388463.0,9954160.0,2268.8997,2268.8997,3194.0,5542.4204,1128.9303,304
2025-11-01 16:00:00+00:00,56.0,27.581001,24.181,25.533087,33.24033,28.895142,30.871096,42324.367,34097.766,8.4,8.4,18.0,13.493999,42.839996,248.47862,13.53,2.4905095,8065.05,9562.567,13430787.0,9988258.0,2277.2996,2277.2996,3212.0,5555.95,1131.4208,305
2025-11-02 16:00:00+00:00,56.0,28.531,24.131,25.610168,32.7901,29.062576,30.621984,42296.844,15019.721,9.8,9.8,18.0,14.471821,38.16,256.884,10.32,2.0075958,8090.66,9593.189,13473084.0,10003278.0,2287.0996,2287.0996,3230.0,5566.27,1133.4283,306
2025-11-03 16:00:00+00:00,56.0,29.231,23.331001,26.041418,35.252987,27.978672,31.217293,42269.574,38541.848,2.3,2.3,11.0,13.379461,37.8,259.2853,19.66,3.7977564,8116.7017,9624.407,13515354.0,10041820.0,2289.3997,2289.3997,3241.0,5585.93,1137.2261,307
2025-11-04 16:00:00+00:00,56.0,27.981,23.931,25.497671,33.76565,29.097355,30.830645,42242.445,32115.727,7.2,7.2,14.0,11.612441,30.599998,245.22485,14.56,2.7834854,8142.199,9655.238,13557596.0,10073936.0,2296.5996,2296.5996,3255.0,5600.49,1140.0095,308
2025-11-05 16:00:00+00:00,56.0,27.581001,23.731,25.293497,33.5811,28.501633,30.672684,42215.496,32073.031,13.700001,13.700001,17.0,9.430694,27.359999,248.34857,13.91,2.671017,8167.4927,9685.911,13599811.0,10106009.0,2310.2996,2310.2996,3272.0,5614.4004,1142.6805,309
2025-11-06 16:00:00+00:00,56.0,28.481,24.131,25.912249,34.558083,28.924023,30.990187,42188.742,34266.465,12.300001,12.300001,15.0,16.04526,34.92,267.21915,15.96,2.9334145,8193.405,9716.901,13642000.0,10140275.0,2322.5996,2322.5996,3287.0,5630.3604,1145.614,310
2025-11-07 16:00:00+00:00,56.0,29.231,24.681,26.431,35.37035,29.595581,31.539352,42162.22,34994.1,2.7,2.7,12.0,14.133153,34.92,254.05453,17.24,3.4030519,8219.836,9748.44,13684162.0,10175269.0,2325.2996,2325.2996,3299.0,5647.6006,1149.0171,311
2025-11-08 16:00:00+00:00,56.0,30.181,24.131,26.443502,37.815483,29.819408,32.44266,42135.957,36126.56,8.6,8.6,11.0,10.948973,29.519999,257.13794,18.45,3.6590545,8246.279,9780.883,13726298.0,10211396.0,2333.8997,2333.8997,3310.0,5666.051,1152.6761,312
2025-11-09 16:00:00+00:00,56.0,29.631,23.981,26.510168,35.887993,29.26192,31.81153,42109.984,38297.926,0.6,0.6,6.0,14.490838,36.0,264.8719,18.87,3.704576,8272.789,9812.694,13768408.0,10249694.0,2334.4998,2334.4998,3316.0,5684.921,1156.3807,313
2025-11-10 16:00:00+00:00,56.0,29.581001,24.281,26.245584,36.97307,29.577171,32.09772,42084.332,38303.465,6.5,6.5,11.0,9.449572,29.88,274.03137,19.11,3.6852927,8299.034,9844.792,13810492.0,10287997.0,2340.9998,2340.9998,3327.0,5704.031,1160.066,314
2025-11-11 16:00:00+00:00,56.0,30.681,24.331001,26.376833,39.10519,29.76767,32.510605,42059.03,36017.734,2.3,2.3,6.0,6.299999,24.84,278.79578,19.54,3.912604,8325.411,9877.303,13852551.0,10324015.0,2343.2998,2343.2998,3333.0,5723.571,1163.9786,315
2025-11-12 16:00:00+00:00,56.0,30.531,24.081001,26.633085,37.389736,29.520847,32.588917,42034.105,36335.59,1.8000002,1.8000002,10.0,6.037383,21.96,74.60111,19.47,3.9392715,8352.044,9909.892,13894585.0,10360351.0,2345.0999,2345.0999,3343.0,5743.041,1167.918,316
2025-11-13 16:00:00+00:00,56.0,28.481,24.331001,25.781,34.955048,29.53838,31.19645,42009.598,33316.254,15.500001,15.500001,14.0,10.182337,28.08,85.90995,14.14,2.7100072,8377.825,9941.088,13936595.0,10393667.0,2360.5999,2360.5999,3357.0,5757.181,1170.6279,317
2025-11-14 16:00:00+00:00,56.0,28.881,23.931,25.660166,32.376835,25.91761,29.298086,41985.53,38267.39,0.1,0.1,1.0,17.87718,47.88,65.44873,20.74,4.2203565,8403.485,9970.386,13978581.0,10431934.0,2360.7,2360.7,3358.0,5777.9214,1174.8483,318
2025-11-15 16:00:00+00:00,56.0,28.231,22.481,24.974749,31.678177,25.563185,28.142023,41961.938,38636.574,0.90000004,0.90000004,3.0,15.937878,40.68,69.98583,18.44,3.6575751,8428.46,9998.527,14020543.0,10470571.0,2361.5999,2361.5999,3361.0,5796.3613,1178.5059,319
2025-11-16 16:00:00+00:00,56.0,28.581001,23.881,25.356003,34.32536,27.844742,29.904203,41938.86,32882.86,5.9999995,5.9999995,13.0,15.215058,36.36,74.75347,16.21,3.0785465,8453.816,10028.432,14062482.0,10503454.0,2367.5999,2367.5999,3374.0,5812.5713,1181.5844,320
2025-11-17 16:00:00+00:00,56.0,24.831001,23.681,24.091415,29.99694,28.191715,29.002558,41916.316,0.0,92.799995,92.799995,24.0,12.9249525,37.44,77.46539,3.47,0.7060956,8477.908,10057.435,14104398.0,10503454.0,2460.4,2460.4,3398.0,5816.0415,1182.2904,321
2025-11-18 16:00:00+00:00,56.0,25.331001,22.981,23.885164,29.049938,26.3787,27.494188,41894.348,1529.2406,35.899994,35.899994,24.0,21.413948,48.6,64.841156,3.95,0.8131636,8501.793,10084.929,14146292.0,10504983.0,2496.2998,2496.2998,3422.0,5819.9917,1183.1035,322
2025-11-19 16:00:00+00:00,56.0,25.381,22.381,23.656,27.408728,25.688263,26.3743,41872.98,1395.9163,11.700002,11.700002,21.0,19.513195,63.72,61.041363,8.05,1.7573293,8525.449,10111.303,14188165.0,10506379.0,2507.9998,2507.9998,3443.0,5828.0415,1184.8608,323
2025-11-20 16:00:00+00:00,56.0,26.131,23.881,24.701834,28.370255,25.908379,26.675047,41852.26,14836.3955,0.9000001,0.9000001,4.0,20.196127,55.44,58.92138,8.45,2.45056,8550.151,10137.978,14230017.0,10521215.0,2508.8997,2508.8997,3447.0,5836.4917,1187.3114,324
2025-11-21 16:00:00+00:00,56.0,27.131,23.981,25.012247,29.384052,25.62757,27.130089,41832.22,23646.012,0.0,0.0,0.0,20.700783,55.079998,60.8555,11.69,2.962626,8575.164,10165.107,14271849.0,10544861.0,2508.8997,2508.8997,3447.0,5848.1816,1190.274,325
2025-11-22 16:00:00+00:00,56.0,27.781,23.631,25.258087,30.448483,25.895395,27.910233,41812.875,25155.422,0.0,0.0,0.0,15.3802595,46.44,49.92027,12.21,2.9361768,8600.422,10193.018,14313662.0,10570016.0,2508.8997,2508.8997,3447.0,5860.3916,1193.2102,326
2025-11-23 16:00:00+00:00,56.0,28.281,24.681,25.833082,32.14172,27.101639,28.868837,41794.06,21926.332,0.3,0.3,1.0,15.742541,50.399998,56.3099,13.54,3.2094812,8626.255,10221.887,14355456.0,10591942.0,2509.1997,2509.1997,3448.0,5873.9316,1196.4197,327
2025-11-24 16:00:00+00:00,56.0,27.531,24.831001,25.722664,29.920074,26.703096,28.214281,41775.684,15873.013,0.1,0.1,1.0,22.465412,58.679996,53.536884,12.23,3.0597355,8651.978,10250.101,14397232.0,10607815.0,2509.2998,2509.2998,3449.0,5886.1616,1199.4794,328
2025-11-25 16:00:00+00:00,56.0,28.031,23.831001,25.564337,31.391582,26.115868,28.030756,41757.77,38292.574,0.0,0.0,0.0,19.826164,52.92,60.893215,20.02,4.2875533,8677.542,10278.131,14438990.0,10646108.0,2509.2998,2509.2998,3449.0,5906.1816,1203.767,329
2025-11-26 16:00:00+00:00,56.0,27.281,22.831001,24.512253,29.950356,24.446068,26.411713,41740.336,38303.496,0.0,0.0,0.0,18.183563,48.6,58.814365,20.34,4.261051,8702.055,10304.543,14480730.0,10684411.0,2509.2998,2509.2998,3449.0,5926.5215,1208.0281,330
2025-11-27 16:00:00+00:00,56.0,26.481,21.431,23.360168,28.764172,22.173946,24.654623,41723.402,38318.293,0.0,0.0,0.0,18.11215,45.0,66.46606,21.24,4.351155,8725.415,10329.197,14522453.0,10722729.0,2509.2998,2509.2998,3449.0,5947.7617,1212.3793,331
2025-11-28 16:00:00+00:00,56.0,27.381,18.881,22.818499,30.755241,20.52581,25.020151,41707.0,38324.58,0.0,0.0,0.0,11.503113,32.760002,76.00454,20.89,4.068849,8748.233,10354.218,14564160.0,10761054.0,2509.2998,2509.2998,3449.0,5968.652,1216.4481,332
2025-11-29 16:00:00+00:00,56.0,28.731,18.381,23.089333,32.24631,20.735346,25.815603,41691.145,38350.633,0.0,0.0,0.0,7.4867883,23.759998,88.35855,22.2,4.3555846,8771.322,10380.033,14605851.0,10799405.0,2509.2998,2509.2998,3449.0,5990.852,1220.8037,333
2025-11-30 16:00:00+00:00,56.0,29.281,18.831001,23.51225,33.471382,21.35359,26.573538,41675.863,38368.01,0.0,0.0,0.0,5.815978,20.519999,78.87946,22.02,4.3473415,8794.835,10406.606,14647527.0,10837773.0,2509.2998,2509.2998,3449.0,6012.872,1225.151,334
2025-12-01 16:00:00+00:00,56.0,29.781,20.031,24.291418,35.12104,23.362516,28.263166,41661.176,38366.285,0.0,0.0,0.0,5.950899,17.28,65.140755,21.76,4.2748113,8819.126,10434.869,14689188.0,10876139.0,2509.2998,2509.2998,3449.0,6034.632,1229.4258,335
2025-12-02 16:00:00+00:00,56.0,30.431,19.631,24.583082,34.239418,22.565754,27.940668,41647.11,38382.105,0.0,0.0,0.0,8.731391,24.84,78.0092,21.61,4.432085,8843.709,10462.81,14730835.0,10914521.0,2509.2998,2509.2998,3449.0,6056.2417,1233.8579,336
2025-12-03 16:00:00+00:00,56.0,30.281,21.331001,25.46225,34.48123,25.068666,29.30574,41633.684,38398.81,0.1,0.1,1.0,15.379206,40.32,71.583046,20.15,4.195714,8869.171,10492.115,14772469.0,10952920.0,2509.4,2509.4,3450.0,6076.3916,1238.0536,337
2025-12-04 16:00:00+00:00,56.0,26.931,23.581001,24.71225,32.012486,27.816597,29.324259,41620.92,2993.8215,4.7,4.7,16.0,14.941083,33.12,91.6121,7.64,1.4891106,8893.883,10521.439,14814090.0,10955914.0,2514.0999,2514.0999,3466.0,6084.0317,1239.5427,338
2025-12-05 16:00:00+00:00,56.0,29.081001,23.431,25.581001,33.47223,27.95673,29.72348,41608.848,37733.617,2.8999999,2.8999999,12.0,16.956345,45.719997,83.30307,17.12,3.3499796,8919.464,10551.163,14855699.0,10993648.0,2516.9998,2516.9998,3478.0,6101.152,1242.8927,339
2025-12-06 16:00:00+00:00,56.0,29.331001,23.231,25.828917,33.51344,27.403734,29.722343,41597.48,38453.676,0.5,0.5,4.0,14.619946,40.32,81.951866,19.46,3.937376,8945.293,10580.886,14897296.0,11032102.0,2517.4998,2517.4998,3482.0,6120.612,1246.8301,340
2025-12-07 16:00:00+00:00,56.0,29.281,21.331001,24.891418,31.721352,24.839746,27.884935,41586.848,38473.387,0.0,0.0,0.0,21.48645,52.56,73.55263,18.64,3.899091,8970.185,10608.7705,14938883.0,11070575.0,2517.4998,2517.4998,3482.0,6139.252,1250.7291,341
2025-12-08 16:00:00+00:00,56.0,28.181,21.781,24.608084,29.723011,24.646585,26.789316,41576.973,38493.727,0.0,0.0,0.0,21.697279,53.639996,71.03428,18.98,4.0158024,8994.793,10635.56,14980460.0,11109069.0,2517.4998,2517.4998,3482.0,6158.232,1254.7449,342
2025-12-09 16:00:00+00:00,56.0,28.381,21.181,24.52475,31.252823,24.231043,27.276133,41567.875,38514.64,1.2,1.2,6.0,15.767219,39.96,75.449684,17.02,3.5445092,9019.317,10662.836,15022028.0,11147584.0,2518.6997,2518.6997,3488.0,6175.252,1258.2894,343
2025-12-10 16:00:00+00:00,56.0,28.281,21.631,24.71225,30.738888,24.454643,27.570997,41559.582,37474.004,0.70000005,0.70000005,5.0,20.378988,48.6,69.1104,15.11,3.188541,9044.029,10690.407,15063588.0,11185058.0,2519.3997,2519.3997,3493.0,6190.362,1261.478,344
2025-12-11 16:00:00+00:00,56.0,24.931,23.081001,24.058088,29.077034,27.066113,28.096746,41552.11,0.0,15.499999,15.499999,15.0,14.967083,44.639996,74.51009,5.07,0.9529356,9068.087,10718.504,15105140.0,11185058.0,2534.8997,2534.8997,3508.0,6195.4316,1262.4309,345
2025-12-12 16:00:00+00:00,56.0,27.581001,23.481,24.981,32.327614,27.72984,29.174395,41545.49,29061.865,3.2999997,3.2999997,16.0,18.188019,45.0,84.98507,13.03,2.4491487,9093.068,10747.679,15146685.0,11214120.0,2538.1997,2538.1997,3524.0,6208.4614,1264.88,346
2025-12-13 16:00:00+00:00,56.0,28.781,23.681,25.676834,33.05722,28.127243,29.813345,41539.645,38604.094,4.2000003,4.2000003,10.0,17.085785,51.12,71.66216,18.01,3.4992056,9118.745,10777.492,15188225.0,11252724.0,2542.3997,2542.3997,3534.0,6226.471,1268.3792,347
2025-12-14 16:00:00+00:00,56.0,28.281,24.281,25.724749,31.023273,28.148346,29.203909,41534.54,32431.133,2.5,2.5,9.0,20.327251,52.92,71.12507,13.97,2.928055,9144.47,10806.696,15229760.0,11285155.0,2544.8997,2544.8997,3543.0,6240.4414,1271.3073,348
2025-12-15 16:00:00+00:00,56.0,29.181,23.881,25.949747,32.765327,27.678802,29.405998,41530.176,38482.062,0.3,0.3,3.0,18.331741,48.96,70.504814,18.43,3.8137584,9170.42,10836.103,15271290.0,11323637.0,2545.1997,2545.1997,3546.0,6258.8716,1275.121,349
2025-12-16 16:00:00+00:00,56.0,29.981,22.281,25.860168,33.64389,26.06044,29.654081,41526.55,38682.137,0.1,0.1,1.0,16.116785,43.56,72.05166,20.07,4.1639957,9196.28,10865.757,15312817.0,11362319.0,2545.2998,2545.2998,3547.0,6278.9414,1279.2849,350
2025-12-17 16:00:00+00:00,56.0,29.231,22.331001,25.66017,32.585777,26.045078,29.335098,41523.668,38710.21,0.9000001,0.9000001,7.0,18.054815,44.28,70.30587,18.08,3.7737045,9221.94,10895.092,15354341.0,11401029.0,2546.1997,2546.1997,3554.0,6297.0215,1283.0586,351
2025-12-18 16:00:00+00:00,56.0,29.581001,23.531,25.901834,33.222755,27.29414,29.465292,41521.53,38739.16,0.2,0.2,2.0,16.67795,44.639996,71.06689,18.78,3.9375734,9247.842,10924.557,15395863.0,11439768.0,2546.3997,2546.3997,3556.0,6315.8013,1286.9962,352
2025-12-19 16:00:00+00:00,56.0,30.281,20.831001,25.276834,33.876495,23.991543,28.796013,41520.13,38768.887,0.0,0.0,0.0,15.455911,39.239998,76.04929,21.01,4.385088,9273.118,10953.353,15437383.0,11478537.0,2546.3997,2546.3997,3556.0,6336.811,1291.3813,353
2025-12-20 16:00:00+00:00,56.0,30.581001,20.931,25.335167,33.00547,24.39113,28.333641,41519.47,38799.297,0.0,0.0,0.0,13.70839,39.6,69.26172,21.28,4.6011753,9298.453,10981.687,15478902.0,11517336.0,2546.3997,2546.3997,3556.0,6358.091,1295.9825,354
2025-12-21 16:00:00+00:00,56.0,30.731,20.131,24.968498,33.425037,21.751097,27.365854,41519.55,38830.297,0.0,0.0,0.0,10.429132,33.48,72.42864,21.88,4.665427,9323.422,11009.053,15520422.0,11556166.0,2546.3997,2546.3997,3556.0,6379.9707,1300.648,355
2025-12-22 16:00:00+00:00,56.0,31.231,21.331001,25.645578,35.192116,25.44049,29.566961,41520.37,38861.742,0.0,0.0,0.0,9.801326,27.72,86.46962,20.37,4.3298216,9349.067,11038.62,15561942.0,11595028.0,2546.3997,2546.3997,3556.0,6400.341,1304.9778,356
2025-12-23 16:00:00+00:00,56.0,31.581001,22.331001,26.220583,35.67377,27.029291,30.241188,41521.93,38863.676,0.0,0.0,0.0,7.823272,26.28,67.14515,19.93,4.2948565,9375.288,11068.861,15603464.0,11633892.0,2546.3997,2546.3997,3556.0,6420.271,1309.2726,357
2025-12-24 16:00:00+00:00,56.0,31.981,21.931,26.528915,35.614605,25.951004,30.038574,41524.23,38866.477,0.0,0.0,0.0,12.267763,35.28,67.8654,19.31,4.419214,9401.817,11098.9,15644988.0,11672758.0,2546.3997,2546.3997,3556.0,6439.581,1313.6918,358
2025-12-25 16:00:00+00:00,56.0,32.467,24.667,27.835752,34.9442,30.073029,32.09141,41521.945,34902.43,0.0,0.0,0.0,21.077686,40.68,80.11868,17.06,4.117421,9429.653,11130.992,15686510.0,11707660.0,2546.3997,2546.3997,3556.0,6456.641,1317.8092,359
2025-12-26 16:00:00+00:00,56.0,30.117,26.317,27.506582,33.313423,31.168106,31.80027,41525.727,15831.15,0.0,0.0,0.0,17.057314,34.56,74.38149,9.37,2.5356643,9457.16,11162.792,15728036.0,11723491.0,2546.3997,2546.3997,3556.0,6466.011,1320.3448,360
2025-12-27 16:00:00+00:00,56.0,31.817,26.017,28.292002,35.284004,30.724823,32.253803,41530.234,38874.44,0.0,0.0,0.0,16.563911,34.56,80.757835,17.87,4.278834,9485.452,11195.046,15769566.0,11762365.0,2546.3997,2546.3997,3556.0,6483.8813,1324.6237,361
2025-12-28 16:00:00+00:00,56.0,32.316998,25.917,28.321167,35.970776,30.733578,32.627243,41535.48,35794.785,0.0,0.0,0.0,13.75558,29.88,80.520164,17.54,4.121649,9513.773,11227.673,15811101.0,11798160.0,2546.3997,2546.3997,3556.0,6501.4214,1328.7454,362
2025-12-29 16:00:00+00:00,56.0,32.517,25.117,28.275337,36.042816,30.122456,32.666595,41541.46,38600.156,0.0,0.0,0.0,11.503113,25.919998,73.601906,18.14,4.0858903,9542.049,11260.34,15852642.0,11836760.0,2546.3997,2546.3997,3556.0,6519.5615,1332.8313,363
2025-12-30 16:00:00+00:00,56.0,32.417,24.367,27.750334,36.36972,29.103619,32.026157,41548.164,38895.625,0.0,0.0,0.0,9.83268,21.24,75.693634,19.39,4.29728,9569.799,11292.366,15894190.0,11875656.0,2546.3997,2546.3997,3556.0,6538.9517,1337.1285,364
2025-12-31 16:00:00+00:00,56.0,32.066998,23.167,26.956583,35.669205,27.353643,30.77305,41555.59,38904.367,0.0,0.0,0.0,14.561099,29.88,81.820595,20.79,4.604963,9596.756,11323.14,15935746.0,11914560.0,2546.3997,2546.3997,3556.0,6559.7417,1341.7335,365
2026-01-01 16:00:00+00:00,56.0,31.317,23.067,26.844084,33.51407,27.53436,30.434626,41563.746,38914.05,0.0,0.0,0.0,18.775301,38.16,81.17377,19.17,4.4015274,9623.6,11353.574,15977310.0,11953474.0,2546.3997,2546.3997,3556.0,6578.9116,1346.135,1
2026-01-02 16:00:00+00:00,56.0,30.167,25.017,26.902418,31.939175,28.626892,29.980135,41572.703,37520.72,0.0,0.0,0.0,21.841648,43.92,78.5816,17.14,4.0460386,9650.502,11383.555,16018883.0,11990995.0,2546.3997,2546.3997,3556.0,6596.052,1350.181,2
2026-01-03 16:00:00+00:00,56.0,31.017,24.817,27.281584,32.91586,28.723915,30.119415,41582.5,38520.965,0.0,0.0,0.0,21.605999,43.56,78.14028,19.11,4.5763307,9677.783,11413.674,16060466.0,12029516.0,2546.3997,2546.3997,3556.0,6615.1616,1354.7573,3
2026-01-04 16:00:00+00:00,56.0,31.767,23.267,27.089914,34.617565,27.067896,30.276968,41593.11,39109.1,0.0,0.0,0.0,15.5843,31.319998,78.13734,20.21,4.5937114,9704.873,11443.951,16102059.0,12068625.0,2546.3997,2546.3997,3556.0,6635.3716,1359.3511,4
2026-01-05 16:00:00+00:00,56.0,32.117,23.417,27.171167,34.571953,27.616175,30.499407,41604.504,38487.215,0.0,0.0,0.0,18.057508,36.36,80.68439,20.79,4.767485,9732.044,11474.45,16143664.0,12107112.0,2546.3997,2546.3997,3556.0,6656.1616,1364.1185,5
2026-01-06 16:00:00+00:00,56.0,31.171,22.3325,25.814543,33.195217,25.822296,28.669733,41616.664,34725.707,0.0,0.0,0.0,19.211996,22.68,78.43392,15.53,3.733504,9757.858,11503.12,16185281.0,12141838.0,2546.3997,2546.3997,3556.0,6671.6914,1367.852,6
2026-01-07 16:00:00+00:00,56.0,27.521,21.571001,23.891832,28.152885,24.09383,26.119637,41629.566,34770.137,0.0,0.0,0.0,21.659916,37.079998,77.01083,11.6,2.8373857,9781.75,11529.24,16226911.0,12176608.0,2546.3997,2546.3997,3556.0,6683.2915,1370.6895,7
2026-01-08 16:00:00+00:00,56.0,29.271,20.271,24.02725,31.047878,22.319143,25.710848,41643.18,39172.25,0.0,0.0,0.0,19.914217,36.0,85.13891,19.93,4.4080997,9805.777,11554.951,16268554.0,12215780.0,2546.3997,2546.3997,3556.0,6703.2217,1375.0975,8
2026-01-09 16:00:00+00:00,56.0,30.571001,18.821001,23.737665,31.966808,21.201733,25.57657,41657.477,39118.766,0.0,0.0,0.0,18.888851,35.64,87.9269,20.41,4.501553,9829.515,11580.527,16310211.0,12254899.0,2546.3997,2546.3997,3556.0,6723.632,1379.5991,9
2026-01-10 16:00:00+00:00,56.0,31.271,20.971,25.087664,33.802696,23.94135,27.728394,41672.445,39162.98,0.0,0.0,0.0,16.203999,38.88,92.331566,19.25,4.3577733,9854.603,11608.256,16351883.0,12294062.0,2546.3997,2546.3997,3556.0,6742.882,1383.9569,10
2026-01-11 16:00:00+00:00,56.0,30.271,22.371,25.677248,32.566364,25.77311,28.69165,41688.05,37373.215,0.0,0.0,0.0,17.462784,39.96,99.69952,16.12,3.7395954,9880.28,11636.947,16393571.0,12331435.0,2546.3997,2546.3997,3556.0,6759.002,1387.6965,11
2026-01-12 16:00:00+00:00,56.0,29.721,22.871,24.85642,31.62156,24.254581,28.079048,41704.27,29322.836,0.3,0.0,3.0,18.374111,38.16,83.6599,13.32,3.0828345,9905.137,11665.026,16435275.0,12360758.0,2546.6997,2546.3997,3559.0,6772.322,1390.7794,12
2026-01-13 16:00:00+00:00,56.0,24.071001,22.971,23.458504,25.054691,23.711716,24.312593,41721.082,3970.0466,0.0,0.0,0.0,16.946787,32.399998,78.20004,2.44,1.9007431,9928.596,11689.339,16476996.0,12364728.0,2546.6997,2546.3997,3559.0,6774.7617,1392.6802,13
2026-01-14 16:00:00+00:00,56.0,29.021,20.771,24.589746,30.426865,23.141882,26.247818,41738.46,29680.936,0.0,0.0,0.0,19.201874,,87.446365,12.95,3.4297247,9953.186,11715.587,16518734.0,12394409.0,2546.6997,2546.3997,3559.0,6787.712,1396.1099,14
