date,elevation,temperature_2m_max,temperature_2m_min,temperature_2m_mean,apparent_temperature_max,apparent_temperature_min,apparent_temperature_mean,daylight_duration,sunshine_duration,precipitation_sum,rain_sum,precipitation_hours,wind_speed_10m_max,wind_gusts_10m_max,wind_direction_10m_dominant,shortwave_radiation_sum,et0_fao_evapotranspiration,cumulative_temperature_2m_mean,cumulative_apparent_temperature_mean,cumulative_daylight_duration,cumulative_sunshine_duration,cumulative_precipitation_sum,cumulative_rain_sum,cumulative_precipitation_hours,cumulative_shortwave_radiation_sum,cumulative_et0_fao_evapotranspiration,day
2026-01-01 16:00:00+00:00,3.0,31.276,19.276,25.205168,32.10673,20.71475,26.052305,40680.785,39436.746,0.0,0.0,0.0,11.672275,28.44,60.135582,20.17,4.8006516,25.205168,26.052305,40680.785,39436.746,0.0,0.0,0.0,20.17,4.8006516,1
2026-01-02 16:00:00+00:00,3.0,29.776,20.925999,25.138498,31.653557,21.160006,25.68672,40693.73,39469.71,0.0,0.0,0.0,13.104198,29.88,56.470463,17.82,4.530642,50.343666,51.739025,81374.516,78906.45,0.0,0.0,0.0,37.989998,9.331293,2
2026-01-03 16:00:00+00:00,3.0,29.925999,20.175999,24.869751,30.847164,19.833965,25.336355,40707.88,39503.29,0.0,0.0,0.0,11.500296,26.28,50.9707,18.42,4.589949,75.21342,77.07538,122082.39,118409.74,0.0,0.0,0.0,56.409996,13.921242,3
2026-01-04 16:00:00+00:00,3.0,30.526,19.376,24.867662,31.638863,19.37205,25.279474,40723.203,39537.4,0.0,0.0,0.0,12.961249,29.16,34.182926,20.15,4.8476567,100.08108,102.35485,162805.6,157947.14,0.0,0.0,0.0,76.56,18.768898,4
2026-01-05 16:00:00+00:00,3.0,30.726,20.675999,25.04058,31.40105,20.92155,25.559923,40739.664,39571.96,0.0,0.0,0.0,14.081477,31.319998,45.191677,19.19,4.7929068,125.12166,127.91477,203545.25,197519.1,0.0,0.0,0.0,95.75,23.561806,5
2026-01-06 16:00:00+00:00,3.0,29.075998,19.626,24.196833,29.941616,18.646002,23.96588,40757.223,39600.0,0.0,0.0,0.0,14.757804,29.519999,42.216198,19.99,5.124405,149.3185,151.88065,244302.47,237119.1,0.0,0.0,0.0,115.74,28.68621,6
2026-01-07 16:00:00+00:00,3.0,27.626,18.126,22.530169,27.181515,16.278845,21.186161,40775.848,39600.0,0.0,0.0,0.0,14.14232,30.599998,33.892452,20.38,5.251611,171.84866,173.0668,285078.3,276719.1,0.0,0.0,0.0,136.12,33.93782,7
2026-01-08 16:00:00+00:00,3.0,27.126,16.526,21.448915,26.687723,14.5330105,20.05277,40795.504,39600.0,0.0,0.0,0.0,15.435983,31.68,27.130648,20.79,5.01507,193.29758,193.11957,325873.8,316319.1,0.0,0.0,0.0,156.91,38.95289,8
2026-01-09 16:00:00+00:00,3.0,27.675999,15.476,21.473915,27.384676,13.950153,20.415266,40816.152,39600.0,0.0,0.0,0.0,9.984729,25.199999,26.264185,20.96,4.8222895,214.77148,213.53484,366689.97,355919.1,0.0,0.0,0.0,177.87,43.775177,9
2026-01-10 16:00:00+00:00,3.0,27.825998,16.226,21.82183,27.522976,14.654116,20.699537,40837.758,39600.0,0.0,0.0,0.0,14.396625,31.68,35.89747,20.93,4.988115,236.59332,234.23438,407527.72,395519.1,0.0,0.0,0.0,198.79999,48.76329,10
2026-01-11 16:00:00+00:00,3.0,28.726,17.325998,22.669752,29.79712,16.156923,22.222214,40860.28,39600.0,0.0,0.0,0.0,11.103243,23.759998,12.767909,20.71,4.8437424,259.26306,256.4566,448388.0,435119.1,0.0,0.0,0.0,219.50998,53.607033,11
2026-01-12 16:00:00+00:00,3.0,30.075998,17.726,23.615583,31.51484,17.057634,23.59622,40883.695,39600.0,0.0,0.0,0.0,9.9587345,21.599998,4.1405745,20.38,4.8224926,282.87863,280.05283,489271.7,474719.1,0.0,0.0,0.0,239.88998,58.429527,12
2026-01-13 16:00:00+00:00,3.0,30.876,17.626,24.503088,33.512142,18.289383,25.72048,40907.957,39600.0,0.0,0.0,0.0,6.384293,15.4800005,299.90582,19.49,4.2576375,307.3817,305.77332,530179.6,514319.1,0.0,0.0,0.0,259.37997,62.687164,13
2026-01-14 16:00:00+00:00,3.0,31.476,20.075998,25.65725,34.598736,22.383707,27.904837,40933.03,39600.0,0.0,0.0,0.0,6.7469993,17.64,190.0579,18.95,4.1919518,333.03897,333.67816,571112.6,553919.1,0.0,0.0,0.0,278.33,66.87912,14
2026-01-15 16:00:00+00:00,3.0,31.976,20.476,26.563501,35.781998,23.357454,29.097198,40958.89,39600.0,0.0,0.0,0.0,8.101999,17.64,195.35611,18.24,4.229893,359.60248,362.77536,612071.5,593519.1,0.0,0.0,0.0,296.56998,71.10902,15
2026-01-16 16:00:00+00:00,3.0,32.026,20.726,26.676,35.374702,24.279657,29.954157,40985.492,39600.0,0.0,0.0,0.0,8.626865,13.679999,190.21262,18.21,3.972282,386.27847,392.72952,653057.0,633119.1,0.0,0.0,0.0,314.77997,75.0813,16
2026-01-17 16:00:00+00:00,3.0,32.576,22.726,27.276001,35.27972,26.467285,30.369612,41012.8,39600.0,0.3,0.3,3.0,7.16617,20.519999,282.26453,16.98,3.7891288,413.55447,423.09912,694069.8,672719.1,0.3,0.3,3.0,331.75998,78.87043,17
2026-01-18 16:00:00+00:00,3.0,33.076,22.925999,27.59475,35.133057,24.664291,29.88833,41040.793,39600.0,0.0,0.0,0.0,8.467655,19.8,3.012692,17.78,4.3118544,441.14923,452.98746,735110.6,712319.1,0.3,0.3,3.0,349.53998,83.18228,18
2026-01-19 16:00:00+00:00,3.0,31.276,23.325998,26.986418,35.027843,26.532812,30.825495,41069.418,39600.0,0.5,0.5,4.0,8.209263,21.599998,149.97194,15.19,3.445963,468.13565,483.81296,776180.06,751919.1,0.8,0.8,7.0,364.72998,86.62824,19
2026-01-20 16:00:00+00:00,3.0,31.376,22.476,26.95725,35.095097,26.379782,30.879065,41098.652,39600.0,0.4,0.4,4.0,7.029225,27.72,178.99933,15.88,3.5089552,495.0929,514.692,817278.7,791519.1,1.2,1.2,11.0,380.61,90.1372,20
2026-01-21 16:00:00+00:00,3.0,32.176003,21.476,26.773916,33.091793,24.536928,28.81833,41128.47,39600.0,0.0,0.0,0.0,12.86087,27.0,69.78619,18.87,4.7620583,521.8668,543.5104,858407.1,831119.1,1.2,1.2,11.0,399.47998,94.89926,21
2026-01-22 16:00:00+00:00,3.0,30.925999,20.175999,25.34475,32.10428,19.75383,25.353945,41159.145,39600.0,0.0,0.0,0.0,10.601679,25.919998,60.570282,20.63,5.1567407,547.21155,568.8643,899566.25,870719.1,1.2,1.2,11.0,420.11,100.056,22
2026-01-23 16:00:00+00:00,3.0,30.776,19.575998,25.269753,31.989288,19.996157,25.755121,41190.793,39600.0,0.0,0.0,0.0,8.311245,22.68,57.45002,20.05,4.6219087,572.4813,594.61945,940757.06,910319.1,1.2,1.2,11.0,440.15997,104.67791,23
2026-01-24 16:00:00+00:00,3.0,31.476,18.726,25.359331,33.628674,19.5465,26.381594,41223.363,39600.0,0.0,0.0,0.0,7.3997297,17.64,6.318954,21.51,4.70359,597.84064,621.00104,981980.44,949919.1,1.2,1.2,11.0,461.66998,109.3815,24
2026-01-25 16:00:00+00:00,3.0,31.175999,19.175999,25.280165,33.625004,20.116806,26.4723,41256.81,39600.0,0.0,0.0,0.0,7.24486,16.919998,15.892912,18.63,4.138336,623.1208,647.4733,1023237.25,989519.1,1.2,1.2,11.0,480.3,113.51984,25
2026-01-26 16:00:00+00:00,3.0,32.176003,19.776,25.91558,33.83682,20.655714,26.859472,41291.082,39600.0,0.0,0.0,0.0,9.339208,23.039999,33.238136,21.33,4.9873443,649.0364,674.3328,1064528.4,1029119.1,1.2,1.2,11.0,501.62997,118.50718,26
2026-01-27 16:00:00+00:00,3.0,31.726,18.825998,25.807253,33.157166,19.011847,26.259308,41326.125,39600.0,0.0,0.0,0.0,10.429132,26.64,57.108948,21.71,5.128905,674.8436,700.59216,1105854.5,1068719.1,1.2,1.2,11.0,523.33997,123.636086,27
2026-01-28 16:00:00+00:00,3.0,31.976,19.726,26.051,34.674557,20.267876,27.250216,41361.895,39600.0,0.0,0.0,0.0,7.9383874,20.519999,80.69397,20.79,4.5720205,700.89465,727.8424,1147216.4,1108319.1,1.2,1.2,11.0,544.12994,128.2081,28
2026-01-29 16:00:00+00:00,3.0,32.376,19.825998,26.151001,35.642136,21.789248,28.473955,41398.348,39600.0,0.0,0.0,0.0,6.489992,15.84,194.79678,20.15,4.4171844,727.04565,756.31635,1188614.8,1147919.1,1.2,1.2,11.0,564.27997,132.62529,29
2026-01-30 16:00:00+00:00,3.0,32.576,21.726,27.013496,35.72347,24.837269,30.161537,41435.43,39600.0,0.0,0.0,0.0,6.4624763,19.08,180.54051,19.25,4.2065916,754.05914,786.4779,1230050.1,1187519.1,1.2,1.2,11.0,583.52997,136.83188,30
2026-01-31 16:00:00+00:00,3.0,32.426003,23.325998,27.571833,34.70084,25.358093,29.341066,41473.105,39600.0,0.0,0.0,0.0,11.019764,24.119999,63.763863,19.23,4.8107567,781.631,815.819,1271523.2,1227119.1,1.2,1.2,11.0,602.75995,141.64264,31
2026-02-01 16:00:00+00:00,3.0,31.626,21.476,26.496832,32.87458,21.249483,26.585335,41511.31,39600.0,0.0,0.0,0.0,13.397612,30.239998,59.11753,20.86,5.6150155,808.1278,842.4043,1313034.5,1266719.1,1.2,1.2,11.0,623.61993,147.25766,32
2026-02-02 16:00:00+00:00,3.0,31.325998,22.026,26.544746,33.518116,22.2549,27.221758,41550.008,39600.0,0.0,0.0,0.0,14.387619,28.08,61.241444,19.34,5.164292,834.67255,869.62604,1354584.5,1306319.1,1.2,1.2,11.0,642.95996,152.42195,33
2026-02-03 16:00:00+00:00,3.0,32.376,22.626,27.23017,35.71544,23.262686,28.913534,41589.16,39600.0,0.0,0.0,0.0,10.272623,24.84,18.326849,18.24,4.4215956,861.9027,898.53955,1396173.6,1345919.1,1.2,1.2,11.0,661.19995,156.84355,34
2026-02-04 16:00:00+00:00,3.0,33.376,21.175999,27.619751,37.568245,23.754147,30.40542,41628.715,39600.0,0.0,0.0,0.0,7.102591,15.4800005,230.17267,19.5,4.489858,889.52246,928.94495,1437802.4,1385519.1,1.2,1.2,11.0,680.69995,161.3334,35
2026-02-05 16:00:00+00:00,3.0,33.376,22.425999,27.942665,38.31339,26.44392,31.576302,41668.633,39600.0,0.0,0.0,0.0,9.3876505,19.44,178.19128,19.27,4.423058,917.46515,960.52124,1479471.0,1425119.1,1.2,1.2,11.0,699.97,165.75647,36
2026-02-06 16:00:00+00:00,3.0,33.426003,23.626,28.459335,38.03297,28.237518,32.457626,41708.867,39600.0,0.0,0.0,0.0,11.334284,23.039999,174.61984,19.34,4.5672274,945.9245,992.9789,1521179.9,1464719.1,1.2,1.2,11.0,719.31,170.3237,37
2026-02-07 16:00:00+00:00,3.0,32.276,24.776,27.778084,36.467705,29.629818,32.106117,41749.38,39600.0,1.5000001,1.5000001,10.0,11.638917,25.56,135.42201,15.57,3.746422,973.7026,1025.085,1562929.2,1504319.1,2.7000003,2.7000003,21.0,734.88,174.07013,38
2026-02-08 16:00:00+00:00,3.0,31.175999,23.876,27.086418,33.22495,27.965202,30.411745,41790.117,38279.5,3.8,3.8,6.0,12.959999,27.359999,86.51231,13.81,3.3392608,1000.789,1055.4967,1604719.4,1542598.6,6.5,6.5,27.0,748.69,177.4094,39
2026-02-09 16:00:00+00:00,3.0,32.926003,21.825998,27.421835,36.523613,24.464651,30.010696,41831.06,39600.0,0.0,0.0,0.0,9.54,19.8,337.35,20.35,4.7080283,1028.2108,1085.5074,1646550.4,1582198.6,6.5,6.5,27.0,769.04,182.11742,40
2026-02-10 16:00:00+00:00,3.0,34.126,22.325998,28.232248,38.02258,25.211388,31.186264,41872.156,39600.0,0.0,0.0,0.0,7.16617,16.919998,332.54135,21.38,4.9083786,1056.4431,1116.6937,1688422.5,1621798.6,6.5,6.5,27.0,790.42,187.02579,41
2026-02-11 16:00:00+00:00,3.0,34.226,21.925999,28.298918,38.209885,24.588055,31.252405,41913.73,39600.0,0.0,0.0,0.0,11.440978,20.880001,168.50858,20.7,4.9591527,1084.7421,1147.9462,1730336.2,1661398.6,6.5,6.5,27.0,811.12,191.98494,42
2026-02-12 16:00:00+00:00,3.0,33.076,23.776,28.280169,38.134583,28.629822,32.954296,41955.938,37922.16,0.1,0.1,1.0,9.6480665,17.28,175.23643,18.88,4.236516,1113.0222,1180.9005,1772292.2,1699320.8,6.6,6.6,28.0,830.0,196.22145,43
2026-02-13 16:00:00+00:00,3.0,34.126,23.276,28.813501,38.800037,28.016415,32.95946,41998.734,39600.0,0.0,0.0,0.0,10.360559,19.8,174.88675,19.26,4.494176,1141.8357,1213.86,1814291.0,1738920.8,6.6,6.6,28.0,849.26,200.71562,44
2026-02-14 16:00:00+00:00,3.0,33.626,23.925999,28.742666,38.64033,29.090885,33.63856,42042.066,39600.0,0.3,0.3,2.0,9.531505,17.28,163.64291,18.98,4.26156,1170.5784,1247.4985,1856333.1,1778520.8,6.9,6.9,30.0,868.24,204.97719,45
2026-02-15 16:00:00+00:00,3.0,34.776,24.425999,29.567663,39.403473,29.437828,34.15374,42085.895,39600.0,0.0,0.0,0.0,7.406295,20.16,172.48164,18.63,4.2943015,1200.146,1281.6522,1898419.0,1818120.8,6.9,6.9,30.0,886.87,209.27148,46
2026-02-16 16:00:00+00:00,3.0,34.326,26.075998,29.232252,40.91253,31.693962,34.477016,42130.184,39600.0,1.8,1.8,5.0,8.131936,26.64,168.94476,18.63,4.320528,1229.3783,1316.1293,1940549.1,1857720.8,8.7,8.7,35.0,905.5,213.59201,47
2026-02-17 16:00:00+00:00,3.0,33.576,23.976,28.819746,37.56012,28.12278,33.14025,42174.87,39600.0,2.2,2.2,4.0,10.98,28.8,86.4965,20.7,4.750154,1258.198,1349.2695,1982724.0,1897320.8,10.9,10.9,39.0,926.2,218.34216,48
2026-02-18 16:00:00+00:00,3.0,33.526,24.726,29.323915,37.12114,27.184784,31.901907,42219.94,39600.0,0.0,0.0,0.0,12.440851,25.919998,69.84164,20.97,5.293701,1287.522,1381.1714,2024944.0,1936920.8,10.9,10.9,39.0,947.17,223.63586,49
2026-02-19 16:00:00+00:00,3.0,33.726,23.575998,29.04058,37.570274,26.424135,31.83873,42265.33,39016.613,0.0,0.0,0.0,9.693296,23.039999,73.14414,19.44,4.744923,1316.5625,1413.0101,2067209.4,1975937.4,10.9,10.9,39.0,966.61,228.38078,50
2026-02-20 16:00:00+00:00,3.0,33.926003,24.276,28.990583,38.89764,28.183983,32.638752,42311.008,39600.0,0.0,0.0,0.0,9.346143,19.44,199.29015,21.77,5.022773,1345.5531,1445.6489,2109520.5,2015537.4,10.9,10.9,39.0,988.38,233.40355,51
2026-02-21 16:00:00+00:00,3.0,34.776,24.876,29.669748,40.692,29.596859,33.973064,42356.92,39600.0,0.0,0.0,0.0,9.668195,22.319998,194.31743,21.13,4.904804,1375.2229,1479.622,2151877.5,2055137.4,10.9,10.9,39.0,1009.51,238.30835,52
2026-02-22 16:00:00+00:00,3.0,34.726,24.976,29.528078,41.16022,29.867924,34.411667,42403.05,39600.0,0.3,0.3,2.0,10.699028,23.759998,167.12111,21.03,5.0119195,1404.751,1514.0336,2194280.5,2094737.4,11.2,11.2,41.0,1030.54,243.32027,53
2026-02-23 16:00:00+00:00,3.0,34.176003,26.325998,29.340582,39.484646,31.647709,33.92497,42449.344,39600.0,1.2,1.2,3.0,15.5843,28.44,163.08313,19.85,4.927019,1434.0916,1547.9585,2236729.8,2134337.5,12.4,12.4,44.0,1050.39,248.24728,54
2026-02-24 16:00:00+00:00,3.0,33.276,25.226,28.71975,40.4368,30.955078,34.231747,42495.766,39600.0,1.2,1.2,8.0,7.69592,23.4,150.56827,20.02,4.387027,1462.8113,1582.1902,2279225.5,2173937.5,13.599999,13.599999,52.0,1070.41,252.63431,55
2026-02-25 16:00:00+00:00,3.0,33.626,24.325998,28.255165,39.214344,29.257229,33.100185,42542.273,39600.0,1.5,1.5,8.0,12.016938,21.599998,284.52844,20.55,4.585804,1491.0664,1615.2904,2321767.8,2213537.5,15.099999,15.099999,60.0,1090.9601,257.22012,56
2026-02-26 16:00:00+00:00,3.0,33.976,24.226,28.276001,39.16237,29.079979,32.852528,42588.83,39600.0,1.4000001,1.4000001,5.0,9.290511,25.919998,208.5859,21.06,4.851055,1519.3424,1648.143,2364356.5,2253137.5,16.5,16.5,65.0,1112.0201,262.07117,57
2026-02-27 16:00:00+00:00,3.0,34.826,25.126,29.546835,38.739906,30.07639,33.649494,42635.395,39600.0,0.0,0.0,0.0,10.694485,27.0,194.77818,21.49,5.3114963,1548.8893,1681.7925,2406992.0,2292737.5,16.5,16.5,65.0,1133.5101,267.38266,58
2026-02-28 16:00:00+00:00,3.0,35.376,25.175999,30.223917,38.829266,30.107182,33.815243,42681.938,39600.0,0.1,0.1,1.0,11.144021,27.72,210.14644,23.12,5.822039,1579.1132,1715.6077,2449674.0,2332337.5,16.6,16.6,66.0,1156.6301,273.2047,59
2026-03-01 16:00:00+00:00,3.0,36.726,24.925999,30.75517,40.18054,28.874733,33.705578,42728.414,39632.434,0.0,0.0,0.0,9.449572,24.48,219.30704,24.03,6.110505,1609.8683,1749.3132,2492402.5,2371970.0,16.6,16.6,66.0,1180.6602,279.31522,60
2026-03-02 16:00:00+00:00,3.0,36.776,23.925999,30.561415,40.103615,27.744005,33.068546,42774.797,39653.883,0.0,0.0,0.0,10.97262,22.68,230.42357,24.65,6.128079,1640.4297,1782.3818,2535177.2,2411624.0,16.6,16.6,66.0,1205.3102,285.4433,61
2026-03-03 16:00:00+00:00,3.0,36.826,23.376,30.16767,40.02298,26.167107,31.9712,42821.39,39629.44,0.0,0.0,0.0,11.132385,23.4,213.7084,24.76,6.3241014,1670.5974,1814.353,2577998.8,2451253.5,16.6,16.6,66.0,1230.0702,291.7674,62
2026-03-04 16:00:00+00:00,3.0,35.126,22.726,29.055162,38.105385,25.818384,31.023598,42868.35,39613.4,0.0,0.0,0.0,13.684735,29.16,175.15326,23.0,6.0533414,1699.6526,1845.3766,2620867.0,2490867.0,16.6,16.6,66.0,1253.0702,297.82074,63
2026-03-05 16:00:00+00:00,3.0,34.376,23.376,28.6635,37.486607,26.952936,31.212221,42915.633,39607.69,0.1,0.1,1.0,13.091829,29.16,118.199265,19.94,5.016237,1728.316,1876.5889,2663782.8,2530474.8,16.7,16.7,67.0,1273.0101,302.83698,64
2026-03-06 16:00:00+00:00,3.0,34.126,25.026,29.567667,37.969845,29.15467,33.283386,42963.203,39602.28,0.0,0.0,0.0,8.827343,25.919998,98.796036,20.31,4.805869,1757.8837,1909.8723,2706746.0,2570077.0,16.7,16.7,67.0,1293.3202,307.64285,65
2026-03-07 16:00:00+00:00,3.0,35.326,25.175999,30.34683,39.07232,29.436562,33.551037,43011.03,39600.0,0.0,0.0,0.0,7.9526596,24.119999,134.33386,21.18,5.113961,1788.2305,1943.4233,2749757.0,2609677.0,16.7,16.7,67.0,1314.5002,312.7568,66
2026-03-08 16:00:00+00:00,3.0,36.376,24.026,30.321833,38.72561,28.007874,32.78396,43059.082,39751.13,0.0,0.0,0.0,10.158444,26.64,100.12196,24.0,6.087169,1818.5522,1976.2073,2792816.0,2649428.2,16.7,16.7,67.0,1338.5002,318.84396,67
2026-03-09 16:00:00+00:00,3.0,34.426003,25.825998,30.013504,37.18579,26.72815,31.32618,43107.324,39968.363,0.0,0.0,0.0,16.171976,38.519997,77.33193,21.15,5.971722,1848.5658,2007.5334,2835923.2,2689396.5,16.7,16.7,67.0,1359.6503,324.81567,68
2026-03-10 16:00:00+00:00,3.0,34.376,25.376,30.017672,37.651173,26.579992,32.011265,43155.71,39710.09,0.0,0.0,0.0,8.149847,23.4,51.652077,21.73,5.4284773,1878.5835,2039.5447,2879079.0,2729106.5,16.7,16.7,67.0,1381.3802,330.24414,69
2026-03-11 16:00:00+00:00,3.0,34.976,24.825998,28.81975,38.894222,27.479578,31.858606,43204.22,39689.31,3.7,3.7,7.0,12.74954,28.08,75.88301,22.36,5.1385727,1907.4032,2071.4033,2922283.2,2768795.8,20.400002,20.400002,74.0,1403.7402,335.38272,70
2026-03-12 16:00:00+00:00,3.0,32.576,24.626,27.878082,35.2158,26.410217,30.44084,43252.812,39603.703,1.1,1.1,5.0,11.885453,31.68,56.56745,19.25,4.8323636,1935.2812,2101.8442,2965536.0,2808399.5,21.500002,21.500002,79.0,1422.9902,340.2151,71
2026-03-13 16:00:00+00:00,3.0,33.476,24.376,28.609331,37.536644,25.489973,30.95632,43301.465,40121.824,0.2,0.2,2.0,9.686609,25.199999,60.714375,21.66,5.325757,1963.8906,2132.8005,3008837.5,2848521.2,21.700003,21.700003,81.0,1444.6503,345.54083,72
2026-03-14 16:00:00+00:00,3.0,33.826,24.376,29.061417,37.101963,26.406708,31.491226,43350.13,40100.586,0.0,0.0,0.0,8.797931,25.919998,57.68823,20.89,5.0186114,1992.952,2164.2917,3052187.8,2888621.8,21.700003,21.700003,81.0,1465.5403,350.55945,73
2026-03-15 16:00:00+00:00,3.0,34.276,24.925999,29.06975,38.776917,29.012707,32.519024,43398.777,37873.89,0.4,0.4,1.0,10.404249,23.039999,133.36343,20.81,5.0429606,2022.0217,2196.8108,3095586.5,2926495.8,22.100002,22.100002,82.0,1486.3503,355.60242,74
2026-03-16 16:00:00+00:00,3.0,34.726,25.575998,28.898918,39.50759,30.348469,33.334614,43447.38,39600.0,2.4,2.4,8.0,13.556282,25.199999,168.05693,21.71,5.182262,2050.9207,2230.1455,3139034.0,2966095.8,24.500002,24.500002,90.0,1508.0603,360.78467,75
2026-03-17 16:00:00+00:00,3.0,34.376,25.126,29.069748,39.199432,29.93076,33.434944,43495.895,40274.055,2.4,2.4,3.0,12.261158,26.64,171.04878,22.22,5.2891054,2079.9905,2263.5806,3182530.0,3006369.8,26.900002,26.900002,93.0,1530.2803,366.07376,76
2026-03-18 16:00:00+00:00,3.0,34.776,25.175999,28.657251,39.96404,30.176685,33.289734,43544.293,39779.03,3.3000002,3.3000002,3.0,12.16832,31.319998,170.74632,21.2,4.8997645,2108.6477,2296.8704,3226074.2,3046148.8,30.2,30.2,96.0,1551.4802,370.9735,77
2026-03-19 16:00:00+00:00,3.0,34.726,25.876,29.467667,40.236946,30.692047,33.700912,43592.547,37924.652,1.3,1.3,1.0,13.504799,29.88,183.45076,22.51,5.6252484,2138.1155,2330.5713,3269666.8,3084073.5,31.5,31.5,97.0,1573.9902,376.59875,78
2026-03-20 16:00:00+00:00,3.0,35.076,25.175999,29.573912,41.020203,29.806915,34.063984,43640.613,40448.414,0.4,0.4,1.0,13.493999,27.359999,161.2562,23.84,5.780556,2167.6895,2364.6353,3313307.2,3124522.0,31.9,31.9,98.0,1597.8302,382.3793,79
2026-03-21 16:00:00+00:00,3.0,35.126,26.126,29.953087,40.482662,31.12791,34.4583,43688.46,40664.926,0.70000005,0.70000005,4.0,12.273043,26.28,180.41922,21.26,5.3497267,2197.6426,2399.0935,3356995.8,3165187.0,32.6,32.6,102.0,1619.0902,387.72903,80
2026-03-22 16:00:00+00:00,3.0,34.926003,26.776,30.132246,40.860893,31.574059,34.79553,43736.066,40407.8,0.8,0.8,4.0,12.966248,29.88,173.61626,21.07,5.3100915,2227.775,2433.889,3400731.8,3205594.8,33.399998,33.399998,106.0,1640.1602,393.03912,81
2026-03-23 16:00:00+00:00,3.0,34.876,26.526,30.076002,39.991123,31.919415,34.717987,43783.707,40243.293,2.0,2.0,4.0,13.159711,27.359999,174.89952,21.1,5.3413587,2257.8508,2468.607,3444515.5,3245838.0,35.399998,35.399998,110.0,1661.2601,398.3805,82
2026-03-24 16:00:00+00:00,3.0,36.226,26.675999,30.876,41.291645,31.973328,35.35355,43831.523,40841.61,0.3,0.3,1.0,12.959999,29.16,174.7092,23.49,6.0584393,2288.7268,2503.9604,3488347.0,3286679.5,35.699997,35.699997,111.0,1684.7501,404.43893,83
2026-03-25 16:00:00+00:00,3.0,36.626,26.376,31.242668,42.241413,31.680084,35.705364,43879.484,41225.01,0.0,0.0,0.0,12.241323,27.359999,173.55847,23.25,5.9894423,2319.9695,2539.6658,3532226.5,3327904.5,35.699997,35.699997,111.0,1708.0001,410.42838,84
2026-03-26 16:00:00+00:00,3.0,37.376,27.325998,31.473915,41.956856,32.301693,35.578373,43927.562,41439.227,0.0,0.0,0.0,14.944336,31.319998,174.99426,24.94,6.7991285,2351.4434,2575.2441,3576154.0,3369343.8,35.699997,35.699997,111.0,1732.9401,417.2275,85
2026-03-27 16:00:00+00:00,3.0,36.376,26.276,30.611418,40.512184,31.165695,34.721752,43975.723,40543.516,0.1,0.1,1.0,14.4,30.599998,172.66348,23.85,6.292056,2382.0547,2609.9658,3620129.8,3409887.2,35.799995,35.799995,112.0,1756.79,423.51956,86
2026-03-28 16:00:00+00:00,3.0,35.326,26.675999,30.421831,40.218388,31.466663,34.48026,44023.94,41235.164,0.3,0.3,1.0,13.902014,28.44,181.45174,22.64,5.9678597,2412.4766,2644.446,3664153.8,3451122.5,36.099995,36.099995,113.0,1779.43,429.48743,87
2026-03-29 16:00:00+00:00,3.0,35.076,25.575998,29.953081,38.938866,30.15506,33.788567,44072.17,41846.29,0.0,0.0,0.0,14.588885,31.319998,180.64203,23.09,6.0256085,2442.4297,2678.2346,3708226.0,3492968.8,36.099995,36.099995,113.0,1802.52,435.51303,88
2026-03-30 16:00:00+00:00,3.0,36.576,25.276,30.638502,41.725105,29.381432,34.35382,44120.402,42264.65,0.0,0.0,0.0,13.288341,30.239998,176.81459,25.08,6.286325,2473.068,2712.5884,3752346.5,3535233.5,36.099995,36.099995,113.0,1827.6,441.79935,89
2026-03-31 16:00:00+00:00,3.0,36.076,26.575998,30.863495,42.32024,31.364899,35.478745,44168.594,42126.08,0.2,0.2,1.0,13.671707,26.28,181.30598,22.65,5.8822393,2503.9316,2748.0671,3796515.0,3577359.5,36.299995,36.299995,114.0,1850.25,447.68158,90
2026-04-01 16:00:00+00:00,3.0,36.976,26.325998,31.107248,41.714794,31.762299,35.41631,44216.71,42106.984,0.2,0.2,1.0,16.263872,33.12,177.17471,23.58,6.437215,2535.0388,2783.4834,3840731.8,3619466.5,36.499996,36.499996,115.0,1873.83,454.1188,91
2026-04-02 16:00:00+00:00,3.0,36.876,26.376,30.746832,40.883175,31.039387,34.689625,44264.723,42384.906,0.5,0.5,1.0,18.008097,34.2,182.74089,23.24,6.3576965,2565.7856,2818.173,3884996.5,3661851.5,36.999996,36.999996,116.0,1897.07,460.4765,92
2026-04-03 16:00:00+00:00,3.0,37.576,26.626,31.571838,40.695213,31.63691,35.006977,44312.598,42662.457,0.0,0.0,0.0,15.506141,31.68,190.34566,26.0,7.119255,2597.3574,2853.1802,3929309.0,3704514.0,36.999996,36.999996,116.0,1923.07,467.59576,93
2026-04-04 16:00:00+00:00,3.0,37.976,26.876,31.79267,40.371994,30.989288,34.850662,44360.31,42701.992,0.0,0.0,0.0,14.417988,29.88,195.17967,26.56,7.3019,2629.1501,2888.0308,3973669.2,3747216.0,36.999996,36.999996,116.0,1949.63,474.89767,94
2026-04-05 16:00:00+00:00,3.0,37.526,26.126,31.398918,41.238777,30.560188,34.392075,44407.812,42741.1,0.0,0.0,0.0,15.206537,28.44,190.78214,26.78,7.1911073,2660.549,2922.4229,4018077.0,3789957.0,36.999996,36.999996,116.0,1976.41,482.08878,95
2026-04-06 16:00:00+00:00,3.0,37.826,26.876,31.894747,41.977665,30.547073,35.503834,44455.09,42779.668,0.0,0.0,0.0,14.917212,25.919998,206.35602,25.8,6.77264,2692.4438,2957.9268,4062532.0,3832736.8,36.999996,36.999996,116.0,2002.2101,488.86142,96
2026-04-07 16:00:00+00:00,3.0,38.226,27.226,32.2885,42.14091,32.357563,35.9152,44502.09,42817.656,0.0,0.0,0.0,14.769874,29.88,192.32115,25.91,7.2761164,2724.7324,2993.842,4107034.0,3875554.5,36.999996,36.999996,116.0,2028.1201,496.13754,97
2026-04-08 16:00:00+00:00,3.0,38.326,26.325998,31.725998,42.144043,31.126831,35.494946,44548.79,42616.164,0.0,0.0,0.0,16.38099,30.239998,183.38899,26.17,7.202013,2756.4585,3029.337,4151582.8,3918170.8,36.999996,36.999996,116.0,2054.29,503.33957,98
2026-04-09 16:00:00+00:00,3.0,37.676003,26.126,31.392664,41.884758,31.011787,35.54206,44595.15,42891.414,0.0,0.0,0.0,14.787414,28.44,181.48212,25.14,6.6862454,2787.851,3064.879,4196178.0,3961062.2,36.999996,36.999996,116.0,2079.43,510.02582,99
2026-04-10 16:00:00+00:00,3.0,38.476,26.825998,31.980164,40.57323,31.920738,34.94797,44641.14,43166.176,0.0,0.0,0.0,13.722565,29.16,200.2047,27.09,7.338483,2819.8313,3099.827,4240819.0,4004228.5,36.999996,36.999996,116.0,2106.52,517.3643,100
2026-04-11 16:00:00+00:00,3.0,38.226,26.425999,31.753084,41.535366,31.478542,35.19739,44686.727,43201.023,0.0,0.0,0.0,14.007655,30.239998,186.38911,26.9,7.344228,2851.5845,3135.0244,4285505.5,4047429.5,36.999996,36.999996,116.0,2133.42,524.70856,101
2026-04-12 16:00:00+00:00,3.0,38.176003,26.726,31.832245,41.081314,31.281784,34.99365,44732.18,42995.727,0.0,0.0,0.0,14.411245,32.039997,188.46663,26.81,7.385749,2883.4167,3170.018,4330237.5,4090425.2,36.999996,36.999996,116.0,2160.23,532.0943,102
2026-04-13 16:00:00+00:00,3.0,38.526,26.726,32.028084,42.443676,31.907764,36.16038,44777.633,43029.754,0.1,0.1,1.0,12.971244,27.0,188.96051,25.98,6.9414425,2915.4448,3206.1785,4375015.0,4133455.0,37.099995,37.099995,117.0,2186.21,539.03577,103
2026-04-14 16:00:00+00:00,3.0,38.076,26.476,31.961418,41.41488,31.646648,35.71705,44823.055,43063.605,0.0,0.0,0.0,14.096425,28.8,184.30574,25.5,6.9860544,2947.4062,3241.8955,4419838.0,4176518.5,37.099995,37.099995,117.0,2211.71,546.02185,104
2026-04-15 16:00:00+00:00,3.0,38.176003,27.325998,32.22392,43.607906,32.628685,36.63506,44868.41,42856.8,0.1,0.1,1.0,14.05845,26.64,179.082,25.51,6.8636837,2979.6301,3278.5305,4464706.5,4219375.5,37.199993,37.199993,118.0,2237.22,552.88556,105
2026-04-16 16:00:00+00:00,3.0,38.026,27.425999,31.998917,43.190594,32.74743,36.728912,44913.67,42781.43,0.3,0.3,2.0,13.917154,27.72,172.89526,24.21,6.482096,3011.6292,3315.2595,4509620.0,4262157.0,37.499992,37.499992,120.0,2261.43,559.3677,106
2026-04-17 16:00:00+00:00,3.0,38.176003,28.075998,32.355164,44.15514,33.524292,37.300446,44958.8,42922.547,0.5,0.5,3.0,14.068817,25.919998,171.96538,24.56,6.556256,3043.9844,3352.56,4554579.0,4305079.5,37.999992,37.999992,123.0,2285.99,565.92395,107
2026-04-18 16:00:00+00:00,3.0,37.576,28.126,32.111412,43.340405,33.330795,36.701298,45003.77,43196.11,0.2,0.2,2.0,17.878086,31.319998,174.29308,24.16,6.6543994,3076.0957,3389.2615,4599583.0,4348275.5,38.199993,38.199993,125.0,2310.15,572.57837,108
2026-04-19 16:00:00+00:00,3.0,37.276,27.776,31.64475,42.119637,32.81821,35.73789,45048.535,43131.645,0.70000005,0.70000005,4.0,17.307167,36.36,161.58614,22.18,6.2951107,3107.7405,3424.9993,4644631.5,4391407.0,38.899994,38.899994,129.0,2332.3298,578.8735,109
2026-04-20 16:00:00+00:00,3.0,36.476,27.376,31.296837,41.19847,32.38813,35.71723,45093.08,43017.89,0.4,0.4,4.0,15.156386,29.519999,164.20178,21.79,6.040971,3139.0374,3460.7166,4689724.5,4434425.0,39.299995,39.299995,133.0,2354.1199,584.9144,110
2026-04-21 16:00:00+00:00,3.0,37.326,27.726,31.959333,43.016006,32.77023,36.586716,45137.35,43290.723,0.1,0.1,1.0,15.606114,29.519999,175.22083,24.53,6.6569753,3170.9966,3497.3032,4734862.0,4477715.5,39.399994,39.399994,134.0,2378.65,591.5714,111
2026-04-22 16:00:00+00:00,3.0,36.776,28.276,31.619751,41.847435,33.487938,36.380432,45181.324,43321.03,0.70000005,0.70000005,4.0,20.35274,38.519997,176.98389,22.63,6.2447243,3202.6162,3533.6836,4780043.5,4521036.5,40.099995,40.099995,138.0,2401.2798,597.81616,112
2026-04-23 16:00:00+00:00,3.0,36.026,27.876,31.592669,41.43968,33.51202,36.40582,45224.957,43350.613,0.4,0.4,4.0,14.410121,29.16,171.11823,21.73,5.9279137,3234.209,3570.0894,4825268.5,4564387.0,40.499996,40.499996,142.0,2423.0098,603.7441,113
2026-04-24 16:00:00+00:00,3.0,35.726,27.876,31.128084,41.09919,33.417778,36.366467,45268.215,43056.195,1.4,1.4,5.0,11.53265,24.119999,150.29306,20.38,4.994249,3265.3372,3606.4558,4870536.5,4607443.0,41.899998,41.899998,147.0,2443.3896,608.73834,114
2026-04-25 16:00:00+00:00,3.0,34.876,26.626,30.048918,42.056747,32.672375,35.736404,45311.062,42318.48,3.4,3.4,6.0,11.402683,22.319998,185.83469,19.43,4.6444016,3295.386,3642.1921,4915847.5,4649761.5,45.3,45.3,153.0,2462.8196,613.38275,115
2026-04-26 16:00:00+00:00,3.0,36.626,26.825998,31.219755,42.909523,32.29345,35.66256,45353.465,43190.56,0.5,0.5,2.0,15.606114,30.960001,172.37038,25.12,6.599706,3326.6057,3677.8547,4961201.0,4692952.0,45.8,45.8,155.0,2487.9397,619.9825,116
2026-04-27 16:00:00+00:00,3.0,36.826,27.276,31.311417,42.79953,32.092373,35.923843,45395.38,43216.266,0.6,0.6,2.0,15.68584,29.519999,178.45073,23.73,6.2814827,3357.9172,3713.7786,5006596.5,4736168.5,46.399998,46.399998,157.0,2511.6697,626.264,117
2026-04-28 16:00:00+00:00,3.0,37.926003,27.925999,32.14891,42.600494,33.76217,36.67551,45436.766,43730.047,0.0,0.0,0.0,12.503199,30.599998,167.51353,25.89,6.641994,3390.0662,3750.454,5052033.5,4779898.5,46.399998,46.399998,157.0,2537.5596,632.90594,118
2026-04-29 16:00:00+00:00,3.0,36.676003,28.075998,31.715584,42.540257,33.743233,37.066692,45477.586,43258.23,1.6,1.6,5.0,11.272657,28.44,146.51306,23.88,6.023917,3421.7817,3787.5208,5097511.0,4823156.5,47.999996,47.999996,162.0,2561.4395,638.9299,119
2026-04-30 16:00:00+00:00,3.0,35.826,25.776,30.15933,42.185658,31.250187,35.300446,45517.805,43498.594,4.4,4.4,6.0,11.688918,27.72,133.99245,22.6,5.4773054,3451.9412,3822.8213,5143029.0,4866655.0,52.399998,52.399998,168.0,2584.0396,644.40717,120
2026-05-01 16:00:00+00:00,3.0,35.726,26.925999,30.796831,42.360718,32.510204,36.220142,45557.38,43493.86,3.1,3.1,6.0,10.62,26.64,172.14046,23.8,5.7317443,3482.738,3859.0415,5188586.5,4910149.0,55.499996,55.499996,174.0,2607.8396,650.1389,121
2026-05-02 16:00:00+00:00,3.0,36.726,27.226,31.42392,44.075516,33.193333,36.98485,45596.56,43488.965,0.5,0.5,2.0,12.093535,23.039999,174.7252,24.84,6.0440774,3514.1619,3896.0264,5234183.0,4953638.0,55.999996,55.999996,176.0,2632.6797,656.183,122
2026-05-03 16:00:00+00:00,3.0,36.876,27.925999,31.217667,42.767952,33.522556,36.807144,45635.477,43200.0,4.2,4.2,8.0,11.9140415,29.519999,148.35942,23.46,5.8039513,3545.3796,3932.8335,5279818.5,4996838.0,60.199997,60.199997,184.0,2656.1396,661.98694,123
2026-05-04 16:00:00+00:00,3.0,34.426003,25.026,29.428083,40.619045,30.740627,35.13135,45674.094,43478.613,7.9999995,7.9999995,11.0,12.204212,20.519999,102.9567,22.18,4.9756966,3574.8076,3967.9648,5325492.5,5040316.5,68.2,68.2,195.0,2678.3196,666.96265,124
2026-05-05 16:00:00+00:00,3.0,35.626,26.876,30.684332,42.282043,32.607033,36.41216,45712.383,42758.082,2.8,2.8,3.0,9.605998,23.4,152.71886,22.99,5.4144707,3605.492,4004.377,5371205.0,5083074.5,71.0,71.0,198.0,2701.3096,672.37714,125
2026-05-06 16:00:00+00:00,3.0,35.526,27.626,30.767668,42.09971,34.295555,36.634205,45750.3,43220.184,3.6999998,3.6999998,7.0,14.264361,29.519999,167.7769,22.3,5.34883,3636.2595,4041.0112,5416955.5,5126294.5,74.7,74.7,205.0,2723.6096,677.72595,126
2026-05-07 16:00:00+00:00,3.0,34.926003,26.776,30.03016,42.52845,32.84201,36.45081,45787.82,40581.37,3.2999997,3.2999997,7.0,9.059205,20.16,109.032524,21.94,4.897345,3666.2898,4077.4622,5462743.5,5166876.0,78.0,78.0,212.0,2745.5496,682.6233,127
2026-05-08 16:00:00+00:00,3.0,34.026,25.876,29.646837,40.88071,31.572033,35.767506,45824.902,40927.73,3.7999995,3.7999995,15.0,9.028754,23.4,20.319939,20.27,4.552395,3695.9365,4113.2295,5508568.5,5207803.5,81.8,81.8,227.0,2765.8196,687.17566,128
2026-05-09 16:00:00+00:00,3.0,34.976,26.026,29.848917,41.915146,32.07898,36.154305,45861.51,43087.47,3.8,3.8,8.0,10.04458,24.119999,64.90375,22.07,4.919997,3725.7854,4149.384,5554430.0,5250891.0,85.600006,85.600006,235.0,2787.8896,692.09564,129
2026-05-10 16:00:00+00:00,3.0,35.176003,27.075998,30.103086,40.02386,33.528797,36.172535,45897.617,41237.395,3.5,3.5,9.0,7.42159,30.239998,150.41785,18.39,4.26273,3755.8884,4185.556,5600327.5,5292128.5,89.100006,89.100006,244.0,2806.2795,696.3584,130
2026-05-11 16:00:00+00:00,3.0,33.326,26.726,28.719748,39.15806,32.215137,34.499554,45933.18,23465.336,10.099999,10.099999,9.0,12.007498,34.92,179.58023,14.76,3.4655318,3784.6082,4220.0557,5646260.5,5315594.0,99.200005,99.200005,253.0,2821.0396,699.8239,131
2026-05-12 16:00:00+00:00,3.0,32.876,25.825998,29.071833,39.166435,31.475094,34.302227,45968.156,42509.484,2.6000001,2.6000001,11.0,14.417988,31.319998,166.11877,19.71,4.6414146,3813.68,4254.358,5692228.5,5358103.5,101.8,101.8,264.0,2840.7495,704.46533,132
2026-05-13 16:00:00+00:00,3.0,34.726,26.325998,29.376001,41.32794,32.08025,35.180153,46002.523,42618.16,5.2,5.2,4.0,10.589448,32.039997,203.18301,21.63,4.9618397,3843.056,4289.538,5738231.0,5400721.5,107.0,107.0,268.0,2862.3794,709.4272,133
2026-05-14 16:00:00+00:00,3.0,34.426003,26.825998,29.50933,41.321625,32.996407,35.402386,46036.227,38495.242,5.8999996,5.8999996,3.0,15.077082,31.68,226.45763,20.76,4.7785482,3872.5652,4324.9404,5784267.0,5439216.5,112.9,112.9,271.0,2883.1394,714.20575,134
2026-05-15 16:00:00+00:00,3.0,34.876,26.726,30.069756,40.802483,31.573463,35.10175,46069.24,36886.93,1.0,1.0,6.0,11.833546,29.519999,225.72194,18.3,4.6467323,3902.635,4360.042,5830336.0,5476103.5,113.9,113.9,277.0,2901.4395,718.8525,135
2026-05-16 16:00:00+00:00,3.0,33.426003,26.876,29.917665,37.380413,31.888092,34.613163,46101.516,42177.477,3.2999997,3.2999997,7.0,17.706913,45.719997,238.2691,17.07,4.383164,3932.5527,4394.6553,5876437.5,5518281.0,117.200005,117.200005,284.0,2918.5095,723.23566,136
2026-05-17 16:00:00+00:00,3.0,34.076,26.925999,29.646835,39.165825,31.61583,34.622963,46133.02,43200.0,12.7,12.7,5.0,15.379206,33.839996,196.6712,20.73,4.9871035,3962.1995,4429.2783,5922570.5,5561481.0,129.90001,129.90001,289.0,2939.2395,728.2228,137
2026-05-18 16:00:00+00:00,3.0,31.126,26.276,28.201002,36.363117,30.903656,32.825283,46163.715,27382.871,7.2999997,7.2999997,11.0,16.610792,36.0,228.33324,14.72,3.566896,3990.4004,4462.1035,5968734.0,5588864.0,137.20001,137.20001,300.0,2953.9595,731.7897,138
2026-05-19 16:00:00+00:00,3.0,31.476,26.776,28.392664,34.658592,31.473385,32.781647,46193.56,17386.473,2.1000001,2.1000001,5.0,14.978986,31.319998,223.76103,11.25,3.0831952,4018.793,4494.8853,6014927.5,5606250.5,139.30002,139.30002,305.0,2965.2095,734.87286,139
2026-05-20 16:00:00+00:00,3.0,33.826,26.376,29.684332,39.99039,31.621613,34.537365,46222.504,41609.02,0.8,0.8,2.0,12.882267,27.72,190.47461,20.26,4.9827127,4048.4773,4529.423,6061150.0,5647859.5,140.10002,140.10002,307.0,2985.4695,739.8556,140
2026-05-21 16:00:00+00:00,3.0,33.526,26.425999,29.248917,40.74017,32.253242,34.73538,46250.527,40180.6,7.9000006,7.9000006,12.0,12.236029,34.92,167.07312,17.89,4.206077,4077.7263,4564.158,6107400.5,5688040.0,148.00002,148.00002,319.0,3003.3594,744.06165,141
2026-05-22 16:00:00+00:00,3.0,33.576,26.075998,29.271833,40.315224,31.740482,35.004353,46277.805,36270.984,1.2,1.2,8.0,11.975074,30.960001,190.60861,20.76,4.764607,4106.998,4599.1626,6153678.5,5724311.0,149.20001,149.20001,327.0,3024.1194,748.82623,142
2026-05-23 16:00:00+00:00,3.0,35.076,26.925999,30.742668,40.922848,32.774994,36.171364,46304.445,44115.504,0.2,0.2,2.0,11.5887,31.68,202.07188,23.34,5.643264,4137.7407,4635.334,6199983.0,5768426.5,149.40001,149.40001,329.0,3047.4595,754.4695,143
2026-05-24 16:00:00+00:00,3.0,35.326,27.226,31.026,41.817753,33.16393,36.473114,46330.418,43200.0,0.2,0.2,1.0,14.128566,31.68,218.85812,24.16,5.81101,4168.7666,4671.807,6246313.5,5811626.5,149.6,149.6,330.0,3071.6194,760.2805,144
2026-05-25 16:00:00+00:00,3.0,35.726,27.175999,30.432251,41.879433,32.490986,35.934494,46355.695,41647.965,4.5,4.5,3.0,16.75064,35.28,229.29306,23.82,5.6804113,4199.1987,4707.7417,6292669.0,5853274.5,154.1,154.1,333.0,3095.4395,765.96094,145
2026-05-26 16:00:00+00:00,3.0,35.726,26.526,31.038498,41.25507,31.055122,35.748943,46380.26,44348.89,0.5,0.5,2.0,11.854062,30.239998,227.61958,24.8,6.158081,4230.2373,4743.4907,6339049.5,5897623.5,154.6,154.6,335.0,3120.2395,772.119,146
2026-05-27 16:00:00+00:00,3.0,34.826,27.075998,30.353083,40.29704,33.292027,35.858624,46404.08,41281.766,7.0,7.0,7.0,11.854062,33.839996,218.54527,21.78,5.2165246,4260.5903,4779.349,6385453.5,5938905.5,161.6,161.6,342.0,3142.0195,777.3356,147
2026-05-28 16:00:00+00:00,3.0,35.126,26.526,30.065584,41.827957,31.657894,35.679203,46427.125,43824.816,3.9,3.9,6.0,10.766949,25.919998,214.74039,23.69,5.4472694,4290.656,4815.0283,6431880.5,5982730.5,165.5,165.5,348.0,3165.7095,782.78284,148
2026-05-29 16:00:00+00:00,3.0,34.176003,26.575998,29.513498,39.751213,33.178703,35.437447,46449.38,36000.0,6.1000004,6.1000004,10.0,9.3340025,22.68,166.93399,19.4,4.4232244,4320.1694,4850.466,6478330.0,6018730.5,171.6,171.6,358.0,3185.1094,787.20605,149
2026-05-30 16:00:00+00:00,3.0,34.276,25.876,29.044746,42.159893,31.052387,35.41863,46470.816,40378.34,14.599998,14.599998,17.0,10.163227,22.68,160.82571,20.19,4.454331,4349.2144,4885.8843,6524801.0,6059109.0,186.20001,186.20001,375.0,3205.2993,791.6604,150
2026-05-31 16:00:00+00:00,3.0,34.126,25.626,29.059332,41.69506,30.849289,35.280064,46491.406,44312.645,1.2,1.2,5.0,9.600937,21.24,195.20154,22.97,5.0446024,4378.274,4921.1646,6571292.5,6103421.5,187.40001,187.40001,380.0,3228.2693,796.705,151
2026-06-01 16:00:00+00:00,3.0,34.426003,26.175999,29.653078,42.019485,32.441082,35.735943,46511.117,42652.246,1.7,1.7,7.0,12.081473,24.48,186.85265,23.8,5.410775,4407.9272,4956.9004,6617803.5,6146073.5,189.1,189.1,387.0,3252.0693,802.1158,152
2026-06-02 16:00:00+00:00,3.0,33.926003,26.526,29.89475,41.154297,32.314297,35.2807,46529.934,43785.32,1.3000001,1.3000001,2.0,12.440851,27.72,190.09584,21.77,5.139791,4437.822,4992.181,6664333.5,6189859.0,190.40001,190.40001,389.0,3273.8394,807.25555,153
2026-06-03 16:00:00+00:00,3.0,33.826,27.226,29.194754,39.89575,32.40345,34.278645,46547.83,35190.82,7.9,7.9,8.0,15.426535,37.8,181.57362,18.03,4.3758516,4467.0166,5026.46,6710881.5,6225050.0,198.3,198.3,397.0,3291.8694,811.6314,154
2026-06-04 16:00:00+00:00,3.0,32.676003,25.675999,28.932251,36.6127,30.799599,33.28263,46564.77,31669.227,2.5999997,2.5999997,10.0,20.61766,43.92,189.83908,16.78,4.3171954,4495.9487,5059.7427,6757446.5,6256719.0,200.90001,200.90001,407.0,3308.6494,815.9486,155
2026-06-05 16:00:00+00:00,3.0,33.726,27.126,29.286415,39.15216,31.807327,33.983147,46580.74,34057.023,9.6,9.6,8.0,19.810633,51.839996,194.19261,17.97,4.510845,4525.2354,5093.7256,6804027.0,6290776.0,210.50002,210.50002,415.0,3326.6194,820.4595,156
2026-06-06 16:00:00+00:00,3.0,33.376,27.476,29.559332,38.927437,32.097702,34.435383,46595.703,25287.326,1.5000001,1.5000001,5.0,14.892213,44.639996,195.02663,15.36,4.1088095,4554.795,5128.161,6850622.5,6316063.5,212.00002,212.00002,420.0,3341.9795,824.5683,157
2026-06-07 16:00:00+00:00,3.0,33.726,26.976,29.115583,39.035904,31.718788,34.156235,46609.637,29819.064,15.1,15.1,7.0,17.04021,39.239998,219.5194,16.86,4.145595,4583.9106,5162.3174,6897232.0,6345882.5,227.10002,227.10002,427.0,3358.8396,828.71387,158
2026-06-08 16:00:00+00:00,3.0,32.676003,26.876,28.79683,38.90621,32.153675,34.409584,46622.527,31112.777,16.0,16.0,9.0,14.386494,45.36,201.46414,18.35,4.188482,4612.7075,5196.727,6943854.5,6376995.5,243.10002,243.10002,436.0,3377.1897,832.90234,159
2026-06-09 16:00:00+00:00,3.0,32.026,26.175999,28.261414,37.20624,31.563354,33.901688,46634.332,39376.3,16.5,16.5,15.0,13.666967,39.6,187.22945,15.76,3.5114841,4640.9688,5230.629,6990489.0,6416372.0,259.60004,259.60004,451.0,3392.9497,836.4138,160
2026-06-10 16:00:00+00:00,3.0,32.526,26.126,28.334335,38.84462,31.639557,33.881283,46645.043,29803.38,3.6999998,3.6999998,18.0,16.011908,32.039997,174.32292,16.47,3.790786,4669.303,5264.5103,7037134.0,6446175.5,263.30005,263.30005,469.0,3409.4197,840.2046,161
2026-06-11 16:00:00+00:00,3.0,31.175999,25.476,27.98017,35.81766,30.830658,33.259884,46654.71,39303.824,4.5999994,4.5999994,16.0,12.371645,25.56,173.73424,15.25,3.4289744,4697.283,5297.77,7083788.5,6485479.5,267.90005,267.90005,485.0,3424.6697,843.63354,162
2026-06-12 16:00:00+00:00,3.0,32.026,25.325998,28.788504,37.434765,31.415207,34.417774,46663.39,45516.19,0.70000005,0.70000005,7.0,10.538843,25.919998,222.39221,18.89,4.1894355,4726.072,5332.188,7130452.0,6530995.5,268.60007,268.60007,492.0,3443.5596,847.823,163
2026-06-13 16:00:00+00:00,3.0,33.576,26.325998,29.436417,38.941498,31.96577,34.83969,46671.082,43445.625,2.8,2.8,4.0,14.248452,38.88,233.468,22.6,5.1516604,4755.5083,5367.028,7177123.0,6574441.0,271.40005,271.40005,496.0,3466.1597,852.9747,164
2026-06-14 16:00:00+00:00,3.0,32.826,26.075998,28.9135,37.080456,31.268475,33.892548,46677.77,43200.0,3.5,3.5,5.0,13.121493,28.44,223.44966,17.47,4.1457157,4784.422,5400.9204,7223801.0,6617641.0,274.90005,274.90005,501.0,3483.6296,857.12036,165
2026-06-15 16:00:00+00:00,3.0,33.176003,26.175999,28.926,39.3664,31.983334,34.756596,46683.46,36523.79,7.6,7.6,5.0,13.0447235,33.12,227.59421,21.79,4.8204803,4813.3477,5435.6772,7270484.5,6654165.0,282.50006,282.50006,506.0,3505.4197,861.94086,166
2026-06-16 16:00:00+00:00,3.0,33.226,25.776,28.878082,38.371307,31.701748,34.442944,46688.152,40856.176,1.3000001,1.3000001,3.0,13.060857,30.599998,236.06345,21.77,4.887526,4842.2256,5470.12,7317172.5,6695021.0,283.80005,283.80005,509.0,3527.1897,866.82837,167
2026-06-17 16:00:00+00:00,3.0,33.476,26.626,29.148918,39.677742,32.03577,34.692772,46691.844,40207.047,12.4,12.4,5.0,12.74954,28.8,230.78517,22.37,5.064776,4871.3745,5504.813,7363864.5,6735228.0,296.20004,296.20004,514.0,3549.5598,871.8931,168
2026-06-18 16:00:00+00:00,3.0,32.876,26.175999,28.561422,39.617973,31.665836,34.290592,46694.535,36182.17,13.2,13.2,9.0,13.397612,27.0,218.22691,19.76,4.4088025,4899.936,5539.1035,7410559.0,6771410.0,309.40005,309.40005,523.0,3569.3198,876.30194,169
2026-06-19 16:00:00+00:00,3.0,30.825998,24.825998,27.369751,36.130928,29.76878,32.53814,46696.223,10131.068,6.099999,6.099999,17.0,11.385622,21.24,188.35388,9.12,2.2831953,4927.3057,5571.6416,7457255.0,6781541.0,315.50006,315.50006,540.0,3578.44,878.58514,170
2026-06-20 16:00:00+00:00,3.0,33.826,25.425999,28.790583,39.95275,30.67178,34.253242,46696.914,44169.555,4.5,4.5,4.0,9.255571,26.28,233.41512,23.44,5.2073016,4956.096,5605.895,7503952.0,6825710.5,320.00006,320.00006,544.0,3601.88,883.7924,171
2026-06-21 16:00:00+00:00,3.0,33.526,25.376,28.778086,38.670387,31.247425,33.712715,46696.605,39652.605,0.0,0.0,0.0,17.419127,34.2,263.23587,21.84,5.0381618,4984.8745,5639.608,7550648.5,6865363.0,320.00006,320.00006,544.0,3623.72,888.83057,172
2026-06-22 16:00:00+00:00,3.0,33.776,26.675999,29.703089,39.509453,30.296623,34.127834,46695.293,43897.855,1.5,1.5,1.0,14.221139,33.839996,252.27629,24.15,5.911048,5014.5776,5673.736,7597344.0,6909261.0,321.50006,321.50006,545.0,3647.8699,894.74164,173
2026-06-23 16:00:00+00:00,3.0,34.576,26.526,29.873917,40.11244,30.70309,34.5434,46692.984,44666.168,2.8,2.8,3.0,13.358861,32.039997,240.13687,22.2,5.479298,5044.4517,5708.2793,7644037.0,6953927.0,324.30005,324.30005,548.0,3670.0698,900.22095,174
2026-06-24 16:00:00+00:00,3.0,34.076,26.726,29.430168,39.825012,31.300148,34.87171,46689.676,39850.605,8.6,8.6,4.0,14.973577,36.36,235.481,23.32,5.338683,5073.882,5743.151,7690726.5,6993777.5,332.90005,332.90005,552.0,3693.39,905.55963,175
2026-06-25 16:00:00+00:00,3.0,33.526,25.526,28.81767,39.72162,30.856781,34.46311,46685.375,44137.676,4.4,4.4,3.0,13.229694,28.44,221.47508,22.6,4.9601135,5102.6997,5777.614,7737412.0,7037915.0,337.30005,337.30005,555.0,3715.99,910.5198,176
2026-06-26 16:00:00+00:00,3.0,33.726,26.325998,29.378084,40.49411,31.538342,34.915165,46680.082,40554.848,1.6,1.6,3.0,16.16496,36.0,217.53911,22.88,5.2090354,5132.0776,5812.529,7784092.0,7078470.0,338.90005,338.90005,558.0,3738.8699,915.7288,177
2026-06-27 16:00:00+00:00,3.0,34.026,26.476,29.403086,40.111378,31.166504,34.339672,46673.793,41974.043,2.5,2.5,3.0,16.055353,37.079998,239.44034,21.33,5.087488,5161.481,5846.8687,7830766.0,7120444.0,341.40005,341.40005,561.0,3760.2,920.8163,178
2026-06-28 16:00:00+00:00,3.0,33.126,26.425999,29.359335,37.549816,31.158573,33.43529,46666.52,36003.81,0.5,0.5,3.0,17.483181,43.92,248.57918,16.81,4.5468855,5190.8403,5880.3037,7877432.5,7156448.0,341.90005,341.90005,564.0,3777.01,925.36316,179
2026-06-29 16:00:00+00:00,3.0,32.426003,26.476,29.2885,36.122925,31.002918,33.328835,46658.26,35337.492,0.8000001,0.8000001,4.0,13.397612,41.039997,247.63507,15.84,4.297508,5220.129,5913.6323,7924091.0,7191785.5,342.70004,342.70004,568.0,3792.85,929.66064,180
2026-06-30 16:00:00+00:00,3.0,33.476,25.976,28.771835,39.142437,30.900745,33.853138,46649.023,32994.633,5.0,5.0,12.0,12.47726,35.64,229.18694,18.45,4.363951,5248.901,5947.4854,7970740.0,7224780.0,347.70004,347.70004,580.0,3811.3,934.0246,181
2026-07-01 16:00:00+00:00,3.0,32.326,25.726,27.634336,37.567894,30.898804,33.15877,46638.71,18967.055,43.29999,43.29999,21.0,12.996199,32.039997,200.04199,10.67,2.5358431,5276.535,5980.644,8017378.5,7243747.0,391.00003,391.00003,601.0,3821.97,936.5604,182
2026-07-02 16:00:00+00:00,3.0,30.476,25.626,27.778086,34.90068,31.190453,32.72881,46627.3,24614.23,8.2,8.2,14.0,17.283749,33.48,215.04597,10.88,2.7226336,5304.3135,6013.373,8064006.0,7268361.0,399.20004,399.20004,615.0,3832.8499,939.2831,183
2026-07-03 16:00:00+00:00,3.0,28.126,25.526,26.965584,33.646763,30.260597,31.677065,46614.82,0.0,12.700001,12.700001,15.0,11.633348,41.039997,207.14648,5.41,1.6927896,5331.2793,6045.0503,8110621.0,7268361.0,411.90005,411.90005,630.0,3838.2598,940.9759,184
2026-07-04 16:00:00+00:00,3.0,31.425999,25.825998,28.1885,35.521217,30.575829,32.915405,46601.29,23305.033,1.8000002,1.8000002,9.0,13.902015,40.68,196.15898,13.95,3.4685633,5359.468,6077.966,8157222.5,7291666.0,413.70004,413.70004,639.0,3852.2097,944.44446,185
2026-07-05 16:00:00+00:00,3.0,32.326,26.026,28.746836,37.57432,31.270641,34.091606,46586.74,38358.492,1.9000001,1.9000001,5.0,13.929953,38.519997,192.67924,17.23,4.020835,5388.215,6112.0576,8203809.0,7330024.5,415.60004,415.60004,644.0,3869.4397,948.4653,186
2026-07-06 16:00:00+00:00,3.0,32.076,26.376,28.773918,36.735435,31.59235,34.08684,46571.195,26611.746,1.9000001,1.9000001,5.0,14.248452,41.039997,220.39288,14.59,3.5554738,5416.989,6146.1445,8250380.0,7356636.0,417.50003,417.50003,649.0,3884.0298,952.02075,187
2026-07-07 16:00:00+00:00,3.0,32.576,25.925999,28.780165,36.517906,30.277348,32.845417,46554.688,31612.51,0.3,0.3,2.0,17.371632,38.16,245.5014,16.55,4.3050027,5445.769,6178.9897,8296934.5,7388248.5,417.80002,417.80002,651.0,3900.5798,956.32574,188
2026-07-08 16:00:00+00:00,3.0,32.626,25.825998,28.928085,35.525562,29.706127,32.357914,46537.234,30419.594,0.0,0.0,0.0,17.615187,36.719997,239.89508,15.18,4.3425493,5474.6973,6211.3477,8343471.5,7418668.0,417.80002,417.80002,651.0,3915.7598,960.6683,189
2026-07-09 16:00:00+00:00,3.0,33.026,25.876,29.019753,35.00681,29.977627,32.390244,46518.87,31778.07,0.8,0.8,3.0,21.869816,43.92,251.5417,14.8,4.3852663,5503.717,6243.738,8389990.0,7450446.0,418.6,418.6,654.0,3930.5598,965.0535,190
2026-07-10 16:00:00+00:00,3.0,32.976,25.376,28.338495,36.118217,30.256428,32.36497,46499.617,23554.748,4.8999996,4.8999996,14.0,23.874949,56.16,249.18921,13.69,3.756721,5532.055,6276.1025,8436490.0,7474000.5,423.5,423.5,668.0,3944.2498,968.81024,191
2026-07-11 16:00:00+00:00,3.0,28.925999,26.175999,27.159334,33.444546,30.514221,31.538256,46479.504,8079.744,5.299999,5.299999,19.0,17.194475,33.839996,232.45566,8.15,2.2439685,5559.2144,6307.6406,8482970.0,7482080.0,428.8,428.8,687.0,3952.3997,971.0542,192
2026-07-12 16:00:00+00:00,3.0,31.325998,24.976,27.455168,36.15586,29.192192,31.923735,46458.56,32655.268,5.0,5.0,16.0,17.31746,51.839996,220.73108,16.17,3.7575529,5586.6694,6339.5645,8529429.0,7514735.5,433.8,433.8,703.0,3968.5696,974.81177,193
2026-07-13 16:00:00+00:00,3.0,31.925999,24.925999,27.765581,36.19632,29.965958,32.273792,46436.8,38639.72,6.7,6.7,17.0,17.654688,53.639996,211.3979,15.95,3.7538853,5614.435,6371.8384,8575866.0,7553375.0,440.5,440.5,720.0,3984.5195,978.5657,194
2026-07-14 16:00:00+00:00,3.0,32.026,25.175999,28.294748,36.382294,30.269058,32.67729,46414.27,43774.395,5.5999994,5.5999994,10.0,18.775303,42.12,212.08057,19.65,4.614628,5642.73,6404.5156,8622280.0,7597149.5,446.1,446.1,730.0,4004.1694,983.1803,195
2026-07-15 16:00:00+00:00,3.0,32.076,25.726,27.984335,35.5801,30.219734,32.20096,46390.984,24246.709,5.7,5.7,8.0,16.575644,43.56,209.79877,12.71,3.3658738,5670.7144,6436.717,8668671.0,7621396.0,451.80002,451.80002,738.0,4016.8794,986.54614,196
2026-07-16 16:00:00+00:00,3.0,32.626,25.675999,28.180168,37.08582,30.093082,32.86227,46366.97,27589.043,1.4000001,1.4000001,3.0,14.81259,43.92,220.97696,14.93,3.6574745,5698.8945,6469.579,8715038.0,7648985.0,453.2,453.2,741.0,4031.8093,990.2036,197
2026-07-17 16:00:00+00:00,3.0,34.026,25.226,29.444754,38.713356,28.94477,33.583927,46342.254,45897.816,0.1,0.1,1.0,14.096425,33.839996,244.0057,24.18,5.807322,5728.3394,6503.163,8761380.0,7694883.0,453.30002,453.30002,742.0,4055.9893,996.0109,198
2026-07-18 16:00:00+00:00,3.0,34.176003,25.026,29.603086,38.25291,28.868332,33.37111,46316.867,45736.254,0.0,0.0,0.0,14.007655,31.68,241.73697,23.27,5.7404037,5757.9424,6536.534,8807697.0,7740619.5,453.30002,453.30002,742.0,4079.2593,1001.75134,199
2026-07-19 16:00:00+00:00,3.0,35.026,25.126,30.061415,38.246674,28.644627,33.39748,46290.824,45466.605,0.0,0.0,0.0,13.8049555,31.319998,242.33221,24.88,6.328178,5788.004,6569.9316,8853988.0,7786086.0,453.30002,453.30002,742.0,4104.139,1008.0795,200
2026-07-20 16:00:00+00:00,3.0,34.576,26.425999,29.51975,39.60296,30.22839,33.68005,46264.164,41427.51,1.5000001,1.5000001,3.0,13.184308,43.56,240.2408,20.22,5.0478663,5817.5234,6603.612,8900252.0,7827513.5,454.80002,454.80002,745.0,4124.3594,1013.1274,201
2026-07-21 16:00:00+00:00,3.0,34.426003,26.476,29.151001,38.824764,31.514114,34.286095,46236.668,38074.094,9.7,9.7,5.0,13.976394,31.68,232.36691,18.1,4.3570094,5846.6743,6637.898,8946489.0,7865587.5,464.50003,464.50003,750.0,4142.4595,1017.4844,202
2026-07-22 16:00:00+00:00,3.0,32.976,25.876,28.442667,37.064175,30.966034,33.171783,46208.258,32451.803,3.8999999,3.8999999,12.0,17.01738,35.28,232.13963,13.22,3.393246,5875.117,6671.07,8992697.0,7898039.5,468.40002,468.40002,762.0,4155.6797,1020.8776,203
2026-07-23 16:00:00+00:00,3.0,34.726,26.276,29.328087,40.00606,30.064816,33.44038,46178.98,39815.46,2.2,2.2,3.0,18.079027,38.16,256.16788,21.83,5.5312147,5904.4453,6704.5103,9038876.0,7937855.0,470.60004,470.60004,765.0,4177.51,1026.4088,204
2026-07-24 16:00:00+00:00,3.0,34.276,27.175999,29.465584,38.49122,30.285934,33.069267,46148.867,29805.268,1.0,1.0,2.0,18.11215,40.68,255.12141,16.97,4.8034134,5933.911,6737.5796,9085025.0,7967660.5,471.60004,471.60004,767.0,4194.48,1031.2123,205
2026-07-25 16:00:00+00:00,3.0,34.076,26.376,29.180168,37.2653,30.531265,32.924435,46117.957,31652.014,2.6,2.6,9.0,20.79448,46.8,248.50252,16.32,4.575695,5963.0913,6770.504,9131143.0,7999312.5,474.20004,474.20004,776.0,4210.8,1035.788,206
2026-07-26 16:00:00+00:00,3.0,33.626,26.726,28.673918,36.561317,30.759167,32.72795,46086.297,36525.832,6.7000003,6.7000003,9.0,17.986494,51.12,245.69772,15.76,4.1574965,5991.765,6803.232,9177229.0,8035838.5,480.90005,480.90005,785.0,4226.5596,1039.9454,207
2026-07-27 16:00:00+00:00,3.0,32.776,25.575998,28.290583,36.811695,29.949345,32.801178,46053.918,39368.285,7.200001,7.200001,7.0,15.861461,44.28,235.04486,16.58,4.052561,6020.0557,6836.033,9223283.0,8075207.0,488.10007,488.10007,792.0,4243.1396,1043.998,208
2026-07-28 16:00:00+00:00,3.0,31.925999,26.126,28.719751,36.0023,30.952309,33.24404,46020.86,8299.518,0.70000005,0.70000005,5.0,13.529966,35.64,232.5331,10.75,3.1121855,6048.7754,6869.2773,9269304.0,8083506.5,488.80008,488.80008,797.0,4253.8896,1047.1102,209
2026-07-29 16:00:00+00:00,3.0,32.726,25.226,27.961416,37.712723,30.50285,33.281605,45987.168,23759.008,12.400002,12.400002,21.0,12.682018,34.56,230.70634,14.96,3.4360094,6076.737,6902.559,9315291.0,8107265.5,501.20007,501.20007,818.0,4268.8496,1050.5463,210
2026-07-30 16:00:00+00:00,3.0,30.425999,24.976,26.944748,35.81109,29.777721,31.960428,45952.863,12488.104,41.699997,41.699997,19.0,12.984975,29.88,230.05154,11.19,2.628285,6103.6816,6934.5195,9361244.0,8119753.5,542.9001,542.9001,837.0,4280.0396,1053.1746,211
2026-07-31 16:00:00+00:00,3.0,32.376,25.126,27.811415,38.42931,29.82182,33.02014,45917.996,33984.574,19.5,19.5,12.0,13.6289835,36.36,230.2973,18.65,4.124807,6131.493,6967.5396,9407162.0,8153738.0,562.4001,562.4001,849.0,4298.6895,1057.2993,212
2026-08-01 16:00:00+00:00,3.0,31.925999,25.575998,28.071836,36.281994,30.374752,33.077335,45882.605,39844.906,2.3,2.3,9.0,16.434305,40.32,220.90182,16.3,3.6941075,6159.565,7000.6167,9453045.0,8193583.0,564.7001,564.7001,858.0,4314.9893,1060.9934,213
2026-08-02 16:00:00+00:00,3.0,32.226,25.925999,28.76142,38.277363,30.196564,33.584373,45846.71,42408.453,0.90000004,0.90000004,6.0,13.971757,32.039997,234.08885,21.61,4.9531794,6188.326,7034.201,9498892.0,8235991.5,565.6001,565.6001,864.0,4336.599,1065.9465,214
2026-08-03 16:00:00+00:00,3.0,32.576,26.925999,28.765585,38.492935,31.948101,34.310413,45810.367,30719.635,3.5,3.5,6.0,12.325728,40.32,217.98683,16.73,3.876862,6217.092,7068.5117,9544702.0,8266711.0,569.1001,569.1001,870.0,4353.329,1069.8234,215
2026-08-04 16:00:00+00:00,3.0,31.425999,26.226,28.50725,36.151417,31.877037,33.796673,45773.598,24639.158,3.0,3.0,5.0,14.186923,34.2,195.23906,14.62,3.5059803,6245.599,7102.3086,9590476.0,8291350.0,572.1001,572.1001,875.0,4367.949,1073.3293,216
2026-08-05 16:00:00+00:00,3.0,32.076,25.776,28.305166,38.63209,31.286022,33.823063,45736.438,38965.926,7.1999993,7.1999993,21.0,15.124284,43.56,203.10747,19.04,4.1573524,6273.9043,7136.132,9636212.0,8330316.0,579.3001,579.3001,896.0,4386.9893,1077.4867,217
2026-08-06 16:00:00+00:00,3.0,31.376,25.675999,27.796835,36.35035,30.945744,33.274265,45698.926,20915.936,9.099999,9.099999,17.0,11.975074,37.8,196.9646,12.76,2.947345,6301.701,7169.4062,9681911.0,8351232.0,588.4001,588.4001,913.0,4399.749,1080.4341,218
2026-08-07 16:00:00+00:00,3.0,30.825998,25.825998,27.75517,36.35331,30.755669,33.11678,45661.09,29362.4,13.599999,13.599999,15.0,11.712454,37.079998,204.43945,14.79,3.3395562,6329.4565,7202.523,9727572.0,8380594.5,602.00006,602.00006,928.0,4414.539,1083.7737,219
2026-08-08 16:00:00+00:00,3.0,31.726,25.575998,27.823915,36.758987,30.971191,32.85435,45622.965,25672.125,6.0,6.0,11.0,17.085785,44.28,221.5727,14.56,3.412227,6357.2803,7235.3774,9773195.0,8406267.0,608.00006,608.00006,939.0,4429.099,1087.1859,220
2026-08-09 16:00:00+00:00,3.0,30.876,25.776,27.326002,35.552395,30.7095,32.190712,45584.58,24233.127,12.700001,12.700001,14.0,18.435726,47.16,222.07762,11.38,2.720724,6384.6064,7267.5684,9818780.0,8430500.0,620.7001,620.7001,953.0,4440.479,1089.9066,221
2026-08-10 16:00:00+00:00,3.0,29.175999,24.976,26.830168,33.96524,29.951077,31.735077,45545.684,3528.2017,2.9,2.9,19.0,11.385622,28.08,212.76427,8.86,2.1679366,6411.4365,7299.303,9864326.0,8434028.0,623.6001,623.6001,972.0,4449.339,1092.0746,222
2026-08-11 16:00:00+00:00,3.0,31.776,24.825998,27.407248,36.240337,29.731407,32.059147,45506.16,26119.406,4.3,4.3,13.0,18.391735,43.56,240.78705,14.36,3.3835125,6438.8438,7331.3623,9909832.0,8460147.0,627.9001,627.9001,985.0,4463.6987,1095.4581,223
2026-08-12 16:00:00+00:00,3.0,30.476,24.925999,27.300997,34.3392,29.584484,31.694527,45466.055,32007.717,10.1,10.1,17.0,18.762354,45.36,255.20316,13.66,3.2043622,6466.1445,7363.0566,9955298.0,8492155.0,638.00006,638.00006,1002.0,4477.359,1098.6625,224
2026-08-13 16:00:00+00:00,3.0,33.076,25.376,28.319748,38.466503,29.634583,33.13963,45425.406,37461.31,3.6999998,3.6999998,7.0,18.287504,43.92,239.67963,20.74,4.7174807,6494.4644,7396.1963,10000723.0,8529616.0,641.7001,641.7001,1009.0,4498.099,1103.38,225
2026-08-14 16:00:00+00:00,3.0,31.876,26.126,28.69059,36.388306,30.343887,32.965378,45384.246,34422.754,0.9,0.9,3.0,17.533146,44.28,240.17918,16.97,4.236538,6523.155,7429.1616,10046107.0,8564039.0,642.6001,642.6001,1012.0,4515.0693,1107.6166,226
2026-08-15 16:00:00+00:00,3.0,32.476,25.626,28.567665,36.56849,30.547493,32.947617,45342.617,39202.586,1.8,1.8,5.0,17.640919,35.64,225.40384,18.16,4.419125,6551.7227,7462.1094,10091450.0,8603242.0,644.4001,644.4001,1017.0,4533.2295,1112.0356,227
2026-08-16 16:00:00+00:00,3.0,32.576,26.175999,29.123917,38.281452,30.800018,33.789295,45300.555,41698.605,0.70000005,0.70000005,6.0,14.587776,39.239998,233.36224,20.1,4.847805,6580.8467,7495.8984,10136751.0,8644941.0,645.1001,645.1001,1023.0,4553.3296,1116.8834,228
2026-08-17 16:00:00+00:00,3.0,33.476,26.675999,29.186417,38.375797,30.800861,33.48949,45258.094,35437.152,0.9000001,0.9000001,4.0,16.201,42.12,249.7005,18.82,4.829959,6610.033,7529.3877,10182009.0,8680378.0,646.0001,646.0001,1027.0,4572.1494,1121.7134,229
2026-08-18 16:00:00+00:00,3.0,31.526,26.575998,28.071833,34.663593,30.156342,31.8421,45215.27,3953.2134,2.1,2.1,12.0,21.618742,52.92,254.24321,9.51,3.0704176,6638.105,7561.23,10227224.0,8684331.0,648.1001,648.1001,1039.0,4581.659,1124.7838,230
2026-08-19 16:00:00+00:00,3.0,29.776,25.376,26.882254,32.77107,29.784039,31.0494,45172.125,0.0,8.2,8.2,19.0,19.941854,36.36,230.9179,7.65,2.2258084,6664.9873,7592.2793,10272396.0,8684331.0,656.3001,656.3001,1058.0,4589.309,1127.0096,231
2026-08-20 16:00:00+00:00,3.0,30.126,24.976,26.842665,34.236774,29.738232,31.50702,45128.684,9243.596,10.1,10.1,22.0,15.013554,50.039997,214.14531,10.86,2.635032,6691.83,7623.786,10317525.0,8693575.0,666.4001,666.4001,1080.0,4600.169,1129.6447,232
2026-08-21 16:00:00+00:00,3.0,29.976,24.675999,26.546835,34.204933,29.281082,31.158363,45084.99,23486.07,15.799999,15.799999,24.0,17.504478,52.92,211.633,13.92,2.9988704,6718.377,7654.9443,10362610.0,8717061.0,682.2001,682.2001,1104.0,4614.089,1132.6436,233
2026-08-22 16:00:00+00:00,3.0,31.226,24.675999,27.267664,36.666325,29.358253,32.032402,45041.066,30004.223,8.1,8.1,21.0,16.956345,54.36,227.26927,16.34,3.64334,6745.6445,7686.9766,10407651.0,8747065.0,690.30005,690.30005,1125.0,4630.4287,1136.2869,234
2026-08-23 16:00:00+00:00,3.0,32.676003,24.925999,28.292664,36.109745,29.224491,32.112007,44996.953,28959.451,2.9,2.9,9.0,21.60075,46.079998,252.80453,18.21,4.599683,6773.937,7719.0884,10452648.0,8776024.0,693.2001,693.2001,1134.0,4648.6387,1140.8866,235
2026-08-24 16:00:00+00:00,3.0,32.126,26.026,28.678085,36.017715,29.177685,31.957,44952.688,41660.176,0.3,0.3,3.0,21.647945,54.36,256.4913,18.85,4.9713345,6802.615,7751.0454,10497601.0,8817684.0,693.50006,693.50006,1137.0,4667.489,1145.8579,236
2026-08-25 16:00:00+00:00,3.0,32.126,26.476,28.490583,35.536697,30.008793,31.860786,44908.293,37079.617,0.3,0.3,2.0,22.137074,52.199997,244.65248,15.81,4.3493814,6831.106,7782.9062,10542509.0,8854764.0,693.80005,693.80005,1139.0,4683.299,1150.2073,237
2026-08-26 16:00:00+00:00,3.0,34.9,26.15,29.49375,38.882614,30.051811,33.376408,44864.336,35751.438,4.1,1.3000002,10.0,22.046875,50.399998,223.92001,20.01,5.224227,6860.5996,7816.2827,10587373.0,8890515.0,697.9,695.10004,1149.0,4703.3086,1155.4315,238
2026-08-27 16:00:00+00:00,3.0,32.85,25.1,28.127085,37.504765,29.497883,32.61602,44819.766,22150.72,17.0,4.5999994,15.0,15.189484,40.32,201.25279,14.87,3.630877,6888.7266,7848.899,10632193.0,8912666.0,714.9,699.7,1164.0,4718.1787,1159.0624,239
2026-08-28 16:00:00+00:00,3.0,33.0,25.85,27.575003,37.95595,31.355438,33.076656,44775.156,22527.107,13.000001,7.7000003,19.0,22.840149,44.639996,198.32549,13.77,2.9440846,6916.302,7881.9756,10676968.0,8935193.0,727.9,707.4,1183.0,4731.9487,1162.0065,240
2026-08-29 16:00:00+00:00,3.0,33.6,25.5,27.672918,37.459297,30.50681,32.89011,44730.55,22943.768,18.1,8.6,17.0,16.135872,41.760002,184.40396,13.96,3.2378857,6943.9746,7914.8657,10721699.0,8958137.0,746.0,716.0,1200.0,4745.9087,1165.2444,241
2026-08-30 16:00:00+00:00,3.0,31.0,25.7,27.237497,34.821243,31.282063,32.595814,44685.67,12035.35,9.5,6.799999,19.0,16.645864,36.0,221.74268,10.21,2.3660984,6971.212,7947.4614,10766385.0,8970172.0,755.5,722.8,1219.0,4756.1187,1167.6105,242
2026-08-31 16:00:00+00:00,3.0,32.9,25.15,28.027084,37.51047,30.036247,33.185764,44640.4,40005.555,3.7,2.6,11.0,15.717823,35.64,228.14647,21.1,4.5465317,6999.239,7980.647,10811025.0,9010178.0,759.2,725.39996,1230.0,4777.2188,1172.157,243
2026-09-01 16:00:00+00:00,3.0,33.85,25.7,28.693748,39.674282,29.451618,33.464874,44594.77,40454.02,5.7000003,2.5000002,8.0,20.110117,39.239998,237.8671,21.89,5.0327816,7027.9326,8014.112,10855620.0,9050632.0,764.9,727.89996,1238.0,4799.109,1177.1898,244
2026-09-02 16:00:00+00:00,3.0,33.6,25.55,29.075003,39.702778,29.203323,33.358845,44548.824,40943.195,1.1,0.9,3.0,15.531193,38.16,242.45445,20.46,4.990125,7057.008,8047.4707,10900169.0,9091575.0,766.0,728.8,1241.0,4819.569,1182.1799,245
2026-09-03 16:00:00+00:00,3.0,34.25,26.25,29.23542,39.21426,29.71978,33.62453,44502.582,40551.543,3.1,2.4,7.0,17.548845,42.48,240.42131,20.29,5.027774,7086.243,8081.095,10944672.0,9132127.0,769.1,731.2,1248.0,4839.859,1187.2078,246
2026-09-04 16:00:00+00:00,3.0,34.3,26.05,28.220833,40.62183,30.004162,33.207222,44456.086,28971.709,23.399996,6.0,9.0,17.490591,42.12,218.81929,18.27,4.1712427,7114.464,8114.3022,10989128.0,9161099.0,792.5,737.2,1257.0,4858.129,1191.379,247
2026-09-05 16:00:00+00:00,3.0,31.15,25.6,27.635412,35.578815,30.640133,32.675285,44409.367,23800.15,4.2,3.0000002,9.0,16.676977,40.68,218.59473,15.02,3.3455558,7142.099,8146.9775,11033537.0,9184899.0,796.7,740.2,1266.0,4873.149,1194.7246,248
2026-09-06 16:00:00+00:00,3.0,31.85,24.85,27.472918,36.054825,29.796623,32.28588,44362.457,34802.742,16.500002,6.5999985,18.0,19.296133,46.079998,224.97215,15.0,3.3634422,7169.5723,8179.263,11077899.0,9219702.0,813.2,746.8,1284.0,4888.149,1198.088,249
2026-09-07 16:00:00+00:00,3.0,32.9,25.8,28.116669,37.702835,29.99559,33.069374,44315.38,24600.719,22.199999,10.2,15.0,13.979871,36.36,229.37517,16.35,3.7918408,7197.689,8212.333,11122214.0,9244303.0,835.4,757.0,1299.0,4904.499,1201.8799,250
2026-09-08 16:00:00+00:00,3.0,29.75,25.0,26.875002,35.847694,30.251846,32.419247,44268.176,28334.834,18.599998,6.0,18.0,11.161451,30.599998,234.02977,15.92,3.2657046,7224.564,8244.752,11166482.0,9272638.0,854.0,763.0,1317.0,4920.419,1205.1456,251
2026-09-09 16:00:00+00:00,3.0,30.6,24.05,26.516668,37.006313,29.31232,32.268845,44220.87,42596.473,13.2,5.4,21.0,8.688613,24.84,18.107615,18.98,3.8227093,7251.0806,8277.0205,11210703.0,9315234.0,867.2,768.4,1338.0,4939.399,1208.9684,252
2026-09-10 16:00:00+00:00,3.0,31.7,24.25,27.400002,37.783665,30.350296,33.28452,44173.5,42731.22,1.2000002,1.2000002,12.0,10.97262,28.08,64.89676,22.98,4.6792917,7278.4805,8310.305,11254876.0,9357965.0,868.4,769.60004,1350.0,4962.379,1213.6477,253
2026-09-11 16:00:00+00:00,3.0,31.85,23.65,26.593752,38.79971,28.828556,31.990519,44126.082,42592.4,3.6,2.4000003,9.0,10.897063,40.32,148.26485,22.73,4.632429,7305.074,8342.295,11299002.0,9400557.0,872.0,772.00006,1359.0,4985.109,1218.2802,254
2026-09-12 16:00:00+00:00,3.0,29.95,23.45,25.902082,36.105995,28.381645,31.159317,44078.66,42590.33,5.700001,3.0000005,18.0,8.748075,26.64,107.32501,20.35,4.0171638,7330.976,8373.454,11343081.0,9443147.0,877.7,775.00006,1377.0,5005.459,1222.2974,255
2026-09-13 16:00:00+00:00,3.0,29.95,23.95,26.09375,35.673748,29.506046,31.787607,44031.26,38313.21,6.299999,2.7,24.0,3.438895,23.039999,71.02952,14.24,2.9265664,7357.07,8405.242,11387112.0,9481460.0,884.0,777.7001,1401.0,5019.699,1225.2239,256
2026-09-14 16:00:00+00:00,3.0,29.65,24.1,26.043749,35.931515,29.54906,31.802202,43983.91,31398.02,10.200001,3.9000008,18.0,7.327127,22.68,165.79738,14.14,2.913392,7383.114,8437.044,11431096.0,9512858.0,894.2,781.6001,1419.0,5033.8394,1228.1373,257
2026-09-15 16:00:00+00:00,3.0,29.263,24.1565,26.257896,35.82689,29.010256,31.615005,43936.637,36330.965,20.999998,3.0000002,24.0,6.9247384,18.72,117.11312,16.26,3.323477,7409.3716,8468.659,11475033.0,9549189.0,915.2,784.6001,1443.0,5050.099,1231.4608,258
2026-09-16 16:00:00+00:00,3.0,,,,,,,43889.473,,,,12.0,,,,,,,,11518922.0,,,,1455.0,,,259
