date,elevation,temperature_2m_max,temperature_2m_min,temperature_2m_mean,apparent_temperature_max,apparent_temperature_min,apparent_temperature_mean,daylight_duration,sunshine_duration,precipitation_sum,rain_sum,precipitation_hours,wind_speed_10m_max,wind_gusts_10m_max,wind_direction_10m_dominant,shortwave_radiation_sum,et0_fao_evapotranspiration,cumulative_temperature_2m_mean,cumulative_apparent_temperature_mean,cumulative_daylight_duration,cumulative_sunshine_duration,cumulative_precipitation_sum,cumulative_rain_sum,cumulative_precipitation_hours,cumulative_shortwave_radiation_sum,cumulative_et0_fao_evapotranspiration,day
2026-01-01 16:00:00+00:00,762.0,27.0215,15.321501,20.442331,27.102518,16.337582,20.962147,40508.125,39600.0,0.0,0.0,0.0,10.449306,33.12,94.979,19.29,4.0022635,20.442331,20.962147,40508.125,39600.0,0.0,0.0,0.0,19.29,4.0022635,1
2026-01-02 16:00:00+00:00,762.0,26.2215,13.9715,19.875666,26.248287,13.7417965,19.658596,40521.855,39600.0,0.0,0.0,0.0,10.948973,35.64,96.110466,19.87,4.0075045,40.317997,40.620743,81029.984,79200.0,0.0,0.0,0.0,39.160004,8.009768,2
2026-01-03 16:00:00+00:00,762.0,26.3215,13.3715,19.56525,26.32786,13.546825,19.606956,40536.86,39600.0,0.0,0.0,0.0,9.885262,30.960001,97.286224,19.66,3.892103,59.883247,60.2277,121566.84,118800.0,0.0,0.0,0.0,58.820004,11.901871,3
2026-01-04 16:00:00+00:00,762.0,26.4715,13.1215,19.284,26.63508,13.441517,19.751883,40553.11,39157.15,0.0,0.0,0.0,6.7469993,26.28,88.88271,19.35,3.6875715,79.16725,79.97958,162119.95,157957.16,0.0,0.0,0.0,78.170006,15.589442,4
2026-01-05 16:00:00+00:00,762.0,26.4715,13.4215,19.344416,26.386496,13.777021,19.467892,40570.562,38946.836,0.0,0.0,0.0,12.534257,40.68,93.50073,19.25,3.8927705,98.511665,99.44748,202690.52,196904.0,0.0,0.0,0.0,97.420006,19.482212,5
2026-01-06 16:00:00+00:00,762.0,25.4715,14.821501,19.436083,24.858017,14.4401,18.853117,40589.184,39600.0,0.0,0.0,0.0,13.491597,41.760002,92.60976,20.01,4.067416,117.94775,118.3006,243279.7,236504.0,0.0,0.0,0.0,117.43001,23.54963,6
2026-01-07 16:00:00+00:00,762.0,25.1715,13.3215,18.631918,23.78978,12.384232,17.421701,40608.938,39600.0,0.0,0.0,0.0,14.84318,43.199997,98.20937,20.3,4.2072864,136.57967,135.7223,283888.62,276104.0,0.0,0.0,0.0,137.73001,27.756916,7
2026-01-08 16:00:00+00:00,762.0,25.2215,12.3215,18.206917,24.766197,11.343368,17.284176,40629.777,39600.0,0.0,0.0,0.0,9.215226,28.08,104.3532,20.44,4.019433,154.78659,153.00648,324518.4,315704.0,0.0,0.0,0.0,158.17001,31.776348,8
2026-01-09 16:00:00+00:00,762.0,25.2215,11.6715,17.984,25.326302,11.211624,17.85467,40651.668,39600.0,0.0,0.0,0.0,7.2044983,21.599998,103.42585,20.52,3.7093027,172.77058,170.86116,365170.06,355304.0,0.0,0.0,0.0,178.69002,35.48565,9
2026-01-10 16:00:00+00:00,762.0,24.2215,11.9215,17.586084,23.393541,11.615897,16.9726,40674.58,39600.0,0.0,0.0,0.0,12.043869,35.64,100.8646,20.54,3.929885,190.35667,187.83376,405844.62,394904.0,0.0,0.0,0.0,199.23001,39.415535,10
2026-01-11 16:00:00+00:00,762.0,24.8215,11.0215,17.15275,25.09568,10.462603,17.133692,40698.465,39393.992,0.0,0.0,0.0,5.6060677,21.24,84.87801,20.32,3.577483,207.50943,204.96745,446543.1,434298.0,0.0,0.0,0.0,219.55002,42.99302,11
2026-01-12 16:00:00+00:00,762.0,25.7715,12.3215,18.196503,26.441086,12.294968,18.764675,40723.285,38629.508,0.0,0.0,0.0,4.1046314,16.56,91.814095,20.21,3.6121905,225.70593,223.73213,487266.38,472927.5,0.0,0.0,0.0,239.76001,46.60521,12
2026-01-13 16:00:00+00:00,762.0,25.7715,12.7715,18.679832,26.907639,13.014973,19.350992,40749.01,39586.945,0.0,0.0,0.0,6.8423676,18.359999,175.23659,19.41,3.6497664,244.38577,243.08313,528015.4,512514.44,0.0,0.0,0.0,259.17,50.254974,13
2026-01-14 16:00:00+00:00,762.0,27.2715,13.6215,19.473583,28.279171,14.12042,20.344957,40775.598,39145.5,0.0,0.0,0.0,6.1226463,20.16,107.03023,18.55,3.5943964,263.85934,263.4281,568791.0,551659.94,0.0,0.0,0.0,277.72,53.84937,14
2026-01-15 16:00:00+00:00,762.0,26.5215,14.7215,19.871498,28.2243,15.785231,21.014639,40803.01,37326.707,0.0,0.0,0.0,8.11798,21.599998,322.78348,18.33,3.563183,283.73083,284.44275,609594.0,588986.6,0.0,0.0,0.0,296.05,57.41255,15
2026-01-16 16:00:00+00:00,762.0,26.9715,14.2215,19.750666,28.484005,15.104944,20.798183,40831.22,38102.04,0.0,0.0,0.0,6.924738,17.28,340.81277,19.82,3.7730117,303.4815,305.24094,650425.25,627088.7,0.0,0.0,0.0,315.87,61.185562,16
2026-01-17 16:00:00+00:00,762.0,27.5715,13.9715,20.175667,29.187035,14.728962,21.234434,40860.176,39558.58,0.0,0.0,0.0,6.603817,17.28,1.6663387,20.03,3.8111384,323.65717,326.47537,691285.44,666647.25,0.0,0.0,0.0,335.9,64.996704,17
2026-01-18 16:00:00+00:00,762.0,27.7215,14.671499,20.731916,29.094105,15.530592,21.737207,40889.848,39554.543,0.0,0.0,0.0,6.379216,17.28,355.0049,19.3,3.7471995,344.38907,348.2126,732175.3,706201.8,0.0,0.0,0.0,355.19998,68.743904,18
2026-01-19 16:00:00+00:00,762.0,28.2215,14.7715,21.263166,29.855782,15.614225,22.078268,40920.195,39551.812,0.0,0.0,0.0,6.3231,15.119999,23.424643,18.4,3.612318,365.65222,370.29086,773095.5,745753.6,0.0,0.0,0.0,373.59998,72.356224,19
2026-01-20 16:00:00+00:00,762.0,28.8215,14.7715,21.979834,29.668587,15.653994,22.873625,40951.188,39550.43,0.0,0.0,0.0,6.3231,22.68,99.386696,18.45,3.798543,387.63205,393.1645,814046.7,785304.06,0.0,0.0,0.0,392.05,76.15477,20
2026-01-21 16:00:00+00:00,762.0,27.1215,16.6715,21.879835,27.036911,18.136673,22.63862,40982.8,38095.32,0.0,0.0,0.0,9.5196,29.16,100.61476,16.12,3.522409,409.51187,415.8031,855029.5,823399.4,0.0,0.0,0.0,408.16998,79.67718,21
2026-01-22 16:00:00+00:00,762.0,27.1215,16.4715,21.359,26.95498,16.09283,20.966293,41015.316,39551.797,0.0,0.0,0.0,11.832176,34.56,93.23494,21.0,4.4331403,430.87088,436.7694,896044.8,862951.2,0.0,0.0,0.0,429.16998,84.11032,22
2026-01-23 16:00:00+00:00,762.0,26.3715,13.3715,19.894415,26.283857,13.63002,19.900246,41048.867,39554.402,0.0,0.0,0.0,10.075177,29.88,97.10376,20.68,4.0652823,450.7653,456.66965,937093.7,902505.56,0.0,0.0,0.0,449.84998,88.175606,23
2026-01-24 16:00:00+00:00,762.0,26.6215,12.7215,19.448584,27.399689,12.849386,19.85215,41083.39,39558.234,0.0,0.0,0.0,7.289444,24.119999,77.62494,20.91,3.8744268,470.21387,476.5218,978177.06,942063.8,0.0,0.0,0.0,470.75998,92.05003,24
2026-01-25 16:00:00+00:00,762.0,27.1215,12.8215,19.571499,27.251667,13.039194,20.154135,41118.848,39563.258,0.0,0.0,0.0,7.3094187,20.519999,83.34272,21.41,4.0060663,489.78537,496.67593,1019295.94,981627.06,0.0,0.0,0.0,492.16998,96.0561,25
2026-01-26 16:00:00+00:00,762.0,27.6215,13.4715,20.25275,28.116226,13.825718,20.934105,41155.168,39569.465,0.0,0.0,0.0,8.604301,27.359999,84.07446,21.14,4.0799274,510.03812,517.61005,1060451.1,1021196.5,0.0,0.0,0.0,513.31,100.136024,26
2026-01-27 16:00:00+00:00,762.0,27.5215,13.6215,20.377752,27.843891,14.0739765,20.92712,41192.316,39576.812,0.0,0.0,0.0,8.825508,30.960001,93.05281,21.15,4.1730037,530.4159,538.5372,1101643.5,1060773.2,0.0,0.0,0.0,534.46,104.30903,27
2026-01-28 16:00:00+00:00,762.0,27.5715,13.4215,20.252748,28.940933,13.644854,20.80681,41230.23,38269.758,0.0,0.0,0.0,6.0908127,21.599998,50.710648,21.16,4.0147886,550.66864,559.344,1142873.8,1099043.0,0.0,0.0,0.0,555.62,108.323814,28
2026-01-29 16:00:00+00:00,762.0,28.4715,14.2715,20.963167,30.189274,14.945999,21.876366,41268.867,39594.844,0.0,0.0,0.0,5.7628117,17.64,36.911438,21.09,4.033855,571.63184,581.22034,1184142.6,1138637.9,0.0,0.0,0.0,576.71,112.357666,29
2026-01-30 16:00:00+00:00,762.0,29.0715,14.8715,21.502748,29.909035,15.746634,22.555,41308.17,39600.0,0.0,0.0,0.0,6.8423676,22.68,95.507835,19.39,3.9548373,593.1346,603.7753,1225450.8,1178237.9,0.0,0.0,0.0,596.10004,116.3125,30
2026-01-31 16:00:00+00:00,762.0,28.8215,16.6215,22.6215,29.604546,18.2957,23.702673,41348.094,39517.13,0.0,0.0,0.0,7.2,26.28,90.72388,19.05,4.051863,615.7561,627.478,1266798.9,1217755.0,0.0,0.0,0.0,615.15,120.364365,31
2026-02-01 16:00:00+00:00,762.0,28.4715,15.7715,21.973585,28.547207,16.491442,22.047709,41388.586,39600.0,0.0,0.0,0.0,11.659777,35.64,93.9407,21.85,4.691664,637.7297,649.52576,1308187.5,1257355.0,0.0,0.0,0.0,637.0,125.05603,32
2026-02-02 16:00:00+00:00,762.0,27.7215,14.8715,21.111082,27.768867,14.683979,20.860165,41429.605,39600.0,0.0,0.0,0.0,11.276968,36.0,92.96768,21.72,4.5583787,658.84076,670.3859,1349617.1,1296955.0,0.0,0.0,0.0,658.72,129.61441,33
2026-02-03 16:00:00+00:00,762.0,28.1215,15.171499,21.41733,29.503319,15.886673,22.15667,41471.094,39600.0,0.0,0.0,0.0,5.796447,20.519999,80.412224,19.59,3.9252656,680.2581,692.5426,1391088.2,1336555.0,0.0,0.0,0.0,678.31,133.53967,34
2026-02-04 16:00:00+00:00,762.0,28.6215,15.7215,21.769417,30.122334,16.992231,22.87754,41513.008,39637.926,0.0,0.0,0.0,9.418661,25.199999,331.29413,21.06,4.279995,702.0275,715.42017,1432601.2,1376192.9,0.0,0.0,0.0,699.37,137.81967,35
2026-02-05 16:00:00+00:00,762.0,28.1215,15.2215,21.283998,29.493298,16.245226,22.376326,41555.31,39623.68,0.0,0.0,0.0,8.649369,25.919998,317.1401,21.86,4.3818502,723.3115,737.7965,1474156.5,1415816.5,0.0,0.0,0.0,721.23,142.20152,36
2026-02-06 16:00:00+00:00,762.0,28.7215,15.6215,21.231916,30.500683,17.065643,22.79968,41597.94,39609.73,0.0,0.0,0.0,7.2359104,17.28,298.40692,22.27,4.3503485,744.54346,760.5962,1515754.5,1455426.2,0.0,0.0,0.0,743.5,146.55186,37
2026-02-07 16:00:00+00:00,762.0,29.9215,15.7715,21.875666,31.867191,17.310844,23.698786,41640.867,37231.96,0.0,0.0,0.0,7.256032,25.199999,166.75941,20.53,4.1790223,766.4191,784.295,1557395.4,1492658.2,0.0,0.0,0.0,764.03,150.73088,38
2026-02-08 16:00:00+00:00,762.0,27.8215,18.3715,21.86525,29.948261,20.495983,24.191988,41684.043,39600.0,1.5,1.5,7.0,9.059205,43.56,119.2961,17.82,3.5468037,788.28436,808.487,1599079.4,1532258.2,1.5,1.5,7.0,781.85004,154.27768,39
2026-02-09 16:00:00+00:00,762.0,29.3715,17.6215,22.469416,30.372742,19.7507,24.511171,41727.418,39600.0,0.0,0.0,0.0,5.8603754,19.44,94.4198,18.95,3.8119318,810.7538,832.99817,1640806.8,1571858.2,1.5,1.5,7.0,800.80005,158.08961,40
2026-02-10 16:00:00+00:00,762.0,30.721498,17.4715,23.556913,32.02726,19.505432,25.38175,41770.965,38701.617,0.0,0.0,0.0,5.9617786,20.519999,62.462532,21.21,4.341807,834.31067,858.37994,1682577.8,1610559.9,1.5,1.5,7.0,822.0101,162.43143,41
2026-02-11 16:00:00+00:00,762.0,30.5715,17.4715,23.700666,32.683228,19.539894,25.393682,41815.016,39790.664,0.0,0.0,0.0,8.225035,20.880001,355.70355,21.29,4.4369364,858.01135,883.7736,1724392.8,1650350.5,1.5,1.5,7.0,843.30005,166.86836,42
2026-02-12 16:00:00+00:00,762.0,30.0715,17.2715,23.188166,32.332787,19.287708,24.859169,41859.734,39778.34,0.0,0.0,0.0,8.350138,20.16,300.46548,21.32,4.3997755,881.1995,908.6328,1766252.5,1690128.9,1.5,1.5,7.0,864.62006,171.26814,43
2026-02-13 16:00:00+00:00,762.0,31.221498,16.6715,23.338167,32.91818,18.316076,24.756071,41905.074,39766.363,0.0,0.0,0.0,6.9899354,19.44,346.01538,21.22,4.3858843,904.5377,933.38885,1808157.6,1729895.2,1.5,1.5,7.0,885.84,175.65402,44
2026-02-14 16:00:00+00:00,762.0,31.3715,17.3215,23.829832,33.43388,19.317242,25.460672,41950.98,39600.0,0.0,0.0,0.0,8.528657,22.319998,352.3759,21.38,4.478976,928.36755,958.84955,1850108.6,1769495.2,1.5,1.5,7.0,907.22003,180.133,45
2026-02-15 16:00:00+00:00,762.0,31.521502,17.9215,24.26525,33.589985,19.193428,25.459229,41997.414,39600.0,0.0,0.0,0.0,5.637765,19.08,6.358583,20.54,4.256048,952.6328,984.3088,1892106.0,1809095.2,1.5,1.5,7.0,927.76,184.38904,46
2026-02-16 16:00:00+00:00,762.0,30.3215,19.9715,23.548582,32.1089,20.57521,25.275185,42044.332,37533.758,5.7,5.7,4.0,10.373061,27.0,59.294132,16.2,3.5908153,976.1814,1009.584,1934150.4,1846629.0,7.2,7.2,11.0,943.96,187.97986,47
2026-02-17 16:00:00+00:00,762.0,28.4215,19.8215,22.811087,30.645641,23.038216,26.119165,42091.676,37396.926,2.0,2.0,3.0,11.213581,39.6,87.9465,17.79,3.5155299,998.9925,1035.7031,1976242.0,1884025.9,9.2,9.2,14.0,961.75,191.49539,48
2026-02-18 16:00:00+00:00,762.0,29.8215,19.0215,23.742332,30.872845,21.659395,25.907257,42139.414,39711.06,0.2,0.2,1.0,12.241323,37.44,97.77566,21.17,4.472678,1022.7348,1061.6104,2018381.4,1923736.9,9.4,9.4,15.0,982.92,195.96806,49
2026-02-19 16:00:00+00:00,762.0,30.4215,18.0715,23.956917,31.984123,20.06802,26.02697,42187.496,39700.87,0.0,0.0,0.0,9.9571085,30.599998,95.496315,21.83,4.513957,1046.6918,1087.6373,2060568.9,1963437.8,9.4,9.4,15.0,1004.75,200.48203,50
2026-02-20 16:00:00+00:00,762.0,29.3215,18.5215,23.459,32.42899,21.106543,25.978006,42235.88,39690.97,0.2,0.2,1.0,10.03167,30.599998,292.47943,21.24,4.3230615,1070.1508,1113.6154,2102804.8,2003128.8,9.599999,9.599999,16.0,1025.99,204.80508,51
2026-02-21 16:00:00+00:00,762.0,29.2715,18.4215,22.763166,32.11199,20.74899,25.260857,42284.52,39681.32,0.90000004,0.90000004,2.0,12.093535,33.839996,286.12268,21.09,4.2675114,1092.914,1138.8762,2145089.2,2042810.1,10.499999,10.499999,18.0,1047.08,209.0726,52
2026-02-22 16:00:00+00:00,762.0,29.4215,18.1715,22.734,32.480904,20.758131,25.213829,42333.38,36669.062,0.0,0.0,0.0,7.731622,23.039999,281.18353,21.23,4.3216395,1115.648,1164.0901,2187422.8,2079479.2,10.499999,10.499999,18.0,1068.3099,213.39424,53
2026-02-23 16:00:00+00:00,762.0,29.3215,17.8215,22.413168,31.830395,20.18212,24.939896,42382.406,37859.527,1.0,1.0,3.0,9.614426,23.759998,232.68834,18.27,3.711405,1138.0612,1189.03,2229805.2,2117338.8,11.499999,11.499999,21.0,1086.58,217.10565,54
2026-02-24 16:00:00+00:00,762.0,29.7215,18.1715,22.99025,32.259857,20.73227,25.326279,42431.574,39895.293,0.2,0.2,1.0,9.904906,26.64,245.3361,21.96,4.4990387,1161.0514,1214.3563,2272236.8,2157234.0,11.699999,11.699999,22.0,1108.5399,221.60469,55
2026-02-25 16:00:00+00:00,762.0,28.6715,17.9715,22.60275,31.455215,20.364223,24.634253,42480.832,38001.17,0.1,0.1,1.0,9.904906,28.44,272.83575,18.87,3.887781,1183.6542,1238.9906,2314717.5,2195235.2,11.799999,11.799999,23.0,1127.4099,225.49248,56
2026-02-26 16:00:00+00:00,762.0,25.9715,19.0715,21.484001,28.283722,21.607067,24.168678,42530.137,36335.785,2.7000003,2.7000003,16.0,9.459852,30.599998,257.9454,15.49,2.9558134,1205.1382,1263.1593,2357247.8,2231571.0,14.5,14.5,39.0,1142.8999,228.44829,57
2026-02-27 16:00:00+00:00,762.0,27.1715,18.8715,22.269419,29.86758,21.892193,24.802263,42579.453,40109.785,0.70000005,0.70000005,7.0,10.98,32.039997,245.46445,20.74,4.085792,1227.4076,1287.9615,2399827.2,2271680.8,15.2,15.2,46.0,1163.6399,232.53407,58
2026-02-28 16:00:00+00:00,762.0,28.4715,17.4715,22.046501,30.333122,19.896011,24.018286,42628.746,38049.69,0.0,0.0,0.0,10.096059,29.519999,287.48505,22.56,4.5606203,1249.4541,1311.9799,2442456.0,2309730.5,15.2,15.2,46.0,1186.2,237.0947,59
2026-03-01 16:00:00+00:00,762.0,29.3215,16.0715,22.092333,31.312569,17.747461,23.70278,42677.965,40333.152,0.0,0.0,0.0,10.495713,30.239998,294.7668,24.44,4.926533,1271.5464,1335.6826,2485134.0,2350063.8,15.2,15.2,46.0,1210.6399,242.02122,60
2026-03-02 16:00:00+00:00,762.0,29.2715,16.8215,21.848585,30.530071,18.588438,23.250097,42727.082,39187.61,0.0,0.0,0.0,10.086427,28.44,284.1769,24.44,4.956901,1293.395,1358.9327,2527861.0,2389251.2,15.2,15.2,46.0,1235.0798,246.97812,61
2026-03-03 16:00:00+00:00,762.0,29.6715,15.571501,21.681917,31.766308,16.83271,23.339342,42776.426,40317.04,0.0,0.0,0.0,10.717182,29.519999,283.12222,24.6,4.929693,1315.0769,1382.2721,2570637.5,2429568.2,15.2,15.2,46.0,1259.6798,251.9078,62
2026-03-04 16:00:00+00:00,762.0,28.7715,18.3215,22.440252,31.828552,21.128813,24.611595,42826.15,40070.023,0.0,0.0,0.0,11.588701,30.960001,249.70406,22.89,4.6646175,1337.5172,1406.8837,2613463.8,2469638.2,15.2,15.2,46.0,1282.5698,256.57242,63
2026-03-05 16:00:00+00:00,762.0,28.7215,16.7715,22.144417,30.0494,18.73867,23.915773,42876.215,40302.332,0.1,0.1,1.0,9.080639,28.08,134.41902,21.0,4.242709,1359.6616,1430.7994,2656340.0,2509940.5,15.3,15.3,47.0,1303.5698,260.81512,64
2026-03-06 16:00:00+00:00,762.0,28.4715,17.7215,22.817335,31.029053,19.575657,24.810263,42926.59,40056.36,0.1,0.1,1.0,5.8852015,22.319998,98.9971,20.27,4.0766363,1382.479,1455.6097,2699266.5,2549996.8,15.400001,15.400001,48.0,1323.8398,264.89175,65
2026-03-07 16:00:00+00:00,762.0,29.3715,18.7715,23.6965,31.785076,21.164036,25.726807,42977.23,39600.0,0.0,0.0,0.0,5.1544156,17.64,9.130082,20.48,4.1027794,1406.1755,1481.3365,2742243.8,2589596.8,15.400001,15.400001,48.0,1344.3198,268.99454,66
2026-03-08 16:00:00+00:00,762.0,30.4215,18.6715,24.375666,30.671562,20.842125,25.731087,43028.113,40282.684,0.0,0.0,0.0,11.792404,32.399998,84.2711,21.81,4.845012,1430.5511,1507.0676,2785271.8,2629879.5,15.400001,15.400001,48.0,1366.1299,273.83954,67
2026-03-09 16:00:00+00:00,762.0,30.0715,18.4715,24.175665,30.790222,19.831503,25.078611,43079.18,40515.348,0.0,0.0,0.0,11.276968,39.239998,89.93319,23.34,5.155428,1454.7268,1532.1462,2828351.0,2670394.8,15.400001,15.400001,48.0,1389.4698,278.99496,68
2026-03-10 16:00:00+00:00,762.0,30.8215,18.1715,23.519417,33.88706,19.650785,25.383371,43130.418,39600.0,2.4,2.4,6.0,5.5916004,23.759998,64.57899,22.87,4.5780835,1478.2462,1557.5297,2871481.5,2709994.8,17.800001,17.800001,54.0,1412.3398,283.57306,69
2026-03-11 16:00:00+00:00,762.0,29.0215,17.7715,22.504831,31.977985,19.389385,24.599928,43181.777,39600.0,1.2,1.2,5.0,6.924738,22.319998,82.40543,22.08,4.374588,1500.7511,1582.1296,2914663.2,2749594.8,19.000002,19.000002,59.0,1434.4198,287.94763,70
2026-03-12 16:00:00+00:00,762.0,28.5715,18.5715,21.898582,30.681107,20.444122,24.1075,43233.227,39929.188,3.5,3.5,5.0,10.717182,35.64,90.2616,20.33,4.008241,1522.6497,1606.2372,2957896.5,2789524.0,22.500002,22.500002,64.0,1454.7498,291.95587,71
2026-03-13 16:00:00+00:00,762.0,28.6215,17.3715,21.869417,30.791409,19.078876,23.774374,43284.73,40255.203,0.2,0.2,2.0,10.706595,35.28,77.7353,22.47,4.442007,1544.519,1630.0116,3001181.2,2829779.2,22.700003,22.700003,66.0,1477.2197,296.3979,72
2026-03-14 16:00:00+00:00,762.0,28.7715,17.8215,22.74858,30.983047,19.87188,24.814224,43336.246,39774.156,0.0,0.0,0.0,8.528657,29.88,80.974815,21.92,4.3367114,1567.2676,1654.8258,3044517.5,2869553.5,22.700003,22.700003,66.0,1499.1398,300.7346,73
2026-03-15 16:00:00+00:00,762.0,28.0215,18.1715,21.833998,31.367844,20.491703,24.443975,43387.75,38895.652,3.4,3.4,6.0,6.1858225,26.64,75.15448,18.06,3.5091975,1589.1016,1679.2698,3087905.2,2908449.2,26.100002,26.100002,72.0,1517.1998,304.24377,74
2026-03-16 16:00:00+00:00,762.0,28.2215,18.3715,22.234001,31.673672,20.97065,25.122179,43439.2,40478.98,3.0,3.0,3.0,7.040739,24.119999,70.906395,20.08,3.8953748,1611.3356,1704.392,3131344.5,2948928.2,29.100002,29.100002,75.0,1537.2798,308.13916,75
2026-03-17 16:00:00+00:00,762.0,28.8715,18.5715,22.431917,32.011612,21.269611,25.3712,43490.562,38604.32,2.1,2.1,3.0,6.28713,20.519999,272.1211,21.2,4.175847,1633.7675,1729.7632,3174835.0,2987532.5,31.200003,31.200003,78.0,1558.4797,312.315,76
2026-03-18 16:00:00+00:00,762.0,29.9215,18.2215,23.02775,33.208687,20.795132,25.684156,43541.797,40470.09,0.3,0.3,2.0,8.431228,24.84,296.12256,23.99,4.823299,1656.7952,1755.4474,3218376.8,3028002.5,31.500002,31.500002,80.0,1582.4697,317.1383,77
2026-03-19 16:00:00+00:00,762.0,30.0215,17.9215,23.190248,32.98409,20.452036,25.522247,43592.88,40703.625,0.4,0.4,2.0,12.992458,33.839996,257.67755,24.0,4.9397316,1679.9855,1780.9696,3261969.8,3068706.0,31.900002,31.900002,82.0,1606.4697,322.07803,78
2026-03-20 16:00:00+00:00,762.0,30.8215,17.6215,23.261084,33.86672,19.904888,25.539919,43643.758,39547.516,0.1,0.1,1.0,9.195868,24.84,244.65392,23.44,4.864675,1703.2466,1806.5095,3305613.5,3108253.5,32.0,32.0,83.0,1629.9097,326.94272,79
2026-03-21 16:00:00+00:00,762.0,28.8215,18.4215,23.261086,31.274391,21.134235,25.885735,43694.41,40695.19,0.5,0.5,3.0,7.579261,24.48,295.3342,21.08,4.276466,1726.5077,1832.3953,3349308.0,3148948.8,32.5,32.5,86.0,1650.9896,331.21918,80
2026-03-22 16:00:00+00:00,762.0,30.0715,18.6215,23.617332,33.327534,21.434034,25.962006,43744.793,40928.93,0.0,0.0,0.0,10.062305,29.519999,309.6869,24.74,5.1434097,1750.125,1858.3573,3393052.8,3189877.8,32.5,32.5,86.0,1675.7296,336.36258,81
2026-03-23 16:00:00+00:00,762.0,31.8715,16.7215,23.648582,34.090866,17.949654,24.98924,43795.223,41278.688,0.0,0.0,0.0,11.793777,33.12,315.3567,25.87,5.5374427,1773.7736,1883.3466,3436848.0,3231156.5,32.5,32.5,86.0,1701.5996,341.90002,82
2026-03-24 16:00:00+00:00,762.0,32.3715,17.0215,23.969414,35.05587,18.64037,25.682684,43845.836,41254.04,0.0,0.0,0.0,10.920824,32.039997,301.83105,26.16,5.557546,1797.7429,1909.0293,3480693.8,3272410.5,32.5,32.5,86.0,1727.7596,347.45758,83
2026-03-25 16:00:00+00:00,762.0,32.8715,17.7715,24.609,35.656174,20.018639,26.559229,43896.598,41467.28,0.0,0.0,0.0,11.307095,33.12,301.63297,26.19,5.5841117,1822.3519,1935.5885,3524590.2,3313877.8,32.5,32.5,86.0,1753.9496,353.0417,84
2026-03-26 16:00:00+00:00,762.0,32.571503,18.3715,24.746498,34.95941,21.237778,26.83785,43947.49,41442.914,0.0,0.0,0.0,11.165805,32.039997,273.9966,26.13,5.6171737,1847.0984,1962.4264,3568537.8,3355320.8,32.5,32.5,86.0,1780.0796,358.65887,85
2026-03-27 16:00:00+00:00,762.0,33.0215,17.9715,24.713165,35.440147,20.215021,26.827873,43998.46,41656.727,0.0,0.0,0.0,12.093534,32.760002,264.55975,25.93,5.5111637,1871.8115,1989.2543,3612536.2,3396977.5,32.5,32.5,86.0,1806.0096,364.17004,86
2026-03-28 16:00:00+00:00,762.0,31.3215,19.2715,24.496504,34.21374,22.1745,27.243828,44049.492,40918.6,0.1,0.1,1.0,7.2,21.96,272.15787,22.86,4.758958,1896.308,2016.498,3656585.8,3437896.0,32.6,32.6,87.0,1828.8696,368.92902,87
2026-03-29 16:00:00+00:00,762.0,31.721498,19.4215,24.829828,34.684826,22.57078,27.58748,44100.547,41370.562,0.2,0.2,1.0,10.484902,28.8,254.51932,24.42,5.1766715,1921.1378,2044.0856,3700686.2,3479266.5,32.8,32.8,88.0,1853.2897,374.10568,88
2026-03-30 16:00:00+00:00,762.0,32.7715,20.8215,25.32358,35.287178,24.229046,27.922531,44151.59,40904.348,0.2,0.2,1.0,11.16145,32.399998,283.72708,24.47,5.318227,1946.4614,2072.008,3744837.8,3520170.8,33.0,33.0,89.0,1877.7596,379.42392,89
2026-03-31 16:00:00+00:00,762.0,32.5215,19.4215,24.979834,35.127625,22.617338,27.471052,44202.59,41323.477,0.0,0.0,0.0,10.699028,27.359999,279.57413,24.55,5.328605,1971.4413,2099.479,3789040.2,3561494.2,33.0,33.0,89.0,1902.3097,384.75253,90
2026-04-01 16:00:00+00:00,762.0,34.0215,19.3215,25.373583,36.403973,22.473297,27.793417,44253.516,41300.258,0.1,0.1,1.0,13.690654,39.6,265.34088,26.54,5.777243,1996.8148,2127.2725,3833293.8,3602794.5,33.1,33.1,90.0,1928.8497,390.5298,91
2026-04-02 16:00:00+00:00,762.0,32.6715,19.8215,24.888168,35.273273,23.314068,27.69842,44304.324,41277.113,0.4,0.4,2.0,11.892265,37.8,252.8123,25.13,5.392078,2021.703,2154.971,3877598.0,3644071.5,33.5,33.5,92.0,1953.9797,395.92188,92
2026-04-03 16:00:00+00:00,762.0,31.271502,20.4715,24.72775,34.30124,24.268927,27.391535,44354.992,41254.38,0.0,0.0,0.0,12.371645,33.12,265.63846,23.39,5.0917253,2046.4308,2182.3625,3921953.0,3685326.0,33.5,33.5,92.0,1977.3698,401.0136,93
2026-04-04 16:00:00+00:00,762.0,31.221498,19.4715,24.269415,34.065796,22.537142,26.958014,44405.48,41231.8,0.0,0.0,0.0,11.9466305,33.839996,267.47278,23.95,5.123587,2070.7002,2209.3206,3966358.5,3726557.8,33.5,33.5,92.0,2001.3197,406.1372,94
2026-04-05 16:00:00+00:00,762.0,31.6715,20.2215,24.400665,34.824272,23.500286,27.371521,44455.758,36189.438,0.3,0.3,2.0,10.63372,32.039997,263.80222,19.72,4.3459373,2095.1008,2236.6921,4010814.2,3762747.2,33.8,33.8,94.0,2021.0397,410.48315,95
2026-04-06 16:00:00+00:00,762.0,31.5715,20.6215,24.81317,34.73976,23.913273,27.54111,44505.785,37768.273,0.4,0.4,2.0,12.224107,34.56,277.9739,24.53,5.290388,2119.914,2264.2332,4055320.0,3800515.5,34.2,34.2,96.0,2045.5697,415.77353,96
2026-04-07 16:00:00+00:00,762.0,32.0215,18.9715,24.344416,35.08743,21.799782,26.871864,44555.527,41884.246,0.1,0.1,1.0,9.499157,30.239998,292.80457,24.54,5.242574,2144.2585,2291.105,4099875.5,3842399.8,34.3,34.3,97.0,2070.1096,421.0161,97
2026-04-08 16:00:00+00:00,762.0,31.5715,18.9715,24.109,34.6237,22.037352,26.920347,44604.945,42342.73,0.4,0.4,1.0,10.310403,31.68,289.90228,23.18,4.8952193,2168.3674,2318.0254,4144480.5,3884742.5,34.7,34.7,98.0,2093.2896,425.91135,98
2026-04-09 16:00:00+00:00,762.0,32.721497,18.8215,24.561083,35.293957,21.469423,27.10006,44654.008,41885.25,0.0,0.0,0.0,11.003581,32.039997,295.8185,26.48,5.662247,2192.9285,2345.1255,4189134.5,3926627.8,34.7,34.7,98.0,2119.7695,431.5736,99
2026-04-10 16:00:00+00:00,762.0,30.9215,19.8715,24.123583,32.67532,22.997986,26.521341,44702.676,39468.406,0.5,0.5,3.0,11.442394,33.839996,281.79517,21.82,4.7393627,2217.052,2371.6467,4233837.0,3966096.2,35.2,35.2,101.0,2141.5896,436.31296,100
2026-04-11 16:00:00+00:00,762.0,31.771502,19.0715,24.377752,35.089172,21.876795,26.993471,44750.914,40973.707,0.0,0.0,0.0,10.873252,30.960001,268.3579,23.86,5.1599665,2241.4297,2398.6401,4278588.0,4007070.0,35.2,35.2,101.0,2165.4497,441.47293,101
2026-04-12 16:00:00+00:00,762.0,30.971498,19.3715,24.109001,33.79599,22.610044,27.03038,44799.01,39307.832,0.70000005,0.70000005,5.0,10.63372,31.68,264.31815,22.62,4.785452,2265.5386,2425.6704,4323387.0,4046377.8,35.9,35.9,106.0,2188.0698,446.2584,102
2026-04-13 16:00:00+00:00,762.0,33.221497,19.9215,25.015245,35.182167,23.43733,27.693115,44847.113,43932.016,0.0,0.0,0.0,12.093534,34.56,275.26764,27.6,5.8966546,2290.5537,2453.3635,4368234.0,4090309.8,35.9,35.9,106.0,2215.67,452.15506,103
2026-04-14 16:00:00+00:00,762.0,32.8715,19.9715,25.017334,34.72264,23.253351,27.354332,44895.17,43433.207,0.0,0.0,0.0,11.183201,31.68,281.54135,27.28,5.88508,2315.571,2480.7178,4413129.0,4133743.0,35.9,35.9,106.0,2242.95,458.04013,104
2026-04-15 16:00:00+00:00,762.0,33.5215,19.1715,25.138168,35.90225,22.080545,27.49617,44943.168,43416.28,0.0,0.0,0.0,12.431734,34.2,285.76074,27.23,5.9014807,2340.7092,2508.2139,4458072.0,4177159.2,35.9,35.9,106.0,2270.18,463.94162,105
2026-04-16 16:00:00+00:00,762.0,33.7715,18.8215,25.198578,36.671726,21.53302,27.747217,44991.06,43641.113,0.0,0.0,0.0,12.6462,36.36,290.8051,26.3,5.712038,2365.9077,2535.9612,4503063.0,4220800.5,35.9,35.9,106.0,2296.48,469.65366,106
2026-04-17 16:00:00+00:00,762.0,34.221497,20.5715,26.075668,36.96619,24.17033,28.682999,45038.816,43383.207,0.0,0.0,0.0,11.712455,32.399998,283.34573,25.68,5.7432647,2391.9834,2564.6443,4548102.0,4264183.5,35.9,35.9,106.0,2322.16,475.3969,107
2026-04-18 16:00:00+00:00,762.0,33.071503,20.4715,25.596497,36.093136,24.076296,28.224022,45086.4,43367.113,0.0,0.0,0.0,11.165805,31.68,263.90262,24.24,5.404836,2417.5798,2592.8684,4593188.5,4307550.5,35.9,35.9,106.0,2346.4,480.80176,108
2026-04-19 16:00:00+00:00,762.0,32.321503,19.4215,25.02775,34.60398,22.71148,27.510202,45133.77,44123.22,0.0,0.0,0.0,10.874741,32.760002,280.25528,24.92,5.4534755,2442.6077,2620.3787,4638322.5,4351673.5,35.9,35.9,106.0,2371.3198,486.25522,109
2026-04-20 16:00:00+00:00,762.0,31.471498,20.3715,24.406914,34.524612,23.916784,27.730116,45180.9,41636.363,1.6,1.6,5.0,11.212135,30.599998,282.67114,22.67,4.7226996,2467.0146,2648.109,4683503.5,4393310.0,37.5,37.5,111.0,2393.9897,490.9779,110
2026-04-21 16:00:00+00:00,762.0,31.1715,21.4215,24.931915,35.66734,25.316158,28.855326,45227.746,40646.562,1.3000001,1.3000001,5.0,9.746631,28.8,270.41364,22.55,4.6889014,2491.9465,2676.964,4728731.0,4433956.5,38.8,38.8,116.0,2416.5398,495.6668,111
2026-04-22 16:00:00+00:00,762.0,30.1215,22.0215,24.97775,34.98285,26.245651,29.073229,45274.273,40141.344,2.3999999,2.3999999,6.0,11.183201,32.760002,265.53586,21.6,4.4484677,2516.9243,2706.0374,4774005.5,4474098.0,41.2,41.2,122.0,2438.14,500.11526,112
2026-04-23 16:00:00+00:00,762.0,33.071503,21.4715,25.961084,36.67625,25.705849,29.535292,45320.44,43535.406,0.0,0.0,0.0,10.873251,32.399998,262.9748,25.65,5.478433,2542.8855,2735.5728,4819326.0,4517633.5,41.2,41.2,122.0,2463.7898,505.5937,113
2026-04-24 16:00:00+00:00,762.0,30.971498,21.8215,24.24233,34.47239,25.894144,28.159721,45366.215,41911.65,5.6,5.6,3.0,7.193247,25.919998,275.00577,18.27,3.6961803,2567.128,2763.7324,4864692.0,4559545.0,46.8,46.8,125.0,2482.0598,509.28986,114
2026-04-25 16:00:00+00:00,762.0,32.2715,21.0715,25.406921,35.824398,24.757053,28.740395,45411.56,43830.707,0.1,0.1,1.0,11.705537,30.599998,226.48776,24.95,5.328714,2592.535,2792.473,4910103.5,4603375.5,46.899998,46.899998,126.0,2507.0098,514.6186,115
2026-04-26 16:00:00+00:00,762.0,32.221497,20.2215,25.406914,35.63663,23.49325,28.457405,45456.42,45027.445,0.0,0.0,0.0,10.805999,30.239998,258.03214,24.77,5.27459,2617.942,2820.9304,4955560.0,4648403.0,46.899998,46.899998,126.0,2531.7798,519.8932,116
2026-04-27 16:00:00+00:00,762.0,31.721498,20.0715,25.096498,34.104572,23.485817,27.730124,45500.766,44869.043,0.0,0.0,0.0,12.304682,34.2,275.013,24.84,5.4017754,2643.0383,2848.6606,5001061.0,4693272.0,46.899998,46.899998,126.0,2556.6199,525.295,117
2026-04-28 16:00:00+00:00,762.0,32.4215,19.0715,25.136084,35.870495,21.836037,28.01335,45544.562,44897.79,0.0,0.0,0.0,10.873252,31.68,295.09146,25.87,5.5468626,2668.1743,2876.674,5046605.5,4738170.0,46.899998,46.899998,126.0,2582.49,530.84186,118
2026-04-29 16:00:00+00:00,762.0,33.0215,20.3715,25.863165,35.908947,23.746805,28.88034,45587.75,44925.453,0.4,0.4,2.0,8.209263,28.44,297.56128,23.5,5.0185285,2694.0376,2905.5544,5092193.0,4783095.5,47.3,47.3,128.0,2605.99,535.8604,119
2026-04-30 16:00:00+00:00,762.0,32.0215,20.6215,25.344412,34.470287,23.99297,28.4048,45630.305,44459.58,1.1,1.1,2.0,10.594036,29.16,197.99088,22.62,4.807676,2719.382,2933.9592,5137823.5,4827555.0,48.399998,48.399998,130.0,2628.61,540.6681,120
2026-05-01 16:00:00+00:00,762.0,32.8715,20.0715,25.665247,35.212547,23.58598,28.228018,45672.18,45241.355,0.0,0.0,0.0,13.009903,37.44,247.27158,27.1,5.9285173,2745.0474,2962.1873,5183495.5,4872796.5,48.399998,48.399998,130.0,2655.7102,546.5966,121
2026-05-02 16:00:00+00:00,762.0,32.1715,19.1715,25.111084,35.16279,21.650204,27.458303,45713.637,45282.406,0.1,0.1,1.0,12.093534,34.2,293.36432,25.72,5.560266,2770.1584,2989.6455,5229209.0,4918079.0,48.499996,48.499996,131.0,2681.4302,552.15686,122
2026-05-03 16:00:00+00:00,762.0,34.5215,20.2215,26.223581,38.533005,23.319414,29.118643,45754.816,44530.383,0.3,0.3,2.0,7.613382,24.48,314.86942,25.51,5.3788886,2796.382,3018.7642,5274964.0,4962609.5,48.799995,48.799995,133.0,2706.9402,557.53577,123
2026-05-04 16:00:00+00:00,762.0,32.571503,22.1215,24.706917,36.892166,25.36955,28.31339,45795.68,42165.15,7.7,7.7,18.0,8.557102,29.16,145.17548,16.61,3.4523125,2821.089,3047.0776,5320759.5,5004774.5,56.499996,56.499996,151.0,2723.5503,560.9881,124
2026-05-05 16:00:00+00:00,762.0,32.471497,20.9715,25.127752,37.258415,24.823868,29.395264,45836.188,43333.33,2.2999997,2.2999997,3.0,6.0908127,20.519999,303.69006,23.44,4.8156934,2846.2168,3076.473,5366595.5,5048108.0,58.799995,58.799995,154.0,2746.9902,565.8038,125
2026-05-06 16:00:00+00:00,762.0,31.4215,22.0215,24.692331,35.435112,26.347223,28.951591,45876.312,41188.43,8.9,8.9,6.0,6.6624317,17.64,308.52603,19.75,3.9764848,2870.9092,3105.4246,5412472.0,5089296.5,67.7,67.7,160.0,2766.7402,569.7803,126
2026-05-07 16:00:00+00:00,762.0,30.971498,21.5215,24.894419,35.82225,25.61633,28.951662,45916.008,38460.098,1.4,1.4,3.0,8.139901,26.64,319.72806,20.95,4.2903943,2895.8037,3134.3762,5458388.0,5127756.5,69.1,69.1,163.0,2787.6902,574.0707,127
2026-05-08 16:00:00+00:00,762.0,30.6215,21.1215,24.231913,34.3451,24.900831,28.34273,45955.242,37053.023,10.3,10.3,12.0,8.037761,29.519999,107.01737,21.63,4.3277392,2920.0356,3162.719,5504343.0,5164809.5,79.4,79.4,175.0,2809.32,578.39844,128
2026-05-09 16:00:00+00:00,762.0,29.3215,21.4215,23.486084,33.880745,25.542963,27.80883,45993.98,33754.61,12.400001,12.400001,13.0,8.139901,25.919998,125.628044,19.16,3.7751653,2943.5217,3190.5278,5550337.0,5198564.0,91.8,91.8,188.0,2828.48,582.1736,129
2026-05-10 16:00:00+00:00,762.0,30.4215,21.2215,23.988165,35.640976,25.335735,28.406523,46032.188,41106.793,27.4,27.4,9.0,7.102591,32.399998,138.81416,21.62,4.3446145,2967.51,3218.9343,5596369.0,5239671.0,119.200005,119.200005,197.0,2850.1,586.5182,130
2026-05-11 16:00:00+00:00,762.0,28.5715,20.5715,23.088167,33.653893,24.14864,27.186373,46069.81,32402.049,7.2999997,7.2999997,10.0,7.689603,25.56,337.13147,21.37,4.174489,2990.5981,3246.1206,5642439.0,5272073.0,126.50001,126.50001,207.0,2871.4702,590.6927,131
2026-05-12 16:00:00+00:00,762.0,27.7715,20.9215,22.631914,32.36987,24.864433,26.706701,46106.824,29434.91,6.6,6.6,11.0,6.7469993,23.039999,199.59897,15.0,2.92603,3013.23,3272.8274,5688546.0,5301508.0,133.1,133.1,218.0,2886.4702,593.6187,132
2026-05-13 16:00:00+00:00,762.0,25.1715,20.6715,22.071497,29.426159,24.613169,26.332397,46143.184,9986.224,16.5,16.5,24.0,5.0432134,25.56,223.3719,10.13,2.0056825,3035.3015,3299.1597,5734689.0,5311494.0,149.6,149.6,242.0,2896.6,595.6244,133
2026-05-14 16:00:00+00:00,762.0,23.6715,20.7215,21.400665,27.795666,24.596716,25.36258,46178.848,3565.1467,11.800003,11.800003,20.0,10.120099,26.64,210.79095,5.98,1.1613933,3056.7021,3324.5222,5780868.0,5315059.0,161.40001,161.40001,262.0,2902.58,596.78577,134
2026-05-15 16:00:00+00:00,762.0,23.6215,20.8715,21.636084,27.725277,24.412985,25.660223,46213.777,3940.9614,16.300001,16.300001,21.0,6.193674,27.359999,219.61064,7.73,1.5145168,3078.3381,3350.1824,5827082.0,5319000.0,177.70001,177.70001,283.0,2910.31,598.3003,135
2026-05-16 16:00:00+00:00,762.0,22.3215,20.4715,21.204836,26.323063,24.17053,25.120405,46247.93,0.0,28.0,28.0,24.0,5.8409934,23.4,232.03908,4.39,0.91391194,3099.543,3375.3027,5873330.0,5319000.0,205.70001,205.70001,307.0,2914.7,599.21423,136
2026-05-17 16:00:00+00:00,762.0,25.0215,20.6215,21.61733,30.647942,24.43739,25.730469,46281.27,11697.881,43.6,43.6,17.0,8.242743,31.319998,266.3671,8.58,1.6422487,3121.1604,3401.0332,5919611.5,5330698.0,249.30002,249.30002,324.0,2923.28,600.8565,137
2026-05-18 16:00:00+00:00,762.0,22.4715,20.6215,21.288164,27.05946,24.433659,25.39379,46313.746,0.0,63.899998,63.899998,24.0,5.4744864,32.760002,239.72302,3.53,0.78465825,3142.4485,3426.427,5965925.0,5330698.0,313.2,313.2,348.0,2926.81,601.6412,138
2026-05-19 16:00:00+00:00,762.0,23.9715,20.1215,21.709,27.690527,23.50843,25.587532,46345.32,7923.2036,14.600002,14.600002,18.0,5.6262593,23.4,223.0039,7.25,1.4721321,3164.1575,3452.0146,6012270.5,5338621.0,327.80002,327.80002,366.0,2934.06,603.1133,139
2026-05-20 16:00:00+00:00,762.0,26.3715,20.7215,22.669416,30.33237,24.312235,26.45073,46375.953,34307.617,6.699999,6.699999,16.0,7.841887,24.84,213.8472,15.26,2.9262042,3186.827,3478.4653,6058646.5,5372928.5,334.50003,334.50003,382.0,2949.32,606.0395,140
2026-05-21 16:00:00+00:00,762.0,24.9715,20.7715,22.352747,28.778774,24.403496,26.185682,46405.6,31218.959,7.0,7.0,8.0,7.519175,26.64,179.10017,14.27,2.6607063,3209.1797,3504.6511,6105052.0,5404147.5,341.50003,341.50003,390.0,2963.59,608.7002,141
2026-05-22 16:00:00+00:00,762.0,25.6715,20.6215,22.744417,29.299908,23.978207,26.368341,46434.47,16874.58,2.2,2.2,13.0,8.836514,29.16,183.49596,10.51,2.1300938,3231.924,3531.0195,6151486.5,5421022.0,343.70004,343.70004,403.0,2974.1,610.83026,142
2026-05-23 16:00:00+00:00,762.0,27.4715,20.5715,23.488165,32.64014,23.993713,27.170563,46462.656,39529.547,4.2999997,4.2999997,18.0,9.102021,29.16,207.824,18.54,3.6304882,3255.4124,3558.1902,6197949.0,5460551.5,348.00003,348.00003,421.0,2992.6401,614.46075,143
2026-05-24 16:00:00+00:00,762.0,25.7715,20.8215,22.375666,30.13417,24.574316,26.216917,46490.137,31457.62,10.100002,10.100002,14.0,11.870451,27.359999,200.88976,14.91,2.782709,3277.788,3584.407,6244439.0,5492009.0,358.10004,358.10004,435.0,3007.55,617.24347,144
2026-05-25 16:00:00+00:00,762.0,24.5215,21.0215,22.267334,28.346321,24.652464,25.856321,46516.887,29241.105,6.7999997,6.7999997,14.0,9.703319,29.16,225.72513,14.62,2.7200208,3300.0554,3610.2632,6290956.0,5521250.0,364.90002,364.90002,449.0,3022.1702,619.9635,145
2026-05-26 16:00:00+00:00,762.0,26.4715,20.6715,22.923582,30.997883,24.389637,26.444696,46542.875,40696.555,4.299999,4.299999,14.0,9.82114,30.960001,216.17372,17.96,3.4579945,3322.979,3636.7078,6337499.0,5561946.5,369.2,369.2,463.0,3040.1301,623.4215,146
2026-05-27 16:00:00+00:00,762.0,26.5215,20.4715,22.169416,31.319256,24.2146,25.944162,46568.082,26214.273,10.499999,10.499999,15.0,8.083983,31.68,179.35771,15.8,2.9689684,3345.1484,3662.6519,6384067.0,5588161.0,379.7,379.7,478.0,3055.9302,626.3905,147
2026-05-28 16:00:00+00:00,762.0,23.7715,20.5715,22.059,27.415512,24.07689,25.588654,46592.47,23805.164,5.9999995,5.9999995,14.0,9.781473,27.0,184.00008,13.26,2.4509437,3367.2075,3688.2405,6430659.5,5611966.0,385.7,385.7,492.0,3069.1902,628.84143,148
2026-05-29 16:00:00+00:00,762.0,28.0715,20.8715,23.559,33.22388,24.463152,27.498291,46616.02,41948.016,1.9000001,1.9000001,10.0,8.049845,27.0,213.28528,21.87,4.223861,3390.7666,3715.7388,6477275.5,5653914.0,387.6,387.6,502.0,3091.0603,633.0653,149
2026-05-30 16:00:00+00:00,762.0,28.0215,20.7215,22.931915,32.97259,24.57203,26.956766,46638.7,36880.574,12.7,12.7,14.0,5.9834766,25.56,234.04935,18.21,3.5371616,3413.6985,3742.6956,6523914.0,5690794.5,400.30002,400.30002,516.0,3109.2703,636.6025,150
2026-05-31 16:00:00+00:00,762.0,27.7215,20.2715,22.517332,32.872997,23.569826,26.668127,46660.484,34693.156,8.400001,8.400001,11.0,4.6452556,27.0,199.25668,17.13,3.2972457,3436.2158,3769.3638,6570574.5,5725487.5,408.7,408.7,527.0,3126.4001,639.8997,151
2026-06-01 16:00:00+00:00,762.0,27.0715,21.0215,22.77983,31.971214,24.988384,26.74839,46681.348,33591.766,10.799999,10.799999,11.0,9.387651,30.599998,223.71066,18.14,3.4458156,3458.9956,3796.112,6617256.0,5759079.5,419.5,419.5,538.0,3144.54,643.3455,152
2026-06-02 16:00:00+00:00,762.0,27.9715,20.8215,23.046495,33.109123,24.54426,27.257942,46701.258,41931.92,8.500001,8.500001,11.0,7.562142,23.4,233.12999,20.72,4.0003886,3482.042,3823.37,6663957.5,5801011.5,428.0,428.0,549.0,3165.26,647.3459,153
2026-06-03 16:00:00+00:00,762.0,23.7215,20.7715,21.702751,28.365158,24.415174,25.709692,46720.19,10102.219,98.9,98.9,21.0,8.723967,31.319998,253.57057,7.92,1.5487918,3503.7446,3849.0798,6710677.5,5811113.5,526.9,526.9,570.0,3173.18,648.89465,154
2026-06-04 16:00:00+00:00,762.0,22.8215,20.6215,21.267332,25.5536,23.976038,24.769217,46738.12,5154.3164,34.699997,34.699997,24.0,12.72283,37.8,200.68074,7.31,1.3434309,3525.012,3873.849,6757415.5,5816268.0,561.60004,561.60004,594.0,3180.49,650.2381,155
2026-06-05 16:00:00+00:00,762.0,23.5215,20.6215,21.42775,26.39543,23.790607,24.843689,46755.016,15543.231,18.400005,18.400005,24.0,11.132385,48.239998,202.74706,9.37,1.70545,3546.4397,3898.6929,6804170.5,5831811.0,580.00006,580.00006,618.0,3189.86,651.94354,156
2026-06-06 16:00:00+00:00,762.0,25.0715,20.6715,22.079832,29.745056,24.263891,25.953478,46770.85,20052.178,17.5,17.5,23.0,10.658068,33.839996,230.43759,11.3,2.1182847,3568.5195,3924.6462,6850941.5,5851863.0,597.50006,597.50006,641.0,3201.1602,654.0618,157
2026-06-07 16:00:00+00:00,762.0,24.9215,20.8715,22.077751,28.735489,24.66442,25.910599,46785.598,13602.748,16.3,16.3,24.0,9.885262,40.32,249.00351,10.64,2.0037186,3590.5972,3950.557,6897727.0,5865465.5,613.80005,613.80005,665.0,3211.8,656.06555,158
2026-06-08 16:00:00+00:00,762.0,24.9715,20.9215,22.169416,28.525711,24.760094,25.8738,46799.234,32283.27,10.699999,10.699999,22.0,10.706596,36.719997,235.23154,14.27,2.6381576,3612.7666,3976.4307,6944526.0,5897749.0,624.50006,624.50006,687.0,3226.07,658.70374,159
2026-06-09 16:00:00+00:00,762.0,23.3215,20.4715,21.390251,27.027306,23.812073,25.014727,46811.73,4242.612,15.900002,15.900002,22.0,10.009036,36.719997,198.33545,6.8,1.2997943,3634.1567,4001.4453,6991337.5,5901991.5,640.4001,640.4001,709.0,3232.87,660.00354,160
2026-06-10 16:00:00+00:00,762.0,22.9715,20.2715,21.198584,26.92919,23.328552,24.61062,46823.06,50.868073,27.599998,27.599998,24.0,12.425216,43.92,172.43123,5.66,1.0678078,3655.3552,4026.056,7038160.5,5902042.5,668.00006,668.00006,733.0,3238.53,661.07135,161
2026-06-11 16:00:00+00:00,762.0,24.1215,20.6715,21.531916,27.292927,23.709604,25.039145,46833.297,18420.771,8.2,8.2,23.0,10.564942,32.399998,181.25992,10.12,1.8905932,3676.8872,4051.095,7084994.0,5920463.5,676.2001,676.2001,756.0,3248.6501,662.9619,162
2026-06-12 16:00:00+00:00,762.0,24.1715,20.1215,21.606918,28.515373,23.631714,25.519583,46842.48,21792.037,10.300001,10.300001,24.0,6.489992,32.760002,229.06087,11.62,2.1915038,3698.4941,4076.6145,7131836.5,5942255.5,686.50006,686.50006,780.0,3260.2703,665.15344,163
2026-06-13 16:00:00+00:00,762.0,24.6215,19.9715,21.594416,28.071793,23.302458,25.06513,46850.617,23883.178,11.099999,11.099999,23.0,10.739832,36.719997,229.9067,11.86,2.217132,3720.0886,4101.6797,7178687.0,5966138.5,697.60004,697.60004,803.0,3272.1304,667.37054,164
2026-06-14 16:00:00+00:00,762.0,25.9215,19.6715,21.965248,30.10506,22.726112,25.60124,46857.69,35985.863,10.500002,10.500002,21.0,9.4238205,34.56,215.88637,16.65,3.0810847,3742.054,4127.281,7225544.5,6002124.5,708.10004,708.10004,824.0,3288.7803,670.4516,165
2026-06-15 16:00:00+00:00,762.0,25.9715,20.6215,22.550665,29.62875,23.885292,26.136198,46863.715,40455.39,3.9,3.9,21.0,9.437563,41.399998,228.4753,17.67,3.3409185,3764.6047,4153.417,7272408.0,6042580.0,712.00006,712.00006,845.0,3306.4502,673.79254,166
2026-06-16 16:00:00+00:00,762.0,25.6215,20.9715,22.573584,28.997845,24.622835,26.329147,46868.68,40236.684,3.4,3.4,16.0,11.409785,35.64,250.71996,16.4,3.057669,3787.1782,4179.746,7319276.5,6082816.5,715.4001,715.4001,861.0,3322.85,676.8502,167
2026-06-17 16:00:00+00:00,762.0,26.2715,20.2715,22.098581,30.91042,23.853565,25.962395,46872.59,30163.186,7.1000004,7.1000004,20.0,8.163749,37.8,252.56392,16.42,3.0797112,3809.2769,4205.7085,7366149.0,6112979.5,722.50006,722.50006,881.0,3339.27,679.92993,168
2026-06-18 16:00:00+00:00,762.0,25.4715,20.4215,22.004831,29.287193,23.893742,25.884668,46875.43,31198.137,11.2,11.2,16.0,8.32877,32.039997,239.40868,14.93,2.7875776,3831.2817,4231.5933,7413024.5,6144177.5,733.7001,733.7001,897.0,3354.2,682.7175,169
2026-06-19 16:00:00+00:00,762.0,25.3215,20.2715,22.0465,29.737389,23.85174,26.00308,46877.223,22410.549,6.2,6.2,17.0,6.0908127,25.56,252.5341,12.74,2.455368,3853.3281,4257.596,7459901.5,6166588.0,739.9001,739.9001,914.0,3366.94,685.1729,170
2026-06-20 16:00:00+00:00,762.0,24.7215,20.5715,21.963167,28.30312,24.219946,25.900274,46877.953,28779.752,10.2,10.2,18.0,6.638072,27.359999,252.10802,13.68,2.5885289,3875.2913,4283.4966,7506779.5,6195368.0,750.1001,750.1001,932.0,3380.6199,687.7614,171
2026-06-21 16:00:00+00:00,762.0,27.1215,19.5715,22.696497,29.741932,23.043716,25.911844,46877.62,37225.04,0.8000001,0.8000001,8.0,11.7,33.12,266.70844,19.36,3.7727833,3897.9878,4309.408,7553657.0,6232593.0,750.9001,750.9001,940.0,3399.98,691.5342,172
2026-06-22 16:00:00+00:00,762.0,25.7715,20.5215,22.39025,29.973587,23.722347,25.874922,46876.234,40576.035,5.7,5.7,19.0,13.026081,38.16,247.18542,19.91,3.6342444,3920.378,4335.283,7600533.0,6273169.0,756.6001,756.6001,959.0,3419.89,695.1684,173
2026-06-23 16:00:00+00:00,762.0,26.0215,20.4215,22.419416,29.790154,23.89356,25.906012,46873.793,39837.7,5.700001,5.700001,23.0,9.927779,34.92,247.89049,17.44,3.236037,3942.7974,4361.1895,7647407.0,6313006.5,762.3001,762.3001,982.0,3437.3298,698.4044,174
2026-06-24 16:00:00+00:00,762.0,26.4215,20.5715,21.977753,31.287106,24.153505,25.797197,46870.293,31109.893,14.1,14.1,21.0,10.234705,36.719997,230.56366,15.67,2.8595488,3964.7751,4386.987,7694277.5,6344116.5,776.4001,776.4001,1003.0,3452.9998,701.264,175
2026-06-25 16:00:00+00:00,762.0,26.7715,20.4215,22.36733,31.85574,24.09034,26.235033,46865.742,43188.47,5.7999997,5.7999997,17.0,5.8631387,29.88,243.20042,17.43,3.2833314,3987.1426,4413.2217,7741143.0,6387305.0,782.2001,782.2001,1020.0,3470.4297,704.5473,176
2026-06-26 16:00:00+00:00,762.0,25.0715,20.6215,21.775665,30.475403,24.193249,25.662445,46860.14,16005.179,10.999999,10.999999,17.0,7.973005,28.44,239.42528,11.73,2.197697,4008.9182,4438.8843,7788003.0,6403310.0,793.2001,793.2001,1037.0,3482.1597,706.745,177
2026-06-27 16:00:00+00:00,762.0,22.7715,20.5215,21.161081,27.005144,23.932356,24.831985,46853.484,4450.5713,35.7,35.7,24.0,7.3997297,30.239998,242.84392,7.39,1.4140924,4030.0793,4463.7163,7834856.5,6407760.5,828.9001,828.9001,1061.0,3489.5496,708.15906,178
2026-06-28 16:00:00+00:00,762.0,23.0715,20.2715,21.023584,26.740295,23.57753,24.500395,46845.793,7074.352,34.6,34.6,24.0,8.0599,34.56,242.59517,7.05,1.3620635,4051.103,4488.217,7881702.5,6414835.0,863.50006,863.50006,1085.0,3496.5996,709.5211,179
2026-06-29 16:00:00+00:00,762.0,23.7215,20.2215,21.281914,27.685516,23.637814,25.08029,46837.05,3311.4807,15.399999,15.399999,23.0,6.544677,34.2,238.13976,8.38,1.6366934,4072.385,4513.297,7928539.5,6418146.5,878.9001,878.9001,1108.0,3504.9795,711.15784,180
2026-06-30 16:00:00+00:00,762.0,22.9715,20.0215,20.994417,26.784891,23.223701,24.59075,46827.27,3329.9502,15.099999,15.099999,24.0,7.1684303,24.119999,206.74802,6.34,1.2590106,4093.3794,4537.8877,7975367.0,6421476.5,894.00006,894.00006,1132.0,3511.3196,712.4169,181
2026-07-01 16:00:00+00:00,762.0,22.4215,20.1215,20.921501,26.575329,23.48779,24.574926,46816.36,173.91609,45.699993,45.699993,23.0,8.149847,35.64,197.17598,4.63,0.9178475,4114.301,4562.4624,8022183.5,6421650.5,939.7001,939.7001,1155.0,3515.9495,713.3347,182
2026-07-02 16:00:00+00:00,762.0,23.2715,20.4215,21.46733,26.570938,23.780886,24.899,46804.285,10599.124,16.000002,16.000002,22.0,7.8954163,34.2,212.82849,8.75,1.691224,4135.768,4587.3613,8068988.0,6432249.5,955.7001,955.7001,1177.0,3524.6995,715.02594,183
2026-07-03 16:00:00+00:00,762.0,24.9715,20.0715,21.281914,27.789314,23.448736,24.653816,46791.08,13721.325,24.000002,24.000002,23.0,10.948973,41.399998,220.8038,8.37,1.634296,4157.05,4612.015,8115779.0,6445971.0,979.7001,979.7001,1200.0,3533.0696,716.6602,184
2026-07-04 16:00:00+00:00,762.0,23.6715,20.0715,21.106916,28.265678,23.435131,24.792412,46776.766,4176.677,30.900002,30.900002,24.0,6.489992,36.719997,225.79376,5.56,1.1044526,4178.1567,4636.8076,8162556.0,6450147.5,1010.6001,1010.6001,1224.0,3538.6296,717.76465,185
2026-07-05 16:00:00+00:00,762.0,25.9715,20.6715,22.504835,30.771172,24.218348,26.38301,46761.367,31211.46,6.5999994,6.5999994,22.0,8.538149,36.36,227.90019,14.55,2.7634146,4200.6616,4663.1904,8209317.5,6481359.0,1017.2001,1017.2001,1246.0,3553.1797,720.5281,186
2026-07-06 16:00:00+00:00,762.0,24.4715,20.8215,21.96942,28.608013,24.457178,25.844683,46744.92,14877.5625,6.6999993,6.6999993,21.0,7.040739,30.239998,247.76036,10.5,2.026888,4222.631,4689.035,8256062.5,6496236.5,1023.9001,1023.9001,1267.0,3563.6797,722.555,187
2026-07-07 16:00:00+00:00,762.0,24.0715,20.5215,21.85275,27.174238,23.960327,25.35405,46727.45,11590.825,5.8999987,5.8999987,22.0,9.028754,34.92,256.2527,10.32,1.9867387,4244.4834,4714.389,8302790.0,6507827.5,1029.8,1029.8,1289.0,3573.9998,724.54175,188
2026-07-08 16:00:00+00:00,762.0,24.6715,20.4715,21.744415,28.553226,23.842384,25.48982,46708.98,4926.597,6.0000005,6.0000005,19.0,7.486788,34.92,259.57425,7.98,1.5769739,4266.228,4739.879,8349499.0,6512754.0,1035.8,1035.8,1308.0,3581.9797,726.1187,189
2026-07-09 16:00:00+00:00,762.0,25.0215,19.7715,21.556917,28.460342,22.66922,24.967367,46689.55,14229.497,14.1,14.1,24.0,10.088033,44.28,247.93,10.9,2.1186533,4287.785,4764.846,8396189.0,6526983.5,1049.9,1049.9,1332.0,3592.8796,728.23737,190
2026-07-10 16:00:00+00:00,762.0,21.9215,19.6715,20.72775,25.909704,22.497576,24.209084,46669.176,0.0,21.100002,21.100002,24.0,6.77575,39.6,250.3172,3.73,0.78397745,4308.5127,4789.055,8442858.0,6526983.5,1071.0,1071.0,1356.0,3596.6096,729.02136,191
2026-07-11 16:00:00+00:00,762.0,21.4715,19.7715,20.344412,25.01588,22.790709,23.794884,46647.89,0.0,78.5,78.5,24.0,7.289445,40.32,230.41934,2.78,0.63019556,4328.857,4812.85,8489506.0,6526983.5,1149.5,1149.5,1380.0,3599.3896,729.65155,192
2026-07-12 16:00:00+00:00,762.0,21.4715,19.3715,19.831915,25.307074,22.456507,23.197489,46625.73,0.0,72.09999,72.09999,24.0,5.7204895,30.599998,203.52321,1.73,0.49239257,4348.689,4836.0474,8536132.0,6526983.5,1221.6,1221.6,1404.0,3601.1196,730.1439,193
2026-07-13 16:00:00+00:00,762.0,21.7215,19.7215,20.444414,25.562576,22.958725,23.863573,46602.715,0.0,21.999998,21.999998,24.0,6.8138976,34.92,209.26689,3.15,0.68584293,4369.1333,4859.911,8582735.0,6526983.5,1243.6,1243.6,1428.0,3604.2695,730.8298,194
2026-07-14 16:00:00+00:00,762.0,24.2215,19.9715,21.35275,27.442024,23.005955,24.497057,46578.867,32542.469,15.799999,15.799999,24.0,10.601679,40.32,227.96101,13.76,2.5261014,4390.486,4884.408,8629314.0,6559526.0,1259.4,1259.4,1452.0,3618.0295,733.3559,195
2026-07-15 16:00:00+00:00,762.0,21.9715,20.0215,20.700665,25.934843,23.061462,24.0497,46554.227,299.15472,11.300001,11.300001,24.0,10.993271,31.319998,217.24,5.58,1.0610441,4411.1865,4908.458,8675868.0,6559825.0,1270.7001,1270.7001,1476.0,3623.6096,734.41693,196
2026-07-16 16:00:00+00:00,762.0,26.0215,19.9215,21.763166,30.087986,23.230762,25.243826,46528.812,19849.395,4.6000004,4.6000004,17.0,7.6642804,34.56,248.8504,12.33,2.3876896,4432.9497,4933.7017,8722397.0,6579674.5,1275.3,1275.3,1493.0,3635.9397,736.8046,197
2026-07-17 16:00:00+00:00,762.0,26.7715,19.9715,22.838165,30.874657,23.133814,26.337358,46502.66,39549.91,1.9000003,1.9000003,14.0,11.345713,34.56,260.16443,22.05,4.1801744,4455.788,4960.039,8768900.0,6619224.5,1277.2001,1277.2001,1507.0,3657.9897,740.9848,198
2026-07-18 16:00:00+00:00,762.0,26.8715,19.6215,22.586082,30.004238,22.84793,25.650152,46475.797,39447.812,1.6000001,1.6000001,11.0,13.379461,38.16,252.74536,21.64,4.1420665,4478.374,4985.6895,8815376.0,6658672.5,1278.8,1278.8,1518.0,3679.6296,745.1269,199
2026-07-19 16:00:00+00:00,762.0,25.7715,19.6215,22.02566,28.146759,22.856112,24.906288,46448.246,36431.805,1.5000001,1.5000001,10.0,13.306615,36.0,239.70842,19.44,3.6980543,4500.4,5010.5957,8861824.0,6695104.5,1280.3,1280.3,1528.0,3699.0696,748.82495,200
2026-07-20 16:00:00+00:00,762.0,24.0715,19.9215,21.344416,27.716976,23.09133,24.89874,46420.027,21969.322,8.700001,8.700001,21.0,6.6818557,35.28,244.29466,13.33,2.4906058,4521.744,5035.4946,8908244.0,6717074.0,1289.0,1289.0,1549.0,3712.3997,751.31555,201
2026-07-21 16:00:00+00:00,762.0,23.6215,19.7715,21.411081,27.153881,23.17785,24.958582,46390.938,26292.92,10.200001,10.200001,18.0,8.311245,29.88,246.34947,12.64,2.3577,4543.1553,5060.453,8954635.0,6743367.0,1299.2,1299.2,1567.0,3725.0396,753.6733,202
2026-07-22 16:00:00+00:00,762.0,24.4215,20.0715,21.158998,27.252327,23.36415,24.543589,46360.88,9453.849,12.8,12.8,23.0,12.245294,37.079998,270.25275,9.77,1.8057367,4564.3145,5084.9966,9000996.0,6752821.0,1312.0,1312.0,1590.0,3734.8096,755.479,203
2026-07-23 16:00:00+00:00,762.0,21.9215,19.8715,20.909,25.795307,22.95658,24.440613,46329.895,12683.391,11.700001,11.700001,16.0,7.570707,30.239998,280.1953,7.81,1.4006389,4585.2236,5109.437,9047326.0,6765504.5,1323.7,1323.7,1606.0,3742.6196,756.87964,204
2026-07-24 16:00:00+00:00,762.0,22.8715,19.7715,20.777748,26.560522,23.039831,24.49822,46298.03,7883.699,28.099997,28.099997,24.0,6.8423676,29.519999,260.7242,8.13,1.5410799,4606.0015,5133.935,9093624.0,6773388.0,1351.7999,1351.7999,1630.0,3750.7495,758.4207,205
2026-07-25 16:00:00+00:00,762.0,22.1715,20.0215,20.623583,25.439632,23.203634,24.029333,46265.33,3600.0,28.599998,28.599998,24.0,8.211235,32.399998,240.91069,6.58,1.2275021,4626.625,5157.9644,9139889.0,6776988.0,1380.3999,1380.3999,1654.0,3757.3296,759.6482,206
2026-07-26 16:00:00+00:00,762.0,22.1215,19.9715,20.723585,26.041216,23.33948,24.187841,46231.824,4772.754,36.8,36.8,23.0,10.196647,40.32,255.08788,7.07,1.3054196,4647.3486,5182.1523,9186121.0,6781761.0,1417.2,1417.2,1677.0,3764.3997,760.9536,207
2026-07-27 16:00:00+00:00,762.0,21.4215,19.4215,20.29025,25.181618,22.552725,23.789375,46197.566,0.0,33.3,33.3,24.0,6.0721655,31.68,251.3842,3.88,0.7949843,4667.6387,5205.942,9232319.0,6781761.0,1450.5,1450.5,1701.0,3768.2795,761.7486,208
2026-07-28 16:00:00+00:00,762.0,24.9215,20.1715,21.311085,29.218578,23.592005,25.07589,46162.59,16905.184,18.2,18.2,22.0,7.102591,33.48,249.50864,10.74,2.0973198,4688.9497,5231.0176,9278482.0,6798666.0,1468.7,1468.7,1723.0,3779.0195,763.8459,209
2026-07-29 16:00:00+00:00,762.0,21.8715,20.0215,20.7965,25.940695,23.30449,24.453035,46126.934,2687.5444,19.199999,19.199999,24.0,6.320538,22.68,236.08052,5.93,1.1498328,4709.746,5255.4707,9324609.0,6801353.5,1487.8999,1487.8999,1747.0,3784.9495,764.9957,210
2026-07-30 16:00:00+00:00,762.0,22.3215,19.6715,20.550667,26.389473,22.943907,24.03025,46090.64,7115.547,33.799995,33.799995,24.0,10.383987,32.039997,226.86765,7.2,1.3444302,4730.297,5279.501,9370700.0,6808469.0,1521.7,1521.7,1771.0,3792.1494,766.34015,211
2026-07-31 16:00:00+00:00,762.0,22.6215,19.9715,20.692335,26.933046,23.298506,24.360533,46053.75,0.0,36.299995,36.299995,24.0,5.9427266,27.0,237.15764,4.62,0.96206546,4750.9893,5303.8613,9416754.0,6808469.0,1558.0,1558.0,1795.0,3796.7695,767.3022,212
2026-08-01 16:00:00+00:00,762.0,21.5715,20.0215,20.623583,25.269794,23.263683,24.200096,46016.3,0.0,31.2,31.2,24.0,7.1389914,23.039999,229.45662,3.24,0.70439845,4771.613,5328.0615,9462770.0,6808469.0,1589.2,1589.2,1819.0,3800.0095,768.0066,213
2026-08-02 16:00:00+00:00,762.0,26.4715,19.8215,21.971498,30.064472,23.153194,25.47306,45978.324,35967.85,4.1000004,4.1000004,17.0,11.592895,36.36,234.88553,15.14,2.8418722,4793.5845,5353.5347,9508748.0,6844437.0,1593.2999,1593.2999,1836.0,3815.1494,770.84845,214
2026-08-03 16:00:00+00:00,762.0,24.5215,20.1715,21.99025,28.058292,23.476543,25.628302,45939.87,13258.116,2.2000003,2.2000003,13.0,6.2379804,26.28,221.41037,10.14,2.0463092,4815.5747,5379.163,9554688.0,6857695.0,1595.4999,1595.4999,1849.0,3825.2893,772.8948,215
2026-08-04 16:00:00+00:00,762.0,25.1215,20.8215,22.16733,28.219994,24.56154,25.721354,45900.96,11292.692,6.9999995,6.9999995,19.0,10.587918,30.599998,217.60304,9.45,1.8904045,4837.742,5404.8843,9600589.0,6868987.5,1602.4999,1602.4999,1868.0,3834.7393,774.78516,216
2026-08-05 16:00:00+00:00,762.0,24.8215,20.6715,21.792336,28.555214,24.204979,25.472288,45861.645,19758.791,14.5,14.5,20.0,9.299225,34.2,221.95992,13.03,2.4271333,4859.5347,5430.3564,9646451.0,6888746.5,1616.9999,1616.9999,1888.0,3847.7693,777.2123,217
2026-08-06 16:00:00+00:00,762.0,22.9215,20.4715,21.115248,26.417225,23.816608,24.734156,45821.95,8659.116,27.3,27.3,24.0,8.161764,25.919998,208.84128,7.21,1.3533709,4880.65,5455.091,9692273.0,6897405.5,1644.2999,1644.2999,1912.0,3854.9792,778.5657,218
2026-08-07 16:00:00+00:00,762.0,24.5215,20.4215,21.64858,28.799786,23.860899,25.341349,45781.914,21768.805,15.1,15.1,23.0,8.461915,36.36,201.43205,12.99,2.4077458,4902.2983,5480.432,9738055.0,6919174.5,1659.3999,1659.3999,1935.0,3867.9692,780.97345,219
2026-08-08 16:00:00+00:00,762.0,23.4965,19.9965,21.259,26.99119,22.853838,24.410828,45738.465,16831.602,19.7,16.8,24.0,15.779543,39.96,252.40619,11.97,2.0537267,4923.557,5504.843,9783793.0,6936006.0,1679.0999,1676.2,1959.0,3879.9392,783.02716,220
2026-08-09 16:00:00+00:00,762.0,21.5965,19.7465,20.59025,24.94739,22.685368,23.657862,45697.906,0.0,59.300003,33.699997,24.0,10.4166975,28.44,257.08646,3.9,0.7591558,4944.1475,5528.5005,9829491.0,6936006.0,1738.3999,1709.8999,1983.0,3883.839,783.7863,221
2026-08-10 16:00:00+00:00,762.0,22.396502,19.4965,20.336084,26.321913,22.053083,23.265036,45656.812,217.1894,43.200005,28.000004,24.0,9.906544,28.8,254.95029,6.31,1.1892285,4964.4834,5551.7656,9875148.0,6936223.0,1781.5999,1737.8999,2007.0,3890.1492,784.9755,222
2026-08-11 16:00:00+00:00,762.0,22.2465,19.7465,20.900667,25.508312,22.626192,23.97059,45615.05,13064.492,22.499998,14.199999,24.0,10.9859,31.319998,257.3798,11.61,1.9888532,4985.3843,5575.7363,9920763.0,6949287.5,1804.0999,1752.0999,2031.0,3901.7593,786.96436,223
2026-08-12 16:00:00+00:00,762.0,21.4465,20.046501,20.72567,25.092842,23.06924,23.983263,45572.68,0.0,28.6,17.000002,23.0,8.149847,27.72,269.78317,4.21,0.8518845,5006.11,5599.7197,9966336.0,6949287.5,1832.6998,1769.0999,2054.0,3905.9692,787.8162,224
2026-08-13 16:00:00+00:00,762.0,23.896502,20.046501,21.348587,26.66898,23.404453,24.64636,45529.727,15229.911,12.999999,8.3,24.0,12.472065,34.56,257.3597,10.91,1.9880105,5027.4585,5624.366,10011866.0,6964517.5,1845.6998,1777.3999,2078.0,3916.8792,789.80426,225
2026-08-14 16:00:00+00:00,762.0,23.4965,19.646502,20.854837,25.721191,22.463852,23.85611,45486.242,4670.6846,23.4,10.7,24.0,15.676542,43.92,254.65854,9.45,1.649879,5048.3135,5648.222,10057352.0,6969188.0,1869.0999,1788.0999,2102.0,3926.329,791.45416,226
2026-08-15 16:00:00+00:00,762.0,24.8465,19.646502,21.040253,28.999504,22.71466,24.272795,45442.254,18668.885,24.799997,9.9,23.0,13.581354,37.44,251.4562,13.26,2.3543832,5069.3535,5672.495,10102794.0,6987857.0,1893.8999,1797.9999,2125.0,3939.589,793.80853,227
2026-08-16 16:00:00+00:00,762.0,22.8465,19.646502,20.790255,26.384768,22.472101,24.035988,45397.816,14828.92,26.2,13.699999,24.0,9.444426,29.16,265.40256,9.91,1.764017,5090.1436,5696.5312,10148192.0,7002686.0,1920.0999,1811.6998,2149.0,3949.499,795.5726,228
2026-08-17 16:00:00+00:00,762.0,22.9465,19.146502,20.43817,25.946007,21.667717,23.316977,45352.945,10991.404,32.300003,13.9,24.0,9.087772,35.28,261.42743,9.8,1.7795995,5110.5815,5719.848,10193545.0,7013677.5,1952.3999,1825.5999,2173.0,3959.299,797.3522,229
2026-08-18 16:00:00+00:00,762.0,21.4965,19.2465,20.031916,24.71616,21.874039,22.951042,45307.703,0.0,45.3,29.400005,24.0,8.604301,30.599998,265.2181,6.02,1.1255932,5130.6133,5742.7993,10238853.0,7013677.5,1997.7,1854.9999,2197.0,3965.319,798.4778,230
2026-08-19 16:00:00+00:00,762.0,21.2465,19.6965,20.209002,23.773788,22.177025,22.772646,45262.113,0.0,49.500004,28.199995,24.0,13.83192,43.56,254.24405,4.0,0.7565906,5150.8223,5765.572,10284115.0,7013677.5,2047.2,1883.1998,2221.0,3969.319,799.2344,231
2026-08-20 16:00:00+00:00,762.0,20.646502,19.2465,19.854836,22.889166,21.714191,22.342836,45216.22,491.0605,54.299995,33.000004,24.0,13.040997,46.44,250.70499,6.8,1.1376045,5170.6772,5787.9146,10329331.0,7014168.5,2101.5,1916.1998,2245.0,3976.1191,800.372,232
2026-08-21 16:00:00+00:00,762.0,21.3465,19.8465,20.41525,24.05159,22.49808,23.16796,45170.047,0.0,54.899994,26.700003,24.0,9.668195,38.88,255.88268,4.08,0.8431223,5191.0923,5811.0825,10374501.0,7014168.5,2156.4,1942.8998,2269.0,3980.1992,801.21515,233
2026-08-22 16:00:00+00:00,762.0,23.396502,19.5965,20.954834,26.266388,22.462461,23.945177,45123.64,32100.62,25.199997,12.899997,24.0,12.931218,43.92,247.61665,13.53,2.290318,5212.047,5835.028,10419625.0,7046269.0,2181.5999,1955.7998,2293.0,3993.7292,803.5055,234
2026-08-23 16:00:00+00:00,762.0,23.296501,19.4965,20.917334,25.166338,22.455248,23.64374,45077.027,36233.42,18.600002,10.500003,24.0,16.293728,49.32,258.57986,14.61,2.432734,5232.9644,5858.6714,10464702.0,7082502.5,2200.2,1966.2998,2317.0,4008.3394,805.93823,235
2026-08-24 16:00:00+00:00,762.0,20.646502,19.396502,19.944418,23.338614,22.258106,22.770945,45030.258,0.0,19.800003,15.599997,24.0,7.5213294,29.519999,248.18527,7.51,1.340071,5252.9087,5881.4424,10509732.0,7082502.5,2220.0,1981.8998,2341.0,4015.8494,807.2783,236
2026-08-25 16:00:00+00:00,762.0,21.8465,19.0965,20.1715,25.143044,22.111275,23.272629,44983.344,0.0,27.599995,16.2,24.0,8.0599,30.960001,255.68808,8.11,1.4656506,5273.08,5904.715,10554715.0,7082502.5,2247.6,1998.0997,2365.0,4023.9595,808.74396,237
2026-08-26 16:00:00+00:00,762.0,24.2465,19.0965,20.973583,26.848143,21.79438,23.891785,44936.336,34789.273,19.2,13.800002,24.0,12.535549,37.079998,243.49274,12.97,2.3196797,5294.0537,5928.6064,10599651.0,7117292.0,2266.8,2011.8998,2389.0,4036.9294,811.06366,238
2026-08-27 16:00:00+00:00,762.0,23.796501,19.3465,21.000668,26.991907,22.221415,24.145506,44889.258,21290.906,11.100001,8.400002,24.0,7.3799996,29.519999,260.13773,12.47,2.3008416,5315.054,5952.752,10644540.0,7138583.0,2277.9001,2020.2998,2413.0,4049.3994,813.3645,239
2026-08-28 16:00:00+00:00,762.0,25.4465,19.3195,21.34873,27.929314,22.160536,24.245264,44842.15,28263.102,14.400001,8.55,24.0,12.976239,34.2,273.27823,12.83,2.4318697,5336.403,5976.997,10689382.0,7166846.0,2292.3,2028.8499,2437.0,4062.2295,815.7964,240
2026-08-29 16:00:00+00:00,762.0,,,,,,,44795.023,,,,18.0,,,,,,,,10734177.0,,,,2455.0,,,241
