date,elevation,temperature_2m_max,temperature_2m_min,temperature_2m_mean,apparent_temperature_max,apparent_temperature_min,apparent_temperature_mean,daylight_duration,sunshine_duration,precipitation_sum,rain_sum,precipitation_hours,wind_speed_10m_max,wind_gusts_10m_max,wind_direction_10m_dominant,shortwave_radiation_sum,et0_fao_evapotranspiration,cumulative_temperature_2m_mean,cumulative_apparent_temperature_mean,cumulative_daylight_duration,cumulative_sunshine_duration,cumulative_precipitation_sum,cumulative_rain_sum,cumulative_precipitation_hours,cumulative_shortwave_radiation_sum,cumulative_et0_fao_evapotranspiration,day
2026-01-01 16:00:00+00:00,149.0,28.178,16.678,22.28425,29.843033,17.777195,23.77832,39915.07,39049.656,0.0,0.0,0.0,7.922045,28.8,77.15226,18.1,3.6681445,22.28425,23.77832,39915.07,39049.656,0.0,0.0,0.0,18.1,3.6681445,1
2026-01-02 16:00:00+00:00,149.0,27.578,17.428,22.082169,29.333504,18.170792,23.590956,39931.496,39084.418,0.0,0.0,0.0,9.028754,28.44,74.414024,17.91,3.3723967,44.366417,47.369278,79846.56,78134.08,0.0,0.0,0.0,36.010002,7.040541,2
2026-01-03 16:00:00+00:00,149.0,27.227999,17.828,22.007166,29.616146,18.778282,23.654655,39949.453,39119.953,0.0,0.0,0.0,7.587806,20.880001,70.824326,17.36,3.3222182,66.37358,71.02393,119796.016,117254.03,0.0,0.0,0.0,53.370003,10.36276,3
2026-01-04 16:00:00+00:00,149.0,28.328,15.778,21.640503,29.949173,16.697382,23.237173,39968.9,39156.18,0.0,0.0,0.0,5.8048253,18.359999,69.4439,18.94,3.579026,88.014084,94.26111,159764.9,156410.22,0.0,0.0,0.0,72.310005,13.941786,4
2026-01-05 16:00:00+00:00,149.0,27.428,16.778,21.530083,28.708988,17.328804,22.437492,39989.78,39193.01,0.0,0.0,0.0,9.6228485,28.44,73.074936,18.5,3.7156065,109.54417,116.6986,199754.69,195603.23,0.0,0.0,0.0,90.810005,17.657393,5
2026-01-06 16:00:00+00:00,149.0,25.627998,16.578,20.821749,25.902966,16.002625,20.615587,40012.06,39230.363,0.0,0.0,0.0,10.30883,30.599998,71.805695,18.71,3.9241068,130.36592,137.3142,239766.75,234833.6,0.0,0.0,0.0,109.520004,21.5815,6
2026-01-07 16:00:00+00:00,149.0,24.178,14.228,18.982166,24.092554,13.304989,18.434965,40035.688,39268.152,0.0,0.0,0.0,10.759423,30.960001,67.934525,19.22,3.7388132,149.34808,155.74916,279802.44,274101.75,0.0,0.0,0.0,128.74,25.320312,7
2026-01-08 16:00:00+00:00,149.0,25.028,12.128,18.286335,25.057158,11.044804,17.85088,40060.617,39306.285,0.0,0.0,0.0,8.287822,21.96,61.82353,19.49,3.6326644,167.63441,173.60004,319863.06,313408.03,0.0,0.0,0.0,148.23001,28.952976,8
2026-01-09 16:00:00+00:00,149.0,25.678,11.628,18.334253,26.190393,11.153557,18.522173,40086.812,39344.684,0.0,0.0,0.0,6.439876,16.56,68.56531,19.61,3.4947743,185.96867,192.12221,359949.88,352752.72,0.0,0.0,0.0,167.84001,32.44775,9
2026-01-10 16:00:00+00:00,149.0,25.127998,12.328,18.5655,25.306139,11.506298,18.160616,40114.215,39383.26,0.0,0.0,0.0,8.82,27.0,75.05152,19.53,3.7593415,204.53418,210.28282,400064.1,392135.97,0.0,0.0,0.0,187.37001,36.207092,10
2026-01-11 16:00:00+00:00,149.0,25.727999,11.778,18.8655,26.325758,11.230953,18.843882,40142.78,39421.934,0.0,0.0,0.0,6.299999,15.84,48.712543,19.54,3.496084,223.39967,229.12671,440206.88,431557.9,0.0,0.0,0.0,206.91,39.703175,11
2026-01-12 16:00:00+00:00,149.0,27.377998,13.178,20.586332,29.15694,13.279261,21.49405,40172.473,39460.61,0.0,0.0,0.0,5.5596404,17.28,79.584076,19.22,3.5550435,243.98601,250.62076,480379.34,471018.5,0.0,0.0,0.0,226.13,43.258217,12
2026-01-13 16:00:00+00:00,149.0,27.578,14.828,21.405085,29.578228,15.75905,22.80172,40203.24,39499.21,0.0,0.0,0.0,7.256032,21.24,157.35077,19.21,3.7325318,265.39108,273.4225,520582.6,510517.72,0.0,0.0,0.0,245.34,46.99075,13
2026-01-14 16:00:00+00:00,149.0,28.928,15.978,22.394667,31.483028,17.278225,24.363943,40235.035,39537.652,0.0,0.0,0.0,6.792466,20.880001,154.46255,18.53,3.6838527,287.78574,297.78644,560817.6,550055.4,0.0,0.0,0.0,263.87,50.674603,14
2026-01-15 16:00:00+00:00,149.0,28.578,17.278,22.934248,31.267666,19.15931,25.365883,40267.812,39575.844,0.0,0.0,0.0,8.4963045,27.0,163.82773,16.14,3.2755954,310.71997,323.1523,601085.44,589631.25,0.0,0.0,0.0,280.01,53.9502,15
2026-01-16 16:00:00+00:00,149.0,29.828,18.727999,24.30925,31.859077,21.287228,26.714785,40301.54,39600.0,0.0,0.0,0.0,5.3939967,20.880001,299.7444,18.85,3.8107374,335.02924,349.8671,641387.0,629231.25,0.0,0.0,0.0,298.86002,57.760937,16
2026-01-17 16:00:00+00:00,149.0,30.127998,18.678,24.555082,31.86356,20.873066,26.454111,40336.16,39600.0,0.0,0.0,0.0,5.1919937,20.880001,16.17627,19.79,3.99335,359.58432,376.3212,681723.2,668831.25,0.0,0.0,0.0,318.65002,61.754288,17
2026-01-18 16:00:00+00:00,149.0,30.477999,18.178,24.136332,31.860794,19.685183,25.481478,40371.633,39600.0,0.0,0.0,0.0,6.698806,22.319998,39.9527,20.13,4.1398177,383.72064,401.80267,722094.8,708431.25,0.0,0.0,0.0,338.78003,65.894104,18
2026-01-19 16:00:00+00:00,149.0,30.678,15.678,23.873833,32.591484,16.752018,25.524597,40407.918,39600.0,0.0,0.0,0.0,5.293959,18.359999,35.690174,19.98,4.0013843,407.59448,427.32727,762502.75,748031.25,0.0,0.0,0.0,358.76004,69.895485,19
2026-01-20 16:00:00+00:00,149.0,30.828,17.028,24.267584,33.362385,18.034636,26.027998,40444.965,39600.0,0.0,0.0,0.0,7.193247,19.8,85.74626,19.08,3.9551077,431.86206,453.35526,802947.7,787631.25,0.0,0.0,0.0,377.84003,73.85059,20
2026-01-21 16:00:00+00:00,149.0,29.477999,19.727999,24.32383,31.247372,21.481121,26.176949,40482.746,38921.367,0.0,0.0,0.0,8.39078,27.72,83.60113,18.08,3.9192634,456.18588,479.5322,843430.44,826552.6,0.0,0.0,0.0,395.92,77.76986,21
2026-01-22 16:00:00+00:00,149.0,28.477999,17.928,22.928001,31.292442,18.862196,24.508379,40521.613,39600.0,0.0,0.0,0.0,8.557102,21.96,70.62575,17.35,3.4498258,479.1139,504.0406,883952.06,866152.6,0.0,0.0,0.0,413.27002,81.21969,22
2026-01-23 16:00:00+00:00,149.0,28.678,16.528,22.555084,31.162994,17.87284,24.38339,40561.707,37744.004,0.0,0.0,0.0,6.5049515,16.919998,113.02553,18.07,3.6376026,501.66898,528.42395,924513.75,903896.6,0.0,0.0,0.0,431.34003,84.85729,23
2026-01-24 16:00:00+00:00,149.0,28.778,17.877998,23.257166,30.976238,20.063725,25.145578,40602.965,39600.0,0.0,0.0,0.0,7.1389914,23.039999,189.46228,19.74,3.977567,524.92615,553.5695,965116.7,943496.6,0.0,0.0,0.0,451.08002,88.83486,24
2026-01-25 16:00:00+00:00,149.0,29.678,17.477999,24.042582,32.51981,19.356934,25.951147,40645.33,39600.0,0.0,0.0,0.0,6.8989563,18.72,140.37103,19.93,4.0304275,548.96875,579.5207,1005762.0,983096.6,0.0,0.0,0.0,471.01,92.86529,25
2026-01-26 16:00:00+00:00,149.0,30.178,17.227999,24.244665,33.14522,18.802042,26.384153,40688.73,39600.0,0.0,0.0,0.0,5.8409934,18.359999,63.632927,19.92,3.9329896,573.21344,605.90485,1046450.75,1022696.6,0.0,0.0,0.0,490.93002,96.79828,26
2026-01-27 16:00:00+00:00,149.0,30.477999,17.127998,24.090502,32.16427,18.377014,25.876783,40733.11,39600.0,0.0,0.0,0.0,6.9527545,24.48,96.74246,20.46,4.133827,597.30396,631.7816,1087183.9,1062296.6,0.0,0.0,0.0,511.39,100.932106,27
2026-01-28 16:00:00+00:00,149.0,29.528,19.428,24.35092,32.13203,22.391666,26.566671,40778.406,39600.0,0.0,0.0,0.0,6.9480934,21.24,177.93005,18.38,3.8005056,621.65485,658.34827,1127962.2,1101896.6,0.0,0.0,0.0,529.77,104.73261,28
2026-01-29 16:00:00+00:00,149.0,30.877998,18.227999,25.013418,33.130585,20.775377,27.248932,40824.56,39600.0,0.0,0.0,0.0,7.256032,21.599998,189.21881,20.45,4.2333956,646.6683,685.59717,1168786.8,1141496.6,0.0,0.0,0.0,550.22003,108.96601,29
2026-01-30 16:00:00+00:00,149.0,31.928,19.028,25.511335,34.538177,21.588415,27.879614,40871.504,39600.0,0.0,0.0,0.0,6.12,15.84,87.72763,19.85,4.083817,672.1796,713.4768,1209658.2,1181096.6,0.0,0.0,0.0,570.07,113.04983,30
2026-01-31 16:00:00+00:00,149.0,30.727999,20.428,25.01967,34.22054,22.097538,27.367638,40919.18,39600.0,0.0,0.0,0.0,8.766573,23.4,81.74059,18.39,3.76949,697.1993,740.8444,1250577.4,1220696.6,0.0,0.0,0.0,588.46,116.81932,31
2026-02-01 16:00:00+00:00,149.0,30.227999,18.578,24.096748,31.73661,19.860632,25.328407,40967.54,39600.0,0.0,0.0,0.0,10.308831,28.08,77.97775,20.71,4.6329803,721.296,766.17285,1291544.9,1260296.6,0.0,0.0,0.0,609.17004,121.4523,32
2026-02-02 16:00:00+00:00,149.0,29.877998,17.377998,23.530083,31.738071,17.848686,24.663187,41016.516,39600.0,0.0,0.0,0.0,8.37532,28.08,71.26786,20.52,4.134708,744.8261,790.83606,1332561.4,1299896.6,0.0,0.0,0.0,629.69006,125.587006,33
2026-02-03 16:00:00+00:00,149.0,30.977999,17.127998,24.336329,32.89434,18.564455,26.008133,41066.055,39600.0,0.0,0.0,0.0,8.037761,21.599998,144.07144,20.74,4.374877,769.1624,816.8442,1373627.4,1339496.6,0.0,0.0,0.0,650.43005,129.96188,34
2026-02-04 16:00:00+00:00,149.0,31.877998,19.627998,25.730082,34.10336,22.466166,28.026947,41116.098,39600.0,0.0,0.0,0.0,7.342588,28.44,197.65016,20.8,4.471378,794.8925,844.8711,1414743.5,1379096.6,0.0,0.0,0.0,671.23004,134.43326,35
2026-02-05 16:00:00+00:00,149.0,32.478,22.428,26.796751,34.864803,25.692484,29.245659,41166.594,39600.0,0.0,0.0,0.0,7.7734165,27.72,194.61256,20.98,4.5767508,821.6893,874.11676,1455910.1,1418696.6,0.0,0.0,0.0,692.21,139.01001,36
2026-02-06 16:00:00+00:00,149.0,32.927998,21.028,27.055084,36.007748,24.103485,29.639704,41217.49,39600.0,0.0,0.0,0.0,7.8954163,21.599998,184.11809,21.08,4.562771,848.7444,903.7565,1497127.6,1458296.6,0.0,0.0,0.0,713.29004,143.57278,37
2026-02-07 16:00:00+00:00,149.0,31.778,20.178,25.778,34.351727,22.977003,28.32971,41268.723,39600.0,0.2,0.2,2.0,9.0,33.48,101.72045,16.47,3.8006747,874.5224,932.0862,1538396.4,1497896.6,0.2,0.2,2.0,729.76,147.37346,38
2026-02-08 16:00:00+00:00,149.0,29.778,21.877998,25.34258,32.9635,22.598179,27.211555,41320.25,39600.0,0.3,0.3,3.0,9.904906,25.919998,93.6411,15.38,3.5505404,899.865,959.2977,1579716.6,1537496.6,0.5,0.5,5.0,745.14,150.924,39
2026-02-09 16:00:00+00:00,149.0,31.627998,19.528,25.994665,34.54676,22.098083,28.78478,41372.01,39600.0,0.0,0.0,0.0,7.24486,18.0,188.84758,18.09,3.9174104,925.8597,988.0825,1621088.6,1577096.6,0.5,0.5,5.0,763.23004,154.8414,40
2026-02-10 16:00:00+00:00,149.0,32.978,20.477999,27.130087,36.040947,23.550634,30.067383,41423.973,39600.0,0.1,0.1,1.0,6.1858225,17.64,151.62729,18.17,3.9638615,952.98975,1018.1499,1662512.6,1616696.6,0.6,0.6,6.0,781.4,158.80527,41
2026-02-11 16:00:00+00:00,149.0,33.427998,20.928,27.107164,35.916656,24.469944,29.990952,41476.535,39600.0,0.0,0.0,0.0,8.39078,29.16,179.27705,18.84,4.3407607,980.0969,1048.1409,1703989.1,1656296.6,0.6,0.6,6.0,800.24005,163.14603,42
2026-02-12 16:00:00+00:00,149.0,33.478,20.627998,27.20508,35.883408,24.051178,30.197409,41529.887,39600.0,0.0,0.0,0.0,7.491114,27.359999,179.21083,20.48,4.602756,1007.302,1078.3383,1745519.0,1695896.6,0.6,0.6,6.0,820.72003,167.74878,43
2026-02-13 16:00:00+00:00,149.0,34.128,20.178,27.453001,36.456818,23.251328,30.22734,41583.97,39600.0,0.0,0.0,0.0,8.149847,24.48,172.60052,20.8,4.7116466,1034.755,1108.5656,1787103.0,1735496.6,0.6,0.6,6.0,841.52,172.46042,44
2026-02-14 16:00:00+00:00,149.0,33.978,22.127998,27.848831,36.88713,26.44036,31.186693,41638.74,39600.0,0.0,0.0,0.0,8.528657,26.28,194.55756,20.34,4.6533847,1062.6039,1139.7522,1828741.8,1775096.6,0.6,0.6,6.0,861.86005,177.1138,45
2026-02-15 16:00:00+00:00,149.0,34.927998,21.528,28.584251,38.25665,25.199127,31.95769,41694.117,39600.0,0.0,0.0,0.0,6.361415,21.24,178.59424,20.92,4.6548924,1091.1881,1171.7098,1870435.9,1814696.6,0.6,0.6,6.0,882.78,181.76869,46
2026-02-16 16:00:00+00:00,149.0,35.478,22.227999,28.765501,38.54898,26.07729,32.10805,41750.07,39600.0,0.0,0.0,0.0,5.3939967,22.68,107.1546,18.85,4.3102946,1119.9536,1203.8179,1912186.0,1854296.6,0.6,0.6,6.0,901.63,186.07898,47
2026-02-17 16:00:00+00:00,149.0,33.728,24.078,28.23633,35.575302,26.186214,30.522638,41806.535,39600.0,0.0,0.0,0.0,9.600937,33.839996,82.33892,19.85,4.8691726,1148.19,1234.3405,1953992.5,1893896.6,0.6,0.6,6.0,921.48,190.94815,48
2026-02-18 16:00:00+00:00,149.0,33.177998,22.828,27.571749,35.88244,24.543404,29.873999,41863.453,39600.0,0.0,0.0,0.0,9.227524,29.88,85.51405,20.16,4.653808,1175.7617,1264.2145,1995856.0,1933496.6,0.6,0.6,6.0,941.63995,195.60196,49
2026-02-19 16:00:00+00:00,149.0,32.878,22.877998,27.613419,36.223473,24.635826,30.144163,41920.785,39600.0,0.0,0.0,0.0,8.155807,25.56,73.321495,19.69,4.3818398,1203.3751,1294.3586,2037776.8,1973096.6,0.6,0.6,6.0,961.32996,199.9838,50
2026-02-20 16:00:00+00:00,149.0,33.728,23.877998,28.553,37.417107,28.547874,32.02532,41978.47,39600.0,0.0,0.0,0.0,9.1958685,31.319998,202.53326,21.28,4.904894,1231.9281,1326.3839,2079755.2,2012696.6,0.6,0.6,6.0,982.61,204.88869,51
2026-02-21 16:00:00+00:00,149.0,31.627998,23.678,26.592583,33.867275,27.578959,30.292206,42036.457,29334.496,3.3,3.3,9.0,6.603817,19.08,190.6196,11.33,2.5602689,1258.5206,1356.6761,2121791.8,2042031.1,3.9,3.9,15.0,993.94,207.44896,52
2026-02-22 16:00:00+00:00,149.0,33.927998,24.578,28.703003,37.287872,28.867493,32.35834,42094.695,39600.0,0.0,0.0,0.0,8.714677,27.72,198.24274,19.89,4.5161853,1287.2236,1389.0345,2163886.5,2081631.1,3.9,3.9,15.0,1013.83,211.96515,53
2026-02-23 16:00:00+00:00,149.0,33.378,23.727999,27.309252,38.233307,28.932251,32.14097,42153.14,35225.5,9.9,9.9,12.0,7.44121,25.56,228.01268,16.92,3.6413703,1314.5328,1421.1755,2206039.8,2116856.5,13.799999,13.799999,27.0,1030.75,215.60652,54
2026-02-24 16:00:00+00:00,149.0,29.278,22.127998,24.942587,34.7392,26.48447,29.606134,42211.734,34632.383,23.0,23.0,16.0,5.441838,27.0,17.005905,16.65,3.3477888,1339.4755,1450.7816,2248251.5,2151489.0,36.8,36.8,43.0,1047.4,218.95432,55
2026-02-25 16:00:00+00:00,149.0,30.328,21.928,25.502998,35.35902,24.94408,29.721298,42270.438,39600.0,1.3000001,1.3000001,4.0,7.0199995,31.319998,304.75595,21.54,4.336946,1364.9785,1480.5029,2290522.0,2191089.0,38.1,38.1,47.0,1068.9401,223.29126,56
2026-02-26 16:00:00+00:00,149.0,30.528,23.828,26.630083,34.072704,28.146355,30.53005,42329.195,39600.0,0.0,0.0,0.0,8.967541,28.08,188.92476,16.47,3.54632,1391.6086,1511.033,2332851.2,2230689.0,38.1,38.1,47.0,1085.41,226.83759,57
2026-02-27 16:00:00+00:00,149.0,30.977999,24.127998,26.998835,34.66251,27.43574,30.60041,42387.96,39600.0,0.2,0.2,2.0,10.601679,31.68,193.01497,20.81,4.5309987,1418.6074,1541.6334,2375239.2,2270289.0,38.3,38.3,49.0,1106.2201,231.36859,58
2026-02-28 16:00:00+00:00,149.0,32.128,23.678,27.382166,35.50072,27.151371,30.792402,42446.684,39600.0,0.0,0.0,0.0,10.316686,29.519999,192.04895,21.88,4.8431063,1445.9896,1572.4258,2417686.0,2309889.0,38.3,38.3,49.0,1128.1001,236.2117,59
2026-03-01 16:00:00+00:00,149.0,32.728,24.078,27.840498,35.04783,27.809612,30.533432,42505.324,39600.0,0.0,0.0,0.0,10.062305,30.960001,190.41434,23.99,5.3535166,1473.8301,1602.9592,2460191.2,2349489.0,38.3,38.3,49.0,1152.0901,241.56522,60
2026-03-02 16:00:00+00:00,149.0,33.427998,24.028,28.082163,35.97263,27.114397,30.373001,42563.84,39600.0,0.0,0.0,0.0,7.7734165,26.28,189.06644,24.15,5.3946867,1501.9122,1633.3323,2502755.0,2389089.0,38.3,38.3,49.0,1176.2401,246.9599,61
2026-03-03 16:00:00+00:00,149.0,34.177998,19.328,27.12175,36.945717,22.107914,29.733686,42622.613,39600.0,0.0,0.0,0.0,8.528657,20.880001,159.35944,24.04,5.2991176,1529.0339,1663.0659,2545377.5,2428689.0,38.3,38.3,49.0,1200.2802,252.25902,62
2026-03-04 16:00:00+00:00,149.0,32.427998,21.828,26.41758,35.39015,24.503588,29.200134,42681.84,39471.816,0.2,0.2,2.0,8.596766,24.84,103.90938,19.29,4.3628674,1555.4515,1692.2661,2588059.2,2468160.8,38.5,38.5,51.0,1219.5702,256.6219,63
2026-03-05 16:00:00+00:00,149.0,30.928,22.678,26.088415,34.357555,25.333136,29.120354,42741.473,39600.0,0.5,0.5,5.0,9.847496,26.28,95.86017,17.78,3.981548,1581.5399,1721.3865,2630800.8,2507760.8,39.0,39.0,56.0,1237.3502,260.60342,64
2026-03-06 16:00:00+00:00,149.0,32.578,21.028,26.611334,36.07026,23.82923,29.787422,42801.46,39608.707,0.3,0.3,3.0,7.145796,16.56,130.89343,21.36,4.5856185,1608.1512,1751.174,2673602.2,2547369.5,39.3,39.3,59.0,1258.7102,265.18906,65
2026-03-07 16:00:00+00:00,149.0,32.677998,22.227999,27.357168,36.042885,25.904234,30.874643,42861.773,39600.0,0.1,0.1,1.0,7.056826,18.359999,162.08113,19.87,4.3879557,1635.5084,1782.0486,2716464.0,2586969.5,39.399998,39.399998,60.0,1278.5802,269.57703,66
2026-03-08 16:00:00+00:00,149.0,33.978,22.627998,27.898834,36.673584,26.02242,30.800886,42922.355,39600.0,0.0,0.0,0.0,6.66,27.359999,92.446976,21.72,4.9476204,1663.4072,1812.8495,2759386.2,2626569.5,39.399998,39.399998,60.0,1300.3002,274.52466,67
2026-03-09 16:00:00+00:00,149.0,32.828,23.477999,27.728004,35.349316,25.113356,29.421045,42983.168,39781.145,0.0,0.0,0.0,11.45513,34.56,85.85549,22.5,5.3652024,1691.1353,1842.2705,2802369.5,2666350.8,39.399998,39.399998,60.0,1322.8002,279.88986,68
2026-03-10 16:00:00+00:00,149.0,32.528,21.828,26.875916,36.59617,23.416754,29.436571,43044.168,39600.0,0.1,0.1,1.0,7.889258,20.16,41.924988,22.24,4.817816,1718.0112,1871.707,2845413.8,2705950.8,39.499996,39.499996,61.0,1345.0402,284.70767,69
2026-03-11 16:00:00+00:00,149.0,31.178,21.227999,25.446749,35.052,24.341007,28.965464,43105.316,39600.0,5.1,5.1,10.0,7.16617,21.599998,78.65714,19.94,4.0494714,1743.458,1900.6725,2888519.0,2745550.8,44.599995,44.599995,71.0,1364.9801,288.75714,70
2026-03-12 16:00:00+00:00,149.0,29.578,22.028,25.365501,31.6683,22.980654,27.194565,43166.562,36109.24,0.2,0.2,1.0,9.984729,29.519999,63.46706,18.42,4.1322193,1768.8235,1927.8671,2931685.5,2781660.0,44.799995,44.799995,72.0,1383.4001,292.88937,71
2026-03-13 16:00:00+00:00,149.0,31.428,21.127998,25.742586,34.876087,21.971132,27.57096,43227.87,39685.023,0.1,0.1,1.0,9.12513,29.519999,80.19713,22.82,4.998551,1794.566,1955.438,2974913.2,2821345.0,44.899994,44.899994,73.0,1406.2201,297.88794,72
2026-03-14 16:00:00+00:00,149.0,32.478,20.727999,26.300917,36.15926,22.197903,28.920237,43289.195,40143.51,0.1,0.1,1.0,8.461915,23.4,96.42862,23.03,4.872946,1820.867,1984.3583,3018202.5,2861488.5,44.999992,44.999992,74.0,1429.2501,302.7609,73
2026-03-15 16:00:00+00:00,149.0,31.877998,21.528,26.586332,34.682144,24.009073,29.529547,43350.5,39636.46,0.3,0.3,3.0,6.7205353,19.44,105.06228,19.71,4.1775784,1847.4532,2013.8878,3061553.0,2901125.0,45.29999,45.29999,77.0,1448.9601,306.93848,74
2026-03-16 16:00:00+00:00,149.0,32.677998,22.377998,27.484247,35.6659,26.652704,30.979319,43411.73,40094.695,0.1,0.1,1.0,10.134495,30.599998,186.45544,20.88,4.7037926,1874.9375,2044.8672,3104964.8,2941219.8,45.39999,45.39999,78.0,1469.8401,311.64227,75
2026-03-17 16:00:00+00:00,149.0,33.677998,24.078,28.394669,36.280937,28.09505,31.33812,43472.855,40311.64,0.0,0.0,0.0,7.3447943,24.48,188.3467,21.56,4.9522123,1903.3322,2076.2053,3148437.5,2981531.5,45.39999,45.39999,78.0,1491.4001,316.59448,76
2026-03-18 16:00:00+00:00,149.0,34.478,22.528,28.425919,37.269222,25.376104,31.363234,43533.83,40528.59,0.0,0.0,0.0,7.6388745,24.84,198.02777,22.99,5.3175898,1931.758,2107.5686,3191971.2,3022060.0,45.39999,45.39999,78.0,1514.3901,321.91208,77
2026-03-19 16:00:00+00:00,149.0,35.028,22.877998,28.788416,37.918488,26.196514,31.45432,43594.613,40504.54,0.0,0.0,0.0,10.316686,31.319998,199.82886,23.73,5.6815486,1960.5465,2139.023,3235565.8,3062564.5,45.39999,45.39999,78.0,1538.1201,327.59363,78
2026-03-20 16:00:00+00:00,149.0,34.578,23.627998,28.634253,39.118805,27.498865,32.5692,43655.152,40480.746,0.1,0.1,1.0,9.914717,28.8,188.50526,22.63,5.145968,1989.1808,2171.592,3279221.0,3103045.2,45.49999,45.49999,79.0,1560.7501,332.7396,79
2026-03-21 16:00:00+00:00,149.0,34.728,24.028,29.038416,38.216724,28.5211,32.98233,43715.42,40698.34,0.0,0.0,0.0,12.081473,36.0,190.31717,22.06,5.273836,2018.2192,2204.5745,3322936.5,3143743.5,45.49999,45.49999,79.0,1582.8102,338.01343,80
2026-03-22 16:00:00+00:00,149.0,35.328,24.028,29.353003,37.72937,27.972313,32.506046,43775.375,41099.79,0.0,0.0,0.0,10.783486,32.399998,194.64433,24.57,5.847361,2047.5723,2237.0806,3366712.0,3184843.2,45.49999,45.49999,79.0,1607.3801,343.86078,81
2026-03-23 16:00:00+00:00,149.0,36.128,25.678,30.173834,38.75473,29.336746,33.143887,43835.37,41375.582,0.0,0.0,0.0,10.486448,32.760002,184.34863,25.15,6.1636333,2077.746,2270.2244,3410547.2,3226218.8,45.49999,45.49999,79.0,1632.5302,350.0244,82
2026-03-24 16:00:00+00:00,149.0,36.528,25.328,30.717588,40.17288,29.60601,34.199223,43895.582,41282.113,0.0,0.0,0.0,11.638917,34.56,188.3074,24.63,6.1905994,2108.4636,2304.4236,3454442.8,3267500.8,45.49999,45.49999,79.0,1657.1602,356.21503,83
2026-03-25 16:00:00+00:00,149.0,37.427998,26.428,31.400915,40.44944,31.19321,34.84243,43955.977,41735.434,0.0,0.0,0.0,10.185519,32.039997,191.23639,25.33,6.323053,2139.8645,2339.266,3498398.8,3309236.2,45.49999,45.49999,79.0,1682.4901,362.5381,84
2026-03-26 16:00:00+00:00,149.0,37.028,26.477999,31.250914,39.841824,30.794426,34.779366,44016.51,41788.574,0.2,0.2,1.0,12.984975,37.079998,192.73221,24.41,6.2713923,2171.1155,2374.0454,3542415.2,3351024.8,45.69999,45.69999,80.0,1706.9001,368.80948,85
2026-03-27 16:00:00+00:00,149.0,36.828,26.377998,30.98842,40.057205,31.174397,34.697933,44077.15,41918.867,0.1,0.1,1.0,12.5807,36.36,189.02379,24.61,6.2452226,2202.104,2408.7434,3586492.5,3392943.5,45.799988,45.799988,81.0,1731.5101,375.0547,86
2026-03-28 16:00:00+00:00,149.0,35.778,25.028,30.011335,39.496994,29.365341,33.830975,44137.848,41648.68,0.4,0.4,2.0,12.785069,35.64,194.50752,24.84,5.978025,2232.1152,2442.5745,3630630.2,3434592.2,46.19999,46.19999,83.0,1756.3501,381.0327,87
2026-03-29 16:00:00+00:00,149.0,35.778,24.178,29.775917,38.106262,27.888432,32.860783,44198.574,42268.96,0.0,0.0,0.0,11.712454,35.28,198.91371,24.52,6.043943,2261.891,2475.4353,3674828.8,3476861.2,46.19999,46.19999,83.0,1780.8701,387.07666,88
2026-03-30 16:00:00+00:00,149.0,36.328,24.377998,30.207169,39.30071,28.389729,33.27859,44259.285,42553.742,0.0,0.0,0.0,10.44,32.039997,199.5653,25.3,6.2228146,2292.0984,2508.7139,3719088.0,3519415.0,46.19999,46.19999,83.0,1806.1702,393.29947,89
2026-03-31 16:00:00+00:00,149.0,36.778,25.727999,30.796751,39.921146,28.87735,33.68887,44319.94,42597.184,0.0,0.0,0.0,9.290511,29.519999,185.53609,24.91,6.1959286,2322.895,2542.4028,3763408.0,3562012.2,46.19999,46.19999,83.0,1831.0802,399.4954,90
2026-04-01 16:00:00+00:00,149.0,37.278,25.377998,30.91342,40.295654,29.049484,34.19701,44380.508,42640.55,0.0,0.0,0.0,11.738705,34.2,190.90607,25.71,6.4851108,2353.8083,2576.5999,3807788.5,3604652.8,46.19999,46.19999,83.0,1856.7902,405.9805,91
2026-04-02 16:00:00+00:00,149.0,36.927998,24.977999,30.852997,39.568882,29.713951,34.01634,44440.94,42683.785,0.0,0.0,0.0,10.825469,35.28,199.39394,25.9,6.48278,2384.6614,2610.6162,3852229.5,3647336.5,46.19999,46.19999,83.0,1882.6902,412.4633,92
2026-04-03 16:00:00+00:00,149.0,36.427998,24.778,30.55925,40.42708,29.058147,33.941975,44501.195,42484.71,0.3,0.3,1.0,9.957108,31.68,201.04697,24.0,5.9686327,2415.2207,2644.558,3896730.8,3689821.2,46.49999,46.49999,84.0,1906.6902,418.43192,93
2026-04-04 16:00:00+00:00,149.0,36.378,24.578,30.309248,39.759487,28.20874,33.34407,44561.242,42769.406,0.0,0.0,0.0,11.778658,35.28,195.43916,24.79,6.24376,2445.53,2677.902,3941292.0,3732590.8,46.49999,46.49999,84.0,1931.4802,424.6757,94
2026-04-05 16:00:00+00:00,149.0,36.778,24.377998,30.375916,40.089607,28.28461,33.736446,44621.023,42569.203,0.0,0.0,0.0,11.583109,35.28,193.77277,25.88,6.356058,2475.906,2711.6384,3985913.0,3775160.0,46.49999,46.49999,84.0,1957.3602,431.03174,95
2026-04-06 16:00:00+00:00,149.0,36.728,25.078,30.757166,40.554794,28.761044,34.017944,44680.516,42853.297,0.0,0.0,0.0,12.456468,35.28,200.37952,25.73,6.5209303,2506.663,2745.6562,4030593.5,3818013.2,46.49999,46.49999,84.0,1983.0902,437.55267,96
2026-04-07 16:00:00+00:00,149.0,38.7895,27.1395,32.089504,42.915215,32.44682,36.321377,44736.195,43135.94,0.0,0.0,0.0,14.799459,29.88,204.01216,26.63,6.5668426,2538.7527,2781.9775,4075329.8,3861149.2,46.49999,46.49999,84.0,2009.7202,444.1195,97
2026-04-08 16:00:00+00:00,149.0,38.6395,25.839499,31.887419,42.720314,30.641193,35.454803,44794.785,42321.492,0.0,0.0,0.0,14.799459,31.319998,211.68124,26.44,6.5077186,2570.6401,2817.4324,4120124.5,3903470.8,46.49999,46.49999,84.0,2036.1602,450.62723,98
2026-04-09 16:00:00+00:00,149.0,39.0895,25.689499,31.872833,42.304672,29.798946,35.089436,44852.95,43216.105,0.0,0.0,0.0,14.264361,29.519999,210.2563,27.08,6.7132287,2602.513,2852.5217,4164977.5,3946686.8,46.49999,46.49999,84.0,2063.2402,457.34045,99
2026-04-10 16:00:00+00:00,149.0,38.2895,26.439499,32.127,41.640305,30.674496,35.49615,44910.645,42768.125,0.0,0.0,0.0,15.192682,33.12,217.48601,25.24,6.563086,2634.64,2888.0178,4209888.0,3989455.0,46.49999,46.49999,84.0,2088.4802,463.90353,100
2026-04-11 16:00:00+00:00,149.0,38.6395,27.089499,32.356167,42.791008,31.313461,36.188824,44967.836,43536.316,0.0,0.0,0.0,10.195057,22.319998,215.92856,27.08,6.467809,2666.996,2924.2065,4254856.0,4032991.2,46.49999,46.49999,84.0,2115.5603,470.37134,101
2026-04-12 16:00:00+00:00,149.0,38.7895,27.189499,32.231167,43.64847,31.71394,36.275562,45024.85,43329.996,0.0,0.0,0.0,12.738099,27.0,214.3888,26.91,6.551983,2699.2273,2960.4822,4299881.0,4076321.2,46.49999,46.49999,84.0,2142.4702,476.9233,102
2026-04-13 16:00:00+00:00,149.0,39.239502,27.2895,32.337418,42.973965,30.32476,36.105175,45081.867,43611.316,0.0,0.0,0.0,11.885453,25.199999,220.9349,27.2,6.6702104,2731.5647,2996.5874,4344963.0,4119932.5,46.49999,46.49999,84.0,2169.6702,483.5935,103
2026-04-14 16:00:00+00:00,149.0,38.989502,26.439499,31.620752,41.598515,29.666279,34.755894,45138.848,43648.617,0.0,0.0,0.0,14.113652,30.239998,218.60765,27.28,6.7311554,2763.1855,3031.3433,4390102.0,4163581.0,46.49999,46.49999,84.0,2196.9502,490.32465,104
2026-04-15 16:00:00+00:00,149.0,39.3895,24.939499,31.13117,41.896786,27.46421,33.416378,45195.742,43685.715,0.0,0.0,0.0,12.4811535,26.64,223.74788,27.77,6.730035,2794.3167,3064.7595,4435297.5,4207266.5,46.49999,46.49999,84.0,2224.7202,497.0547,105
2026-04-16 16:00:00+00:00,149.0,40.0395,22.7895,30.293665,43.084305,24.216063,32.581413,45252.51,44822.312,0.0,0.0,0.0,11.923557,25.56,231.98845,27.15,6.501928,2824.6104,3097.3408,4480550.0,4252089.0,46.49999,46.49999,84.0,2251.87,503.5566,106
2026-04-17 16:00:00+00:00,149.0,40.239502,24.689499,31.326998,43.466503,27.24967,34.39037,45309.12,44878.48,0.0,0.0,0.0,10.464797,23.759998,229.34094,26.74,6.4149466,2855.9373,3131.7312,4525859.0,4296967.5,46.49999,46.49999,84.0,2278.61,509.97156,107
2026-04-18 16:00:00+00:00,149.0,39.739502,26.439499,32.110332,44.55026,30.538746,36.2102,45365.523,44934.45,0.0,0.0,0.0,12.538134,26.64,218.07895,26.51,6.373653,2888.0476,3167.9414,4571224.5,4341902.0,46.49999,46.49999,84.0,2305.12,516.3452,108
2026-04-19 16:00:00+00:00,149.0,39.189503,26.589499,32.235336,43.383354,31.857895,36.527813,45421.68,44990.16,0.3,0.0,3.0,11.91812,26.28,202.3903,26.34,6.304117,2920.283,3204.4692,4616646.0,4386892.0,46.799988,46.49999,87.0,2331.4602,522.64935,109
2026-04-20 16:00:00+00:00,149.0,41.914497,27.202,33.66242,44.04548,30.939552,36.081455,45477.543,45042.586,0.0,0.0,0.0,11.681987,16.56,215.94724,27.27,7.1162443,2953.9453,3240.5508,4662123.5,4431934.5,46.799988,46.49999,87.0,2358.7302,529.7656,110
2026-04-21 16:00:00+00:00,149.0,42.414497,26.7145,33.747837,44.39354,27.820679,35.14828,45533.074,45100.457,0.0,0.0,0.0,10.990322,15.119999,219.55962,27.47,7.3930426,2987.693,3275.699,4707656.5,4477035.0,46.799988,46.49999,87.0,2386.2002,537.1587,111
2026-04-22 16:00:00+00:00,149.0,41.614502,29.0645,33.831165,43.25316,30.359432,35.36719,45588.23,45154.64,0.3,0.0,3.0,12.496718,15.4800005,231.68852,26.95,7.2381654,3021.5242,3311.0662,4753244.5,4522189.5,47.099987,46.49999,90.0,2413.1501,544.39685,112
2026-04-23 16:00:00+00:00,149.0,41.514503,26.2145,32.735332,43.115883,29.521496,35.39702,45642.957,45170.34,1.2,0.0,6.0,10.195057,28.44,217.48528,24.58,6.5016565,3054.2595,3346.4631,4798887.5,4567360.0,48.299988,46.49999,96.0,2437.7302,550.8985,113
2026-04-24 16:00:00+00:00,149.0,39.614502,23.6145,30.874916,42.862125,27.797382,34.146667,45697.22,45186.29,0.9,0.0,6.0,12.4811535,25.199999,201.15318,26.47,6.703613,3085.1345,3380.6099,4844584.5,4612546.5,49.19999,46.49999,102.0,2464.2002,557.6021,114
2026-04-25 16:00:00+00:00,149.0,40.664497,24.0145,31.195747,43.360863,27.915058,34.466175,45750.965,45202.49,1.5000002,0.0,9.0,12.879752,22.68,250.27753,27.18,6.854329,3116.3303,3415.076,4890335.5,4657749.0,50.69999,46.49999,111.0,2491.3801,564.4564,115
2026-04-26 16:00:00+00:00,149.0,38.5645,23.6645,30.095749,41.752537,28.37318,34.106857,45804.15,45218.96,8.1,5.7000003,9.0,12.24,34.56,214.54015,27.3,6.515081,3146.426,3449.1829,4936139.5,4702968.0,58.799988,52.19999,120.0,2518.6802,570.9715,116
2026-04-27 16:00:00+00:00,149.0,39.264503,26.1645,31.841585,42.37178,29.914356,34.78564,45856.72,45235.707,0.0,0.0,0.0,9.360001,25.199999,220.87663,27.71,6.7861695,3178.2676,3483.9685,4981996.0,4748203.5,58.799988,52.19999,120.0,2546.3901,577.7577,117
2026-04-28 16:00:00+00:00,149.0,,,,,,,45908.63,,,,0.0,,,,,,,,5027904.5,,,,120.0,,,118
